CREATE DATABASE  IF NOT EXISTS `sethyana_car_rental` /*!40100 DEFAULT CHARACTER SET utf8mb3 */ /*!80016 DEFAULT ENCRYPTION='N' */;
USE `sethyana_car_rental`;
-- MySQL dump 10.13  Distrib 8.0.32, for Win64 (x86_64)
--
-- Host: localhost    Database: sethyana_car_rental
-- ------------------------------------------------------
-- Server version	8.0.32

/*!40101 SET @OLD_CHARACTER_SET_CLIENT=@@CHARACTER_SET_CLIENT */;
/*!40101 SET @OLD_CHARACTER_SET_RESULTS=@@CHARACTER_SET_RESULTS */;
/*!40101 SET @OLD_COLLATION_CONNECTION=@@COLLATION_CONNECTION */;
/*!50503 SET NAMES utf8 */;
/*!40103 SET @OLD_TIME_ZONE=@@TIME_ZONE */;
/*!40103 SET TIME_ZONE='+00:00' */;
/*!40014 SET @OLD_UNIQUE_CHECKS=@@UNIQUE_CHECKS, UNIQUE_CHECKS=0 */;
/*!40014 SET @OLD_FOREIGN_KEY_CHECKS=@@FOREIGN_KEY_CHECKS, FOREIGN_KEY_CHECKS=0 */;
/*!40101 SET @OLD_SQL_MODE=@@SQL_MODE, SQL_MODE='NO_AUTO_VALUE_ON_ZERO' */;
/*!40111 SET @OLD_SQL_NOTES=@@SQL_NOTES, SQL_NOTES=0 */;

--
-- Table structure for table `activitylog`
--

DROP TABLE IF EXISTS `activitylog`;
/*!40101 SET @saved_cs_client     = @@character_set_client */;
/*!50503 SET character_set_client = utf8mb4 */;
CREATE TABLE `activitylog` (
  `id` int NOT NULL AUTO_INCREMENT,
  `dodate` datetime NOT NULL,
  `descriptin` text,
  `users_user_id` int NOT NULL,
  PRIMARY KEY (`id`),
  KEY `fk_activitylog_users1_idx` (`users_user_id`),
  CONSTRAINT `fk_activitylog_users1` FOREIGN KEY (`users_user_id`) REFERENCES `users` (`user_id`)
) ENGINE=InnoDB DEFAULT CHARSET=utf8mb3;
/*!40101 SET character_set_client = @saved_cs_client */;

--
-- Dumping data for table `activitylog`
--

LOCK TABLES `activitylog` WRITE;
/*!40000 ALTER TABLE `activitylog` DISABLE KEYS */;
/*!40000 ALTER TABLE `activitylog` ENABLE KEYS */;
UNLOCK TABLES;

--
-- Table structure for table `air_condition_type`
--

DROP TABLE IF EXISTS `air_condition_type`;
/*!40101 SET @saved_cs_client     = @@character_set_client */;
/*!50503 SET character_set_client = utf8mb4 */;
CREATE TABLE `air_condition_type` (
  `id` int NOT NULL AUTO_INCREMENT,
  `name` varchar(50) NOT NULL,
  PRIMARY KEY (`id`),
  UNIQUE KEY `name_UNIQUE` (`name`)
) ENGINE=InnoDB AUTO_INCREMENT=4 DEFAULT CHARSET=utf8mb3;
/*!40101 SET character_set_client = @saved_cs_client */;

--
-- Dumping data for table `air_condition_type`
--

LOCK TABLES `air_condition_type` WRITE;
/*!40000 ALTER TABLE `air_condition_type` DISABLE KEYS */;
INSERT INTO `air_condition_type` VALUES (1,'AC'),(3,'Dual AC'),(2,'Non AC');
/*!40000 ALTER TABLE `air_condition_type` ENABLE KEYS */;
UNLOCK TABLES;

--
-- Table structure for table `brand`
--

DROP TABLE IF EXISTS `brand`;
/*!40101 SET @saved_cs_client     = @@character_set_client */;
/*!50503 SET character_set_client = utf8mb4 */;
CREATE TABLE `brand` (
  `id` int NOT NULL AUTO_INCREMENT,
  `name` varchar(50) NOT NULL,
  PRIMARY KEY (`id`),
  UNIQUE KEY `name_UNIQUE` (`name`)
) ENGINE=InnoDB AUTO_INCREMENT=13 DEFAULT CHARSET=utf8mb3;
/*!40101 SET character_set_client = @saved_cs_client */;

--
-- Dumping data for table `brand`
--

LOCK TABLES `brand` WRITE;
/*!40000 ALTER TABLE `brand` DISABLE KEYS */;
INSERT INTO `brand` VALUES (10,'Audi'),(11,'BMW'),(4,'Honda'),(7,'Hyundai'),(8,'Kia'),(5,'Mazda'),(12,'Mercedes-Benz'),(9,'Micro'),(6,'Mitsubishi'),(3,'Nissan'),(2,'Suzuki'),(1,'Toyota');
/*!40000 ALTER TABLE `brand` ENABLE KEYS */;
UNLOCK TABLES;

--
-- Table structure for table `chauffeur_drive_reservation`
--

DROP TABLE IF EXISTS `chauffeur_drive_reservation`;
/*!40101 SET @saved_cs_client     = @@character_set_client */;
/*!50503 SET character_set_client = utf8mb4 */;
CREATE TABLE `chauffeur_drive_reservation` (
  `id` int NOT NULL AUTO_INCREMENT,
  `cd_reservation_code` char(10) NOT NULL,
  `expect_pick_up_datetime` datetime NOT NULL,
  `pick_up_location` text NOT NULL,
  `pick_up_charge` decimal(7,2) DEFAULT NULL,
  `expect_return_datetime` datetime NOT NULL,
  `drop_off_location` text NOT NULL,
  `stop_location_1` text,
  `stop_location_2` text,
  `stop_location_3` text,
  `driver_id` int NOT NULL,
  `vehicle_id` int NOT NULL,
  `package_id` int NOT NULL,
  `package_price` decimal(8,2) NOT NULL,
  `package_km` int NOT NULL,
  `package_duration_id` int NOT NULL,
  `additional_km_price` decimal(7,2) NOT NULL,
  `additional_hour_price` decimal(7,2) NOT NULL,
  `customer_id` int NOT NULL,
  `reservation_status_id` int NOT NULL,
  `added_date_time` datetime NOT NULL,
  `employee_id` int NOT NULL,
  `updated_date_time` datetime DEFAULT NULL,
  `updated_by` int DEFAULT NULL,
  `trip_notes` text,
  `pick_up_odometer` int DEFAULT NULL,
  `drop_off_odometer` int DEFAULT NULL,
  `trip_start_datetime` datetime DEFAULT NULL,
  `trip_end_datetime` datetime DEFAULT NULL,
  `final_trip_distance_km` int DEFAULT NULL,
  `final_trip_duration` int DEFAULT NULL,
  `additional_km` int DEFAULT NULL,
  `additional_duration` int DEFAULT NULL,
  `rental_amount` decimal(8,2) NOT NULL,
  `paid_amount` decimal(8,2) DEFAULT NULL,
  `due_balance` decimal(8,2) DEFAULT NULL,
  `payment_status_id` int NOT NULL,
  PRIMARY KEY (`id`),
  UNIQUE KEY `cd_reservation_code_UNIQUE` (`cd_reservation_code`),
  KEY `fk_chauffeur_drive_reservation_package1_idx` (`package_id`),
  KEY `fk_chauffeur_drive_reservation_customer1_idx` (`customer_id`),
  KEY `fk_chauffeur_drive_reservation_reservation_status1_idx` (`reservation_status_id`),
  KEY `fk_chauffeur_drive_reservation_employee1_idx` (`employee_id`),
  KEY `fk_chauffeur_drive_reservation_employee3_idx` (`updated_by`),
  KEY `fk_chauffeur_drive_reservation_package_duration1_idx` (`package_duration_id`),
  KEY `fk_chauffeur_drive_reservation_driver1_idx` (`driver_id`),
  KEY `fk_chauffeur_drive_reservation_payment_status1_idx` (`payment_status_id`),
  KEY `fk_chauffeur_drive_reservation_vehicle1_idx` (`vehicle_id`),
  CONSTRAINT `fk_chauffeur_drive_reservation_customer1` FOREIGN KEY (`customer_id`) REFERENCES `customer` (`id`),
  CONSTRAINT `fk_chauffeur_drive_reservation_driver1` FOREIGN KEY (`driver_id`) REFERENCES `driver` (`id`),
  CONSTRAINT `fk_chauffeur_drive_reservation_employee1` FOREIGN KEY (`employee_id`) REFERENCES `employee` (`id`),
  CONSTRAINT `fk_chauffeur_drive_reservation_employee3` FOREIGN KEY (`updated_by`) REFERENCES `employee` (`id`),
  CONSTRAINT `fk_chauffeur_drive_reservation_package1` FOREIGN KEY (`package_id`) REFERENCES `package` (`id`),
  CONSTRAINT `fk_chauffeur_drive_reservation_package_duration1` FOREIGN KEY (`package_duration_id`) REFERENCES `package_duration` (`id`),
  CONSTRAINT `fk_chauffeur_drive_reservation_payment_status1` FOREIGN KEY (`payment_status_id`) REFERENCES `payment_status` (`id`),
  CONSTRAINT `fk_chauffeur_drive_reservation_reservation_status1` FOREIGN KEY (`reservation_status_id`) REFERENCES `reservation_status` (`id`),
  CONSTRAINT `fk_chauffeur_drive_reservation_vehicle1` FOREIGN KEY (`vehicle_id`) REFERENCES `vehicle` (`id`)
) ENGINE=InnoDB AUTO_INCREMENT=38 DEFAULT CHARSET=utf8mb3;
/*!40101 SET character_set_client = @saved_cs_client */;

--
-- Dumping data for table `chauffeur_drive_reservation`
--

LOCK TABLES `chauffeur_drive_reservation` WRITE;
/*!40000 ALTER TABLE `chauffeur_drive_reservation` DISABLE KEYS */;
INSERT INTO `chauffeur_drive_reservation` VALUES (3,'CDR0000001','2022-05-06 10:27:00','Kaduwela',NULL,'2022-05-09 16:22:00','Borella',NULL,NULL,NULL,1,5,2,1400.00,30,3,47.00,240.00,1,6,'2021-12-23 12:00:00',1,NULL,NULL,'Select 2nd Route',NULL,NULL,NULL,NULL,NULL,NULL,NULL,NULL,0.00,NULL,NULL,1),(4,'CDR0000002','2022-05-26 01:00:00','Hanwellla',NULL,'2022-05-26 03:00:00','Rajagiriya',NULL,NULL,NULL,1,5,2,1400.00,40,3,47.00,240.00,11,3,'2022-01-05 12:00:00',1,NULL,NULL,'Select 2nd Route',14000,14100,'2022-06-14 17:31:00','2022-06-14 17:33:00',100,120000,60,NULL,4220.00,4220.00,0.00,3),(6,'CDR0000004','2022-05-06 10:27:00','Nugegoda',100.00,'2022-05-06 13:27:00','Homagama',NULL,NULL,NULL,1,5,2,1400.00,30,3,47.00,240.00,12,3,'2022-05-05 10:27:00',1,NULL,NULL,NULL,18000,18100,'2022-06-14 15:50:00','2022-06-14 15:50:00',100,0,70,NULL,4790.00,4790.00,0.00,3),(8,'CDR0000005','2022-05-08 14:12:00','Dematagoda',200.00,'2022-05-08 17:12:00','Moratuwa','Borella','Bambalapitiya',NULL,1,5,2,1400.00,30,3,47.00,240.00,121,3,'2022-05-05 14:12:00',1,NULL,NULL,'First Drop at Borella.\nSecond Drop at Bambalapitiya.',15000,15100,'2022-06-14 15:22:00','2022-06-14 15:22:00',100,0,70,NULL,4890.00,4890.00,0.00,3),(13,'CDR0000007','2022-05-26 14:38:00','Avissawella',NULL,'2022-05-26 17:38:00','Borella',NULL,NULL,NULL,2,5,2,1400.00,30,3,47.00,240.00,1,3,'2022-05-21 14:37:00',1,NULL,NULL,NULL,25000,25100,'2022-06-19 00:06:00','2022-06-19 00:06:00',100,0,70,NULL,1400.00,4690.00,0.00,3),(16,'CDR0000008','2022-05-23 22:12:00','Kaduwela',100.00,'2022-05-24 01:12:00','Borella',NULL,NULL,NULL,2,5,2,1400.00,30,3,47.00,240.00,11,3,'2022-05-22 22:11:00',1,NULL,NULL,NULL,20000,20100,'2022-06-17 22:15:00','2022-06-17 22:26:00',100,660000,70,NULL,4790.00,0.00,0.00,3),(17,'CDR0000009','2022-05-31 09:04:00','Kaduwela',NULL,'2022-05-31 12:04:00','Borella',NULL,NULL,NULL,2,5,2,1400.00,30,3,47.00,240.00,1,3,'2022-05-31 09:04:00',1,NULL,NULL,NULL,25000,25100,'2022-06-18 23:28:00','2022-06-18 23:28:00',100,0,70,NULL,4690.00,0.00,0.00,3),(18,'CDR0000010','2022-06-02 22:39:00','Kaduwela',NULL,'2022-06-03 01:39:00','Borella',NULL,NULL,NULL,2,3,15,2400.00,30,3,60.00,360.00,11,3,'2022-06-02 22:39:00',1,NULL,NULL,NULL,16000,16100,'2022-06-17 21:55:00','2022-06-17 21:55:00',100,0,70,NULL,6600.00,0.00,0.00,3),(19,'CDR0000011','2022-06-08 19:37:00','Kaduwela Bus Stop',100.00,'2022-06-08 22:37:00','Borella Hospital','Rajagiriya Post Office',NULL,NULL,1,5,2,1400.00,30,3,47.00,240.00,1,3,'2022-06-07 19:37:00',1,NULL,NULL,'Stop @ Rajagiriya',11000,11100,'2022-06-14 15:04:00','2022-06-14 15:04:00',100,0,70,NULL,4790.00,4790.00,0.00,3),(24,'CDR0000013','2022-06-18 10:09:00','Kaduwela',NULL,'2022-06-18 12:09:00','Borella',NULL,NULL,NULL,1,5,1,1250.00,20,2,47.00,240.00,12,3,'2022-06-17 10:09:00',1,NULL,NULL,NULL,34000,34100,'2023-11-05 12:47:00','2023-11-05 12:47:00',100,0,80,NULL,5010.00,5010.00,0.00,3),(25,'CDR0000014','2022-06-17 16:00:00','Avissawella',200.00,'2022-06-17 20:00:00','Borella','Kaduwella',NULL,NULL,1,5,16,1600.00,40,4,47.00,244.00,1,3,'2022-06-17 14:35:00',1,NULL,NULL,NULL,15000,15120,'2022-06-17 15:18:00','2022-06-17 15:19:00',120,60000,80,NULL,5560.00,0.00,0.00,3),(26,'CDR0000015','2022-06-18 21:24:00','Kaduwela',NULL,'2022-06-19 00:24:00','Borella',NULL,NULL,NULL,2,5,2,1400.00,30,3,47.00,240.00,12,3,'2022-06-17 21:24:00',1,NULL,NULL,NULL,16000,16100,'2022-06-17 21:33:00','2022-06-17 21:34:00',100,60000,70,NULL,4690.00,0.00,0.00,3),(27,'CDR0000016','2022-06-19 00:10:00','Kaduwela',NULL,'2022-06-19 02:10:00','Punchi Borella',NULL,NULL,NULL,2,5,1,1250.00,20,2,47.00,240.00,1,3,'2022-06-18 00:10:00',3,NULL,NULL,NULL,20000,21000,'2022-06-18 00:12:00','2022-06-18 00:12:00',1000,0,980,NULL,1250.00,0.00,0.00,3),(28,'CDR0000017','2022-06-20 12:42:00','Avissawella',200.00,'2022-06-20 15:42:00','Borella','Rajagiriya',NULL,NULL,2,5,2,1400.00,30,3,47.00,240.00,13,3,'2022-06-19 12:41:00',3,NULL,NULL,'Customer have multiple stops',25000,25100,'2022-06-19 12:57:00','2022-06-19 12:57:00',100,0,70,NULL,4890.00,4890.00,0.00,3),(29,'CDR0000018','2023-06-15 12:14:00','Avissawella',300.00,'2023-06-15 16:14:00','Nugegoda','Homagama','Kottawa',NULL,1,5,16,1600.00,40,4,47.00,244.00,11,3,'2023-06-14 12:14:00',1,NULL,NULL,NULL,30000,30100,'2023-06-14 12:20:00','2023-06-14 12:20:00',100,0,60,NULL,4720.00,4720.00,0.00,3),(30,'CDR0000019','2023-11-03 15:00:00','Thalduwa',NULL,'2023-11-03 20:00:00','Nugegoda','Suziko Kottawa',NULL,NULL,2,12,47,3100.00,50,5,75.00,400.00,126,3,'2023-11-03 13:22:00',2,NULL,NULL,NULL,39050,39100,'2023-11-03 13:32:00','2023-11-03 13:32:00',50,0,0,NULL,3100.00,3100.00,0.00,3),(31,'CDR0000020','2024-02-05 14:56:00','Eheliyagoda',250.00,'2024-02-06 00:56:00','Nugegoda','Kottawa',NULL,NULL,2,3,42,4100.00,100,10,60.00,360.00,12,3,'2024-02-04 23:56:00',2,NULL,NULL,NULL,17000,17150,'2024-02-05 00:19:00','2024-02-05 00:19:00',150,0,50,NULL,7350.00,7350.00,0.00,3),(32,'CDR0000021','2024-06-08 08:35:00','Avissawella',150.00,'2024-06-08 11:35:00','Nugegoda','Kottawa',NULL,NULL,3,8,2,1400.00,30,3,47.00,240.00,13,4,'2024-06-07 21:34:00',2,NULL,NULL,NULL,NULL,NULL,NULL,NULL,NULL,NULL,NULL,NULL,1550.00,NULL,NULL,1),(33,'CDR0000022','2024-06-08 14:25:00','Avissawella',NULL,'2024-06-08 17:25:00','Pettah',NULL,NULL,NULL,2,5,2,1400.00,30,3,47.00,240.00,126,2,'2024-06-08 12:23:00',2,NULL,NULL,NULL,NULL,NULL,NULL,NULL,NULL,NULL,NULL,NULL,1400.00,NULL,NULL,1),(34,'CDR0000023','2024-06-09 14:24:00','Avissawella',NULL,'2024-06-09 16:24:00','Nugegoda',NULL,NULL,NULL,2,1,38,1750.00,20,2,60.00,360.00,126,4,'2024-06-08 14:24:00',2,NULL,NULL,NULL,NULL,NULL,NULL,NULL,NULL,NULL,NULL,NULL,1750.00,NULL,NULL,1),(35,'CDR0000024','2024-06-16 14:55:00','Avissawella',NULL,'2024-06-16 22:55:00','Nugegoda',NULL,NULL,NULL,1,1,41,3750.00,80,8,60.00,360.00,124,2,'2024-06-16 11:51:00',2,NULL,NULL,NULL,NULL,NULL,NULL,NULL,NULL,NULL,NULL,NULL,3750.00,NULL,NULL,1),(36,'CDR0000025','2024-06-24 08:00:00','Avissawella',NULL,'2024-06-24 11:00:00','Nugegoda',NULL,NULL,NULL,3,10,32,950.00,30,3,37.00,200.00,127,3,'2024-06-23 19:56:00',2,NULL,NULL,NULL,38000,38060,'2024-06-23 20:39:00','2024-06-23 20:40:00',60,60000,30,NULL,2060.00,2060.00,0.00,3),(37,'CDR0000026','2025-08-15 08:39:00','Madola',150.00,'2025-08-15 10:39:00','Town Hall','Homagama',NULL,NULL,3,5,1,1250.00,20,2,47.00,240.00,12,3,'2025-08-14 20:39:00',2,NULL,NULL,NULL,51000,51100,'2025-08-14 20:57:00','2025-08-14 20:57:00',100,0,80,NULL,5160.00,5160.00,0.00,3);
/*!40000 ALTER TABLE `chauffeur_drive_reservation` ENABLE KEYS */;
UNLOCK TABLES;

--
-- Table structure for table `civilstatus`
--

DROP TABLE IF EXISTS `civilstatus`;
/*!40101 SET @saved_cs_client     = @@character_set_client */;
/*!50503 SET character_set_client = utf8mb4 */;
CREATE TABLE `civilstatus` (
  `id` int NOT NULL AUTO_INCREMENT,
  `name` varchar(100) DEFAULT NULL,
  PRIMARY KEY (`id`)
) ENGINE=InnoDB AUTO_INCREMENT=6 DEFAULT CHARSET=utf8mb3;
/*!40101 SET character_set_client = @saved_cs_client */;

--
-- Dumping data for table `civilstatus`
--

LOCK TABLES `civilstatus` WRITE;
/*!40000 ALTER TABLE `civilstatus` DISABLE KEYS */;
INSERT INTO `civilstatus` VALUES (1,'Married'),(5,'Not-Married');
/*!40000 ALTER TABLE `civilstatus` ENABLE KEYS */;
UNLOCK TABLES;

--
-- Table structure for table `color`
--

DROP TABLE IF EXISTS `color`;
/*!40101 SET @saved_cs_client     = @@character_set_client */;
/*!50503 SET character_set_client = utf8mb4 */;
CREATE TABLE `color` (
  `id` int NOT NULL AUTO_INCREMENT,
  `name` varchar(50) NOT NULL,
  `color_code` char(6) NOT NULL,
  PRIMARY KEY (`id`),
  UNIQUE KEY `name_UNIQUE` (`name`),
  UNIQUE KEY `color_code_UNIQUE` (`color_code`)
) ENGINE=InnoDB AUTO_INCREMENT=13 DEFAULT CHARSET=utf8mb3;
/*!40101 SET character_set_client = @saved_cs_client */;

--
-- Dumping data for table `color`
--

LOCK TABLES `color` WRITE;
/*!40000 ALTER TABLE `color` DISABLE KEYS */;
INSERT INTO `color` VALUES (1,'White','FFFFFF'),(2,'Black','000000'),(3,'Silver','C0C0C0'),(4,'Grey','808080'),(5,'Red','ff0000'),(6,'Blue','0000ff'),(7,'Brown','964B00'),(8,'Green','00F00'),(9,'Beige','F5F5DC'),(10,'Orange','FFA500'),(11,'Yellow','fdf210'),(12,'Purple','80080');
/*!40000 ALTER TABLE `color` ENABLE KEYS */;
UNLOCK TABLES;

--
-- Table structure for table `customer`
--

DROP TABLE IF EXISTS `customer`;
/*!40101 SET @saved_cs_client     = @@character_set_client */;
/*!50503 SET character_set_client = utf8mb4 */;
CREATE TABLE `customer` (
  `id` int NOT NULL AUTO_INCREMENT,
  `register_no` char(10) NOT NULL,
  `customer_type_id` int NOT NULL,
  `customer_status_id` int NOT NULL,
  `photo` mediumblob,
  `first_name` varchar(50) DEFAULT NULL,
  `last_name` varchar(50) DEFAULT NULL,
  `nic` char(12) DEFAULT NULL,
  `address` text,
  `phone` char(10) DEFAULT NULL,
  `email` varchar(100) DEFAULT NULL,
  `license_no` char(8) DEFAULT NULL,
  `license_exp_date` date DEFAULT NULL,
  `company_name` varchar(150) DEFAULT NULL,
  `company_address` text,
  `company_email` varchar(100) DEFAULT NULL,
  `company_phone` char(10) DEFAULT NULL,
  `contact_person_name` varchar(100) DEFAULT NULL,
  `contact_person_phone` char(10) DEFAULT NULL,
  `contact_person_nic` char(12) DEFAULT NULL,
  `added_date` date NOT NULL,
  `employee_id` int NOT NULL,
  `notes` text,
  `points` int DEFAULT NULL,
  PRIMARY KEY (`id`),
  UNIQUE KEY `register_no_UNIQUE` (`register_no`),
  UNIQUE KEY `nic_UNIQUE` (`nic`),
  UNIQUE KEY `email_UNIQUE` (`email`),
  UNIQUE KEY `license_no_UNIQUE` (`license_no`),
  UNIQUE KEY `company_name_UNIQUE` (`company_name`),
  KEY `fk_customer_customer_type1_idx` (`customer_type_id`),
  KEY `fk_customer_customer_status1_idx` (`customer_status_id`),
  KEY `fk_customer_employee1_idx` (`employee_id`),
  CONSTRAINT `fk_customer_customer_status1` FOREIGN KEY (`customer_status_id`) REFERENCES `customer_status` (`id`),
  CONSTRAINT `fk_customer_customer_type1` FOREIGN KEY (`customer_type_id`) REFERENCES `customer_type` (`id`),
  CONSTRAINT `fk_customer_employee1` FOREIGN KEY (`employee_id`) REFERENCES `employee` (`id`)
) ENGINE=InnoDB AUTO_INCREMENT=147 DEFAULT CHARSET=utf8mb3;
/*!40101 SET character_set_client = @saved_cs_client */;

--
-- Dumping data for table `customer`
--

LOCK TABLES `customer` WRITE;
/*!40000 ALTER TABLE `customer` DISABLE KEYS */;
INSERT INTO `customer` VALUES (1,'CUS0000001',1,1,NULL,'Rukshan','Ruchiraa','962452348V','2/A, 2nd Lane, Samagi Mawatha','0778719760','rukshan@gmail.com','98734678','2022-06-28',NULL,NULL,NULL,NULL,NULL,NULL,NULL,'2021-08-16',1,NULL,NULL),(7,'CUS0000002',2,3,NULL,'',NULL,'962457348V',NULL,'',NULL,NULL,NULL,'Banuka Enterprises','3/A, Rathnapura Road','banuka_enterprice@yahoo.com','0363222547','Chaminda','0778719763','865788856V','2021-08-26',1,'Owner Friend',NULL),(9,'CUS0000003',2,1,NULL,NULL,NULL,'662482348V',NULL,NULL,NULL,NULL,NULL,'Vishma Hardware','23B, Rathnapura Road','vishma@gmail.com','0363120444','Vishma','0778692821',NULL,'2021-08-27',1,NULL,NULL),(10,'CUS0000004',2,1,NULL,NULL,NULL,'762315238V',NULL,NULL,NULL,NULL,NULL,'Sobaa Communication','11/23, Yatiyanthota Road','soba_48@yahoo.com','0363300212','Janithh',NULL,NULL,'2021-08-27',1,'Regular Customer',NULL),(11,'CUS0000005',1,3,NULL,'Chaminda','Gamage','960701141V','22/A, 2nd Lane, Samagi Mawatha','0782312121','udarasampath@gmail.com','B2388392','2025-10-08',NULL,NULL,NULL,NULL,NULL,NULL,NULL,'2021-08-30',1,NULL,NULL),(12,'CUS0000006',1,1,NULL,'Uditha','Lakmal','560701125V','20/A, 2nd Lane','0782312132',NULL,'B8238839','2025-06-10',NULL,NULL,NULL,NULL,NULL,NULL,NULL,'2021-08-31',1,'',NULL),(13,'CUS0000007',1,1,NULL,'Viahaga','Gimahana','942452348V','3rd lane, samagi mawatha','0783993922','Viahaga@gmail.com',NULL,NULL,NULL,NULL,NULL,NULL,NULL,NULL,NULL,'2021-09-03',1,'',NULL),(14,'CUS0000008',1,1,NULL,'Deshan','Silva','912452348V','22/A, 2nd Lane, Nugegoda.','0782313233',NULL,NULL,NULL,NULL,NULL,NULL,NULL,NULL,NULL,NULL,'2021-09-18',1,NULL,NULL),(121,'CUS0000009',1,1,NULL,'Darshana','Pereraa','922429932V','No: 31/A, Sumithuru pedesa, Kottawa.','0782313223','darshana89@gmail.com','B8374825',NULL,NULL,NULL,NULL,NULL,NULL,NULL,NULL,'2022-04-30',1,NULL,NULL),(123,'CUS0000010',1,1,NULL,'Banuka','Ekanayake','849929923V','Nugegoda','0778839922','banuka84@gmail.com','B2991012',NULL,NULL,NULL,NULL,NULL,NULL,NULL,NULL,'2022-04-30',1,NULL,NULL),(124,'CUS0000011',1,1,NULL,'Ravidu','Ravishanka','939939991V','No: 23A, Kirulapana.','0719399392','ravidu93r@gmail.com','B2899300',NULL,NULL,NULL,NULL,NULL,NULL,NULL,NULL,'2022-04-30',1,NULL,NULL),(125,'CUS0000012',1,1,NULL,'Nuwan','Perera','883924703V','No: 35/B, Athurugiriya.','0719928294','nuwan88p@gmail.com','B8290133','2025-03-01',NULL,NULL,NULL,NULL,NULL,NULL,NULL,'2022-04-30',1,NULL,NULL),(126,'CUS0000013',1,3,NULL,'Kamal','Perera','938939923342','Homagama','0288388393','kamal89@gmail.com','B2889399','2025-06-26',NULL,NULL,NULL,NULL,NULL,NULL,NULL,'2022-05-03',1,NULL,NULL),(127,'CUS0000014',1,1,NULL,'Nimal','Gamage','939939933V','Nugegoda','0776366272','gamage89@gmail.com','B8920122','2025-10-03',NULL,NULL,NULL,NULL,NULL,NULL,NULL,'2022-05-03',1,NULL,NULL),(128,'CUS0000015',1,1,NULL,'Nisal','Priyantha','983993993V','Nugegoda','0399399333','nisal@gmail.com',NULL,NULL,NULL,NULL,NULL,NULL,NULL,NULL,NULL,'2022-05-07',1,NULL,NULL),(146,'CUS0000016',1,1,NULL,'Kasun','Sampath','923566858V','3/A, Honotion Place, Avissawella.','0715668564','kasun890@gmail.com',NULL,NULL,NULL,NULL,NULL,NULL,NULL,NULL,NULL,'2024-06-29',2,NULL,NULL);
/*!40000 ALTER TABLE `customer` ENABLE KEYS */;
UNLOCK TABLES;

--
-- Table structure for table `customer_payment`
--

DROP TABLE IF EXISTS `customer_payment`;
/*!40101 SET @saved_cs_client     = @@character_set_client */;
/*!50503 SET character_set_client = utf8mb4 */;
CREATE TABLE `customer_payment` (
  `id` int NOT NULL AUTO_INCREMENT,
  `invoice_number` char(10) NOT NULL,
  `reservation_type_id` int NOT NULL,
  `chauffeur_drive_reservation_id` int DEFAULT NULL,
  `self_drive_reservation_id` int DEFAULT NULL,
  `required_rental_period_charge` decimal(8,2) DEFAULT NULL,
  `required_additional_hour_charges_total` decimal(8,2) DEFAULT NULL,
  `rental_period_charge` decimal(8,2) DEFAULT NULL,
  `additional_hour_charges_total` decimal(8,2) DEFAULT NULL,
  `additional_km_charges_total` decimal(8,2) DEFAULT NULL,
  `pick_up_charge` decimal(7,2) DEFAULT NULL,
  `additional_charges` decimal(8,2) DEFAULT NULL,
  `fine` decimal(8,2) DEFAULT NULL,
  `sub_total` decimal(8,2) DEFAULT NULL,
  `discount` decimal(8,2) DEFAULT NULL,
  `discount_percentage` decimal(4,2) DEFAULT NULL,
  `total_payable` decimal(8,2) NOT NULL,
  `cash` decimal(8,2) NOT NULL,
  `change_amount` decimal(8,2) DEFAULT NULL,
  `paid` decimal(8,2) NOT NULL,
  `refund_due` decimal(8,2) DEFAULT NULL,
  `due_balance` decimal(8,2) DEFAULT NULL,
  `refundable_deposit_status_id` int DEFAULT NULL,
  `payment_status_id` int NOT NULL,
  `paid_date_time` datetime NOT NULL,
  `employee_id` int NOT NULL,
  PRIMARY KEY (`id`),
  UNIQUE KEY `bill_number_UNIQUE` (`invoice_number`),
  KEY `fk_Customer Payment_chauffeur_drive_reservation1_idx` (`chauffeur_drive_reservation_id`),
  KEY `fk_Customer Payment_payment_status1_idx` (`payment_status_id`),
  KEY `fk_Customer Payment_employee1_idx` (`employee_id`),
  KEY `fk_customer_payment_reservation_type1_idx` (`reservation_type_id`),
  KEY `fk_customer_payment_self_drive_reservation1_idx` (`self_drive_reservation_id`),
  KEY `fk_customer_payment_refundable_deposit_status1_idx` (`refundable_deposit_status_id`),
  CONSTRAINT `fk_Customer Payment_chauffeur_drive_reservation1` FOREIGN KEY (`chauffeur_drive_reservation_id`) REFERENCES `chauffeur_drive_reservation` (`id`),
  CONSTRAINT `fk_Customer Payment_employee1` FOREIGN KEY (`employee_id`) REFERENCES `employee` (`id`),
  CONSTRAINT `fk_Customer Payment_payment_status1` FOREIGN KEY (`payment_status_id`) REFERENCES `payment_status` (`id`),
  CONSTRAINT `fk_customer_payment_refundable_deposit_status1` FOREIGN KEY (`refundable_deposit_status_id`) REFERENCES `refundable_deposit_status` (`id`),
  CONSTRAINT `fk_customer_payment_reservation_type1` FOREIGN KEY (`reservation_type_id`) REFERENCES `reservation_type` (`id`),
  CONSTRAINT `fk_customer_payment_self_drive_reservation1` FOREIGN KEY (`self_drive_reservation_id`) REFERENCES `self_drive_reservation` (`id`)
) ENGINE=InnoDB AUTO_INCREMENT=102 DEFAULT CHARSET=utf8mb3;
/*!40101 SET character_set_client = @saved_cs_client */;

--
-- Dumping data for table `customer_payment`
--

LOCK TABLES `customer_payment` WRITE;
/*!40000 ALTER TABLE `customer_payment` DISABLE KEYS */;
INSERT INTO `customer_payment` VALUES (49,'PAY0000002',1,19,NULL,NULL,NULL,1400.00,0.00,3290.00,NULL,NULL,NULL,NULL,NULL,NULL,4790.00,5000.00,NULL,4790.00,NULL,0.00,NULL,3,'2022-06-14 15:04:00',1),(51,'PAY0000004',1,6,NULL,NULL,NULL,1400.00,0.00,3290.00,NULL,NULL,NULL,NULL,NULL,NULL,4790.00,5000.00,NULL,4790.00,NULL,0.00,NULL,4,'2022-06-14 15:54:00',1),(53,'PAY0000006',1,4,NULL,NULL,NULL,1400.00,0.00,2820.00,NULL,NULL,NULL,NULL,NULL,NULL,4220.00,5000.00,780.00,4220.00,NULL,0.00,NULL,3,'2022-06-14 17:34:00',1),(54,'PAY0000007',2,NULL,3,12000.00,5040.00,NULL,NULL,NULL,0.00,NULL,NULL,NULL,NULL,NULL,17040.00,9000.00,NULL,9000.00,NULL,8040.00,1,2,'2022-06-14 21:59:00',1),(56,'PAY0000009',1,25,NULL,NULL,NULL,1600.00,0.00,3760.00,200.00,NULL,NULL,NULL,NULL,NULL,5560.00,5600.00,40.00,0.00,NULL,0.00,NULL,4,'2022-06-17 15:20:00',1),(58,'PAY0000011',1,26,NULL,NULL,NULL,1400.00,0.00,3290.00,0.00,NULL,NULL,NULL,NULL,NULL,4690.00,5000.00,310.00,0.00,NULL,0.00,NULL,4,'2022-06-17 21:34:00',6),(59,'PAY0000012',1,18,NULL,NULL,NULL,2400.00,0.00,4200.00,0.00,NULL,NULL,NULL,NULL,NULL,6600.00,7000.00,400.00,0.00,NULL,0.00,NULL,4,'2022-06-17 21:56:00',6),(60,'PAY0000013',1,16,NULL,NULL,NULL,1400.00,0.00,3290.00,100.00,NULL,NULL,NULL,NULL,NULL,4790.00,5000.00,210.00,0.00,NULL,0.00,NULL,4,'2022-06-17 22:26:00',6),(61,'PAY0000014',1,27,NULL,NULL,NULL,1250.00,0.00,46060.00,0.00,NULL,NULL,NULL,NULL,NULL,47310.00,50000.00,2690.00,0.00,NULL,0.00,NULL,4,'2022-06-18 00:12:00',6),(63,'PAY0000016',1,17,NULL,NULL,NULL,1400.00,0.00,3290.00,0.00,NULL,NULL,NULL,NULL,NULL,4690.00,5000.00,310.00,0.00,NULL,0.00,NULL,4,'2022-06-18 23:28:00',6),(64,'PAY0000017',1,13,NULL,NULL,NULL,1400.00,0.00,3290.00,0.00,NULL,NULL,NULL,NULL,NULL,4690.00,5000.00,310.00,4690.00,NULL,0.00,NULL,4,'2022-06-19 00:06:00',6),(65,'PAY0000018',1,28,NULL,NULL,NULL,1400.00,0.00,3290.00,200.00,NULL,NULL,NULL,NULL,NULL,4890.00,5000.00,110.00,4890.00,NULL,0.00,NULL,4,'2022-06-19 12:58:00',6),(67,'PAY0000020',1,29,NULL,NULL,NULL,1600.00,0.00,2820.00,300.00,NULL,NULL,NULL,NULL,NULL,4720.00,5000.00,280.00,4720.00,NULL,0.00,NULL,4,'2023-06-14 12:21:00',5),(68,'PAY0000021',1,30,NULL,NULL,NULL,3100.00,0.00,0.00,0.00,NULL,NULL,NULL,NULL,NULL,3100.00,3500.00,400.00,3100.00,NULL,0.00,NULL,4,'2023-11-03 13:33:00',6),(69,'PAY0000022',2,NULL,7,9000.00,0.00,NULL,NULL,NULL,0.00,NULL,NULL,NULL,NULL,NULL,9000.00,10000.00,NULL,9000.00,NULL,0.00,1,2,'2023-11-03 13:42:00',2),(70,'PAY0000023',1,24,NULL,NULL,NULL,1250.00,0.00,3760.00,0.00,NULL,NULL,NULL,NULL,NULL,5010.00,5100.00,90.00,5010.00,NULL,0.00,NULL,4,'2023-11-05 12:48:00',5),(71,'PAY0000024',2,NULL,8,13500.00,0.00,NULL,NULL,NULL,0.00,NULL,NULL,NULL,NULL,NULL,13500.00,7000.00,NULL,7000.00,NULL,6500.00,1,2,'2023-11-06 16:51:00',2),(73,'PAY0000025',2,NULL,7,NULL,NULL,18000.00,8000.00,10000.00,100.00,NULL,NULL,36100.00,1000.00,2.77,26100.00,26500.00,400.00,26100.00,0.00,0.00,3,4,'2023-11-30 11:36:00',2),(74,'PAY0000026',2,NULL,8,NULL,NULL,90000.00,6800.00,0.00,0.00,NULL,NULL,96800.00,5000.00,5.17,84800.00,85000.00,200.00,84800.00,0.00,0.00,3,4,'2024-01-05 10:43:00',2),(75,'PAY0000027',2,NULL,3,NULL,NULL,33000.00,3960.00,720.00,0.00,NULL,NULL,37680.00,3768.00,10.00,24912.00,25000.00,88.00,24912.00,0.00,0.00,3,4,'2024-01-05 11:00:00',2),(76,'PAY0000028',2,NULL,10,15000.00,0.00,NULL,NULL,NULL,0.00,NULL,NULL,NULL,NULL,NULL,15000.00,7500.00,0.00,7500.00,NULL,7500.00,1,2,'2024-01-24 10:19:00',2),(77,'PAY0000029',2,NULL,10,NULL,NULL,9000.00,6120.00,4000.00,0.00,NULL,NULL,19120.00,1912.00,10.00,9708.00,9710.00,2.00,9708.00,0.00,0.00,3,4,'2024-01-24 10:32:00',2),(78,'PAY0000030',2,NULL,12,3000.00,0.00,NULL,NULL,NULL,0.00,NULL,NULL,NULL,NULL,NULL,3000.00,1500.00,0.00,1500.00,NULL,1500.00,1,2,'2024-01-25 10:04:00',2),(79,'PAY0000031',2,NULL,12,NULL,NULL,6000.00,4680.00,0.00,0.00,NULL,NULL,10680.00,0.00,0.00,9180.00,9500.00,320.00,9180.00,0.00,0.00,3,4,'2024-01-25 10:08:00',2),(80,'PAY0000032',2,NULL,13,3000.00,0.00,NULL,NULL,NULL,0.00,NULL,NULL,NULL,NULL,NULL,3000.00,1500.00,0.00,1500.00,NULL,1500.00,1,2,'2024-01-25 10:12:00',2),(81,'PAY0000033',2,NULL,13,NULL,NULL,3000.00,360.00,2000.00,0.00,NULL,NULL,5360.00,0.00,0.00,3860.00,4000.00,140.00,3860.00,0.00,0.00,3,4,'2024-01-25 10:13:00',2),(82,'PAY0000034',2,NULL,14,3000.00,0.00,NULL,NULL,NULL,0.00,NULL,NULL,NULL,NULL,NULL,3000.00,1500.00,0.00,1500.00,NULL,1500.00,1,2,'2024-01-25 10:16:00',2),(83,'PAY0000035',2,NULL,14,NULL,NULL,3000.00,0.00,0.00,0.00,NULL,NULL,3000.00,0.00,0.00,1500.00,1500.00,0.00,1500.00,0.00,0.00,3,4,'2024-01-25 10:20:00',2),(84,'PAY0000036',2,NULL,15,3000.00,0.00,NULL,NULL,NULL,0.00,NULL,NULL,NULL,NULL,NULL,3000.00,1500.00,0.00,1500.00,NULL,1500.00,1,2,'2024-01-25 10:30:00',2),(85,'PAY0000037',2,NULL,15,NULL,NULL,3000.00,360.00,0.00,0.00,NULL,NULL,3360.00,0.00,0.00,1860.00,2000.00,140.00,1860.00,0.00,0.00,3,4,'2024-01-25 10:41:00',2),(86,'PAY0000038',2,NULL,16,3000.00,0.00,NULL,NULL,NULL,0.00,NULL,NULL,NULL,NULL,NULL,3000.00,1500.00,0.00,1500.00,NULL,1500.00,1,2,'2024-01-26 15:16:00',2),(87,'PAY0000039',2,NULL,16,NULL,NULL,3000.00,0.00,0.00,0.00,NULL,NULL,3000.00,0.00,0.00,1500.00,1500.00,0.00,1500.00,0.00,0.00,3,4,'2024-01-26 15:56:00',2),(88,'PAY0000040',2,NULL,17,3000.00,0.00,NULL,NULL,NULL,0.00,NULL,NULL,NULL,NULL,NULL,3000.00,1500.00,0.00,1500.00,NULL,1500.00,1,2,'2024-01-26 18:26:00',2),(89,'PAY0000041',2,NULL,18,3000.00,0.00,NULL,NULL,NULL,0.00,NULL,NULL,NULL,NULL,NULL,3000.00,1500.00,0.00,1500.00,NULL,1500.00,1,2,'2024-01-29 08:08:00',2),(90,'PAY0000042',2,NULL,19,3000.00,0.00,NULL,NULL,NULL,0.00,NULL,NULL,NULL,NULL,NULL,3000.00,1500.00,0.00,1500.00,NULL,1500.00,1,2,'2024-01-29 14:52:00',2),(91,'PAY0000043',2,NULL,20,3000.00,0.00,NULL,NULL,NULL,0.00,NULL,NULL,NULL,NULL,NULL,3000.00,1500.00,0.00,1500.00,NULL,1500.00,1,2,'2024-02-02 22:36:00',2),(92,'PAY0000044',2,NULL,20,NULL,NULL,12000.00,2520.00,4000.00,0.00,NULL,NULL,18520.00,520.00,2.81,16500.00,17000.00,500.00,16500.00,0.00,0.00,3,4,'2024-02-02 22:37:00',2),(93,'PAY0000045',1,31,NULL,NULL,NULL,4100.00,0.00,3000.00,250.00,NULL,NULL,NULL,NULL,NULL,7350.00,7500.00,150.00,7350.00,NULL,0.00,NULL,4,'2024-02-05 00:27:00',6),(94,'PAY0000046',2,NULL,28,13500.00,0.00,NULL,NULL,NULL,0.00,NULL,NULL,NULL,NULL,NULL,13500.00,7000.00,0.00,7000.00,NULL,6500.00,1,2,'2024-06-22 11:32:00',2),(95,'PAY0000047',2,NULL,27,9000.00,0.00,NULL,NULL,NULL,300.00,NULL,NULL,NULL,NULL,NULL,9300.00,5000.00,0.00,5000.00,NULL,4300.00,1,2,'2024-06-22 12:46:00',2),(96,'PAY0000048',2,NULL,28,NULL,NULL,13500.00,9200.00,2500.00,0.00,NULL,NULL,25200.00,2016.00,8.00,16184.00,17000.00,816.00,16184.00,0.00,0.00,3,4,'2024-06-22 12:54:00',2),(97,'PAY0000049',2,NULL,27,NULL,NULL,9000.00,1600.00,0.00,300.00,NULL,NULL,10900.00,327.00,3.00,5573.00,6000.00,427.00,5573.00,0.00,0.00,3,4,'2024-06-22 12:57:00',2),(98,'PAY0000050',1,36,NULL,NULL,NULL,950.00,0.00,1110.00,0.00,NULL,NULL,NULL,NULL,NULL,2060.00,2500.00,440.00,2060.00,NULL,0.00,NULL,4,'2024-06-23 20:40:00',7),(99,'PAY0000051',2,NULL,29,3000.00,0.00,NULL,NULL,NULL,250.00,NULL,NULL,NULL,NULL,NULL,3250.00,2000.00,0.00,2000.00,NULL,1250.00,1,2,'2025-08-14 20:25:00',2),(100,'PAY0000052',2,NULL,29,NULL,NULL,3000.00,360.00,2000.00,250.00,NULL,NULL,5610.00,280.50,5.00,3329.50,4000.00,670.50,3329.50,0.00,0.00,3,4,'2025-08-14 20:32:00',2),(101,'PAY0000053',1,37,NULL,NULL,NULL,1250.00,0.00,3760.00,150.00,NULL,NULL,NULL,NULL,NULL,5160.00,5500.00,340.00,5160.00,NULL,0.00,NULL,4,'2025-08-14 20:58:00',7);
/*!40000 ALTER TABLE `customer_payment` ENABLE KEYS */;
UNLOCK TABLES;

--
-- Table structure for table `customer_status`
--

DROP TABLE IF EXISTS `customer_status`;
/*!40101 SET @saved_cs_client     = @@character_set_client */;
/*!50503 SET character_set_client = utf8mb4 */;
CREATE TABLE `customer_status` (
  `id` int NOT NULL AUTO_INCREMENT,
  `name` varchar(50) NOT NULL,
  PRIMARY KEY (`id`),
  UNIQUE KEY `name_UNIQUE` (`name`)
) ENGINE=InnoDB AUTO_INCREMENT=5 DEFAULT CHARSET=utf8mb3;
/*!40101 SET character_set_client = @saved_cs_client */;

--
-- Dumping data for table `customer_status`
--

LOCK TABLES `customer_status` WRITE;
/*!40000 ALTER TABLE `customer_status` DISABLE KEYS */;
INSERT INTO `customer_status` VALUES (1,'Available'),(4,'Blacklisted'),(3,'Deleted'),(2,'Not-Available');
/*!40000 ALTER TABLE `customer_status` ENABLE KEYS */;
UNLOCK TABLES;

--
-- Table structure for table `customer_type`
--

DROP TABLE IF EXISTS `customer_type`;
/*!40101 SET @saved_cs_client     = @@character_set_client */;
/*!50503 SET character_set_client = utf8mb4 */;
CREATE TABLE `customer_type` (
  `id` int NOT NULL AUTO_INCREMENT,
  `name` varchar(50) NOT NULL,
  PRIMARY KEY (`id`),
  UNIQUE KEY `name_UNIQUE` (`name`)
) ENGINE=InnoDB AUTO_INCREMENT=3 DEFAULT CHARSET=utf8mb3;
/*!40101 SET character_set_client = @saved_cs_client */;

--
-- Dumping data for table `customer_type`
--

LOCK TABLES `customer_type` WRITE;
/*!40000 ALTER TABLE `customer_type` DISABLE KEYS */;
INSERT INTO `customer_type` VALUES (2,'Company'),(1,'Individual');
/*!40000 ALTER TABLE `customer_type` ENABLE KEYS */;
UNLOCK TABLES;

--
-- Table structure for table `designation`
--

DROP TABLE IF EXISTS `designation`;
/*!40101 SET @saved_cs_client     = @@character_set_client */;
/*!50503 SET character_set_client = utf8mb4 */;
CREATE TABLE `designation` (
  `id` int NOT NULL AUTO_INCREMENT,
  `name` varchar(100) DEFAULT NULL,
  PRIMARY KEY (`id`)
) ENGINE=InnoDB AUTO_INCREMENT=5 DEFAULT CHARSET=utf8mb3;
/*!40101 SET character_set_client = @saved_cs_client */;

--
-- Dumping data for table `designation`
--

LOCK TABLES `designation` WRITE;
/*!40000 ALTER TABLE `designation` DISABLE KEYS */;
INSERT INTO `designation` VALUES (1,'Admin'),(2,'Manager'),(3,'Receptionist'),(4,'Driver');
/*!40000 ALTER TABLE `designation` ENABLE KEYS */;
UNLOCK TABLES;

--
-- Table structure for table `driver`
--

DROP TABLE IF EXISTS `driver`;
/*!40101 SET @saved_cs_client     = @@character_set_client */;
/*!50503 SET character_set_client = utf8mb4 */;
CREATE TABLE `driver` (
  `id` int NOT NULL AUTO_INCREMENT,
  `employee_id` int NOT NULL,
  `full_name` varchar(75) NOT NULL,
  `calling_name` varchar(50) NOT NULL,
  `driving_license` varchar(8) NOT NULL,
  `license_exp_date` date NOT NULL,
  `level` int NOT NULL,
  `driver_status_id` int NOT NULL,
  `drove_trip_km` int DEFAULT NULL,
  PRIMARY KEY (`id`),
  KEY `fk_driver_employee1_idx` (`employee_id`),
  KEY `fk_driver_driver_status1_idx` (`driver_status_id`),
  CONSTRAINT `fk_driver_driver_status1` FOREIGN KEY (`driver_status_id`) REFERENCES `driver_status` (`id`),
  CONSTRAINT `fk_driver_employee1` FOREIGN KEY (`employee_id`) REFERENCES `employee` (`id`)
) ENGINE=InnoDB AUTO_INCREMENT=4 DEFAULT CHARSET=utf8mb3;
/*!40101 SET character_set_client = @saved_cs_client */;

--
-- Dumping data for table `driver`
--

LOCK TABLES `driver` WRITE;
/*!40000 ALTER TABLE `driver` DISABLE KEYS */;
INSERT INTO `driver` VALUES (1,5,'Prasanna Arachchige Sampath Ekanayake','Sampath Ekanayake','B2938456','2026-10-10',3,1,2940),(2,6,'Hemarathna Mudiyanselage Chaminda Perera','Chaminda Perera','B9324942','2024-05-10',3,1,1800),(3,7,'Karunarathnalage Sameera Madushan','Sameera Madushan','B9924242','2025-05-10',2,1,160);
/*!40000 ALTER TABLE `driver` ENABLE KEYS */;
UNLOCK TABLES;

--
-- Table structure for table `driver_status`
--

DROP TABLE IF EXISTS `driver_status`;
/*!40101 SET @saved_cs_client     = @@character_set_client */;
/*!50503 SET character_set_client = utf8mb4 */;
CREATE TABLE `driver_status` (
  `id` int NOT NULL AUTO_INCREMENT,
  `name` varchar(50) NOT NULL,
  PRIMARY KEY (`id`),
  UNIQUE KEY `name_UNIQUE` (`name`)
) ENGINE=InnoDB AUTO_INCREMENT=3 DEFAULT CHARSET=utf8mb3;
/*!40101 SET character_set_client = @saved_cs_client */;

--
-- Dumping data for table `driver_status`
--

LOCK TABLES `driver_status` WRITE;
/*!40000 ALTER TABLE `driver_status` DISABLE KEYS */;
INSERT INTO `driver_status` VALUES (1,'Available'),(2,'Occupied');
/*!40000 ALTER TABLE `driver_status` ENABLE KEYS */;
UNLOCK TABLES;

--
-- Table structure for table `employee`
--

DROP TABLE IF EXISTS `employee`;
/*!40101 SET @saved_cs_client     = @@character_set_client */;
/*!50503 SET character_set_client = utf8mb4 */;
CREATE TABLE `employee` (
  `id` int NOT NULL AUTO_INCREMENT,
  `number` char(10) NOT NULL,
  `fullname` varchar(225) NOT NULL,
  `callingname` varchar(100) NOT NULL,
  `photo` mediumblob,
  `dobirth` date DEFAULT NULL,
  `nic` char(12) NOT NULL,
  `address` text,
  `mobile` char(10) DEFAULT NULL,
  `land` char(10) DEFAULT NULL,
  `description` text,
  `doassignment` date DEFAULT NULL,
  `employeestatus_id` int NOT NULL,
  `civilstatus_id` int NOT NULL,
  `designation_id` int NOT NULL,
  `gender_id` int NOT NULL,
  PRIMARY KEY (`id`),
  UNIQUE KEY `number_UNIQUE` (`number`),
  UNIQUE KEY `nic_UNIQUE` (`nic`),
  KEY `fk_employee_employeestatus1_idx` (`employeestatus_id`),
  KEY `fk_employee_civilstatus1_idx` (`civilstatus_id`),
  KEY `fk_employee_designation1_idx` (`designation_id`),
  KEY `fk_employee_gender1_idx` (`gender_id`),
  CONSTRAINT `fk_employee_civilstatus1` FOREIGN KEY (`civilstatus_id`) REFERENCES `civilstatus` (`id`),
  CONSTRAINT `fk_employee_designation1` FOREIGN KEY (`designation_id`) REFERENCES `designation` (`id`),
  CONSTRAINT `fk_employee_employeestatus1` FOREIGN KEY (`employeestatus_id`) REFERENCES `employeestatus` (`id`),
  CONSTRAINT `fk_employee_gender1` FOREIGN KEY (`gender_id`) REFERENCES `gender` (`id`)
) ENGINE=InnoDB AUTO_INCREMENT=22 DEFAULT CHARSET=utf8mb3;
/*!40101 SET character_set_client = @saved_cs_client */;

--
-- Dumping data for table `employee`
--

LOCK TABLES `employee` WRITE;
/*!40000 ALTER TABLE `employee` DISABLE KEYS */;
INSERT INTO `employee` VALUES (1,'EMP0000001','Randula Tharaka Mahanama','Admin',NULL,'1995-03-11','950701143V','No: 45/57, Samagi Mawatha, Avissawella.','0778719760',NULL,NULL,'2021-08-03',1,5,1,1),(2,'EMP0000002','Arachchi Patabadige Chamal Wijerathna','Chamal Wijerathna',NULL,'1985-03-19','850781243V','No: 3/A, 3rd Street, Yatiyanthota Road, Avissawella','0755570571',NULL,NULL,'2021-08-15',1,1,2,1),(3,'EMP0000003','Herath Mudiyanselage Nipuni Wathsala','Nipuni Wathsala',NULL,'1992-11-02','928075568V','No: 45/8, Kudagama Road, Avissawella.','0715692258',NULL,NULL,'2021-10-16',1,5,3,2),(4,'EMP0000004','Vidana Gamage Hasitha Wijesinha','Hasitha Wijesinha',NULL,'1991-09-02','912452348V','No: 32/1 Kalaniweli Road, Avissawella.','0775565682',NULL,NULL,'2021-06-16',1,5,3,1),(5,'EMP0000005','Prasanna Arachchige Sampath Ekanayake','Sampath Ekanayake',NULL,'1979-02-14','790456105V','No: 2/45, Manikkawaththa Road, Avissawella.','0719885512',NULL,NULL,'2022-01-04',1,1,4,1),(6,'EMP0000006','Hemarathna Mudiyanselage Chaminda Perera','Chaminda Perera',NULL,'1982-09-15','822586714V','No: 24/A, Kiriwandala Road, Puwakpitiya.','0756692354',NULL,NULL,'2022-02-01',1,1,4,1),(7,'EMP0000007','Karunarathnalage Sameera Madushan','Sameera Madushan',NULL,'1986-09-12','862554525V','No: 66/7, 2nd Street, Yatiyanthota Road, Avissawella.','0786622485',NULL,NULL,'2022-02-02',1,1,4,1);
/*!40000 ALTER TABLE `employee` ENABLE KEYS */;
UNLOCK TABLES;

--
-- Table structure for table `employeestatus`
--

DROP TABLE IF EXISTS `employeestatus`;
/*!40101 SET @saved_cs_client     = @@character_set_client */;
/*!50503 SET character_set_client = utf8mb4 */;
CREATE TABLE `employeestatus` (
  `id` int NOT NULL AUTO_INCREMENT,
  `name` varchar(100) DEFAULT NULL,
  PRIMARY KEY (`id`)
) ENGINE=InnoDB AUTO_INCREMENT=4 DEFAULT CHARSET=utf8mb3;
/*!40101 SET character_set_client = @saved_cs_client */;

--
-- Dumping data for table `employeestatus`
--

LOCK TABLES `employeestatus` WRITE;
/*!40000 ALTER TABLE `employeestatus` DISABLE KEYS */;
INSERT INTO `employeestatus` VALUES (1,'Working'),(2,'Resign'),(3,'Deleted');
/*!40000 ALTER TABLE `employeestatus` ENABLE KEYS */;
UNLOCK TABLES;

--
-- Table structure for table `fuel_type`
--

DROP TABLE IF EXISTS `fuel_type`;
/*!40101 SET @saved_cs_client     = @@character_set_client */;
/*!50503 SET character_set_client = utf8mb4 */;
CREATE TABLE `fuel_type` (
  `id` int NOT NULL AUTO_INCREMENT,
  `name` varchar(50) NOT NULL,
  PRIMARY KEY (`id`),
  UNIQUE KEY `name_UNIQUE` (`name`)
) ENGINE=InnoDB AUTO_INCREMENT=6 DEFAULT CHARSET=utf8mb3;
/*!40101 SET character_set_client = @saved_cs_client */;

--
-- Dumping data for table `fuel_type`
--

LOCK TABLES `fuel_type` WRITE;
/*!40000 ALTER TABLE `fuel_type` DISABLE KEYS */;
INSERT INTO `fuel_type` VALUES (2,'Diesel'),(4,'Electric'),(5,'Gas'),(3,'Hybrid'),(1,'Petrol');
/*!40000 ALTER TABLE `fuel_type` ENABLE KEYS */;
UNLOCK TABLES;

--
-- Table structure for table `gender`
--

DROP TABLE IF EXISTS `gender`;
/*!40101 SET @saved_cs_client     = @@character_set_client */;
/*!50503 SET character_set_client = utf8mb4 */;
CREATE TABLE `gender` (
  `id` int NOT NULL AUTO_INCREMENT,
  `name` varchar(100) DEFAULT NULL,
  PRIMARY KEY (`id`)
) ENGINE=InnoDB AUTO_INCREMENT=3 DEFAULT CHARSET=utf8mb3;
/*!40101 SET character_set_client = @saved_cs_client */;

--
-- Dumping data for table `gender`
--

LOCK TABLES `gender` WRITE;
/*!40000 ALTER TABLE `gender` DISABLE KEYS */;
INSERT INTO `gender` VALUES (1,'Male'),(2,'Female');
/*!40000 ALTER TABLE `gender` ENABLE KEYS */;
UNLOCK TABLES;

--
-- Table structure for table `hibernate_sequence`
--

DROP TABLE IF EXISTS `hibernate_sequence`;
/*!40101 SET @saved_cs_client     = @@character_set_client */;
/*!50503 SET character_set_client = utf8mb4 */;
CREATE TABLE `hibernate_sequence` (
  `next_val` bigint DEFAULT NULL
) ENGINE=InnoDB DEFAULT CHARSET=utf8mb3;
/*!40101 SET character_set_client = @saved_cs_client */;

--
-- Dumping data for table `hibernate_sequence`
--

LOCK TABLES `hibernate_sequence` WRITE;
/*!40000 ALTER TABLE `hibernate_sequence` DISABLE KEYS */;
INSERT INTO `hibernate_sequence` VALUES (8),(8);
/*!40000 ALTER TABLE `hibernate_sequence` ENABLE KEYS */;
UNLOCK TABLES;

--
-- Table structure for table `model`
--

DROP TABLE IF EXISTS `model`;
/*!40101 SET @saved_cs_client     = @@character_set_client */;
/*!50503 SET character_set_client = utf8mb4 */;
CREATE TABLE `model` (
  `id` int NOT NULL AUTO_INCREMENT,
  `name` varchar(50) NOT NULL,
  `brand_id` int NOT NULL,
  `vehicle_type_id` int NOT NULL,
  PRIMARY KEY (`id`),
  KEY `fk_model_brand1_idx` (`brand_id`),
  KEY `fk_model_vehicle_type1_idx` (`vehicle_type_id`),
  CONSTRAINT `fk_model_brand1` FOREIGN KEY (`brand_id`) REFERENCES `brand` (`id`),
  CONSTRAINT `fk_model_vehicle_type1` FOREIGN KEY (`vehicle_type_id`) REFERENCES `vehicle_type` (`id`)
) ENGINE=InnoDB AUTO_INCREMENT=17 DEFAULT CHARSET=utf8mb3;
/*!40101 SET character_set_client = @saved_cs_client */;

--
-- Dumping data for table `model`
--

LOCK TABLES `model` WRITE;
/*!40000 ALTER TABLE `model` DISABLE KEYS */;
INSERT INTO `model` VALUES (1,'Wagon R 2015',2,1),(2,'Vitz 2018',1,1),(3,'Montero 2014',6,4),(4,'Fit 2012',4,1),(5,'Prius 2015',1,2),(6,'Corolla 2018',1,2),(7,'Civic 2017',4,2),(8,'Prado 2014',1,4),(10,'Alto 2016',2,1),(11,'Aqua 2016',1,1),(12,'Vezel 2016',4,3),(13,'Tucson 2016',7,3),(14,'Eon 2016',7,1),(15,'Hiace 2012',1,5),(16,'Fuso Rosa 2010',6,5);
/*!40000 ALTER TABLE `model` ENABLE KEYS */;
UNLOCK TABLES;

--
-- Table structure for table `model_has_color`
--

DROP TABLE IF EXISTS `model_has_color`;
/*!40101 SET @saved_cs_client     = @@character_set_client */;
/*!50503 SET character_set_client = utf8mb4 */;
CREATE TABLE `model_has_color` (
  `id` int NOT NULL AUTO_INCREMENT,
  `model_id` int NOT NULL,
  `color_id` int NOT NULL,
  PRIMARY KEY (`id`),
  KEY `fk_model_has_color_color1_idx` (`color_id`),
  KEY `fk_model_has_color_model1_idx` (`model_id`),
  CONSTRAINT `fk_model_has_color_color1` FOREIGN KEY (`color_id`) REFERENCES `color` (`id`),
  CONSTRAINT `fk_model_has_color_model1` FOREIGN KEY (`model_id`) REFERENCES `model` (`id`)
) ENGINE=InnoDB DEFAULT CHARSET=utf8mb3;
/*!40101 SET character_set_client = @saved_cs_client */;

--
-- Dumping data for table `model_has_color`
--

LOCK TABLES `model_has_color` WRITE;
/*!40000 ALTER TABLE `model_has_color` DISABLE KEYS */;
/*!40000 ALTER TABLE `model_has_color` ENABLE KEYS */;
UNLOCK TABLES;

--
-- Table structure for table `module`
--

DROP TABLE IF EXISTS `module`;
/*!40101 SET @saved_cs_client     = @@character_set_client */;
/*!50503 SET character_set_client = utf8mb4 */;
CREATE TABLE `module` (
  `id` int NOT NULL AUTO_INCREMENT,
  `name` varchar(45) DEFAULT NULL,
  PRIMARY KEY (`id`)
) ENGINE=InnoDB AUTO_INCREMENT=15 DEFAULT CHARSET=utf8mb3;
/*!40101 SET character_set_client = @saved_cs_client */;

--
-- Dumping data for table `module`
--

LOCK TABLES `module` WRITE;
/*!40000 ALTER TABLE `module` DISABLE KEYS */;
INSERT INTO `module` VALUES (1,'EMPLOYEE'),(2,'USER'),(3,'PRIVILEGE'),(4,'CUSTOMER'),(5,'VEHICLE'),(6,'PACKAGE'),(7,'DRIVER'),(8,'DRIVERPORTAL'),(9,'CDRESERVATION'),(10,'SDRESERVATION'),(11,'CUSTOMERPAYMENT'),(12,'REPORTS'),(13,'NOTIFICATION');
/*!40000 ALTER TABLE `module` ENABLE KEYS */;
UNLOCK TABLES;

--
-- Table structure for table `owner_type`
--

DROP TABLE IF EXISTS `owner_type`;
/*!40101 SET @saved_cs_client     = @@character_set_client */;
/*!50503 SET character_set_client = utf8mb4 */;
CREATE TABLE `owner_type` (
  `id` int NOT NULL AUTO_INCREMENT,
  `name` varchar(50) NOT NULL,
  PRIMARY KEY (`id`),
  UNIQUE KEY `name_UNIQUE` (`name`)
) ENGINE=InnoDB AUTO_INCREMENT=3 DEFAULT CHARSET=utf8mb3;
/*!40101 SET character_set_client = @saved_cs_client */;

--
-- Dumping data for table `owner_type`
--

LOCK TABLES `owner_type` WRITE;
/*!40000 ALTER TABLE `owner_type` DISABLE KEYS */;
INSERT INTO `owner_type` VALUES (1,'Company'),(2,'Outside');
/*!40000 ALTER TABLE `owner_type` ENABLE KEYS */;
UNLOCK TABLES;

--
-- Table structure for table `package`
--

DROP TABLE IF EXISTS `package`;
/*!40101 SET @saved_cs_client     = @@character_set_client */;
/*!50503 SET character_set_client = utf8mb4 */;
CREATE TABLE `package` (
  `id` int NOT NULL AUTO_INCREMENT,
  `package_code` char(10) NOT NULL,
  `package_type_id` int NOT NULL,
  `package_category_id` int NOT NULL,
  `air_condition_type_id` int NOT NULL,
  `passenger_seats_count` int NOT NULL,
  `package_km` int NOT NULL,
  `package_duration_id` int NOT NULL,
  `package_price` decimal(8,2) NOT NULL,
  `refundable_deposit` decimal(8,2) DEFAULT NULL,
  `price_per_additional_km` decimal(7,2) NOT NULL,
  `price_per_additional_hour` decimal(7,2) DEFAULT NULL,
  `package_name` varchar(75) NOT NULL,
  `package_status_id` int NOT NULL,
  `description` text,
  `added_date` date NOT NULL,
  `employee_id` int NOT NULL,
  PRIMARY KEY (`id`),
  UNIQUE KEY `package_code_UNIQUE` (`package_code`),
  KEY `fk_package_package_category1_idx` (`package_category_id`),
  KEY `fk_package_package_status1_idx` (`package_status_id`),
  KEY `fk_package_employee1_idx` (`employee_id`),
  KEY `fk_package_air_condition_type1_idx` (`air_condition_type_id`),
  KEY `fk_package_package_type1_idx` (`package_type_id`),
  KEY `fk_package_package_duration1_idx` (`package_duration_id`),
  CONSTRAINT `fk_package_air_condition_type1` FOREIGN KEY (`air_condition_type_id`) REFERENCES `air_condition_type` (`id`),
  CONSTRAINT `fk_package_employee1` FOREIGN KEY (`employee_id`) REFERENCES `employee` (`id`),
  CONSTRAINT `fk_package_package_category1` FOREIGN KEY (`package_category_id`) REFERENCES `package_category` (`id`),
  CONSTRAINT `fk_package_package_duration1` FOREIGN KEY (`package_duration_id`) REFERENCES `package_duration` (`id`),
  CONSTRAINT `fk_package_package_status1` FOREIGN KEY (`package_status_id`) REFERENCES `package_status` (`id`),
  CONSTRAINT `fk_package_package_type1` FOREIGN KEY (`package_type_id`) REFERENCES `package_type` (`id`)
) ENGINE=InnoDB AUTO_INCREMENT=61 DEFAULT CHARSET=utf8mb3;
/*!40101 SET character_set_client = @saved_cs_client */;

--
-- Dumping data for table `package`
--

LOCK TABLES `package` WRITE;
/*!40000 ALTER TABLE `package` DISABLE KEYS */;
INSERT INTO `package` VALUES (1,'PKG0000001',2,2,1,4,20,2,1250.00,NULL,47.00,240.00,'City Hatchback 2Hour 20Km ',1,NULL,'2021-11-19',1),(2,'PKG0000002',2,2,1,4,30,3,1400.00,NULL,47.00,240.00,'City Hatchback 3Hour 30Km',1,NULL,'2021-11-19',1),(4,'PKG0000004',2,2,1,4,50,5,1750.00,NULL,47.00,240.00,'City Hatchback 5Hour 50Km ',1,NULL,'2021-11-19',1),(13,'PKG0000005',1,2,1,4,100,13,3000.00,20000.00,40.00,360.00,'City Hatchback 1Day 100Km',1,NULL,'2021-11-19',1),(15,'PKG0000006',2,3,1,4,30,3,2400.00,NULL,60.00,360.00,'Sedan 30Km 3Hour',1,NULL,'2021-11-19',1),(16,'PKG0000007',2,2,1,4,40,4,1600.00,NULL,47.00,244.00,'City Hatchback 4Hour 40Km ',1,NULL,'2021-11-19',1),(17,'PKG0000008',2,5,1,6,30,3,3250.00,NULL,90.00,500.00,'Luxury 3Hour 30Km ',1,NULL,'2021-11-19',1),(18,'PKG0000009',1,2,1,4,200,13,5500.00,20000.00,40.00,360.00,'City Hatchback 1Day 200Km',1,NULL,'2022-05-30',1),(19,'PKG0000010',1,3,1,4,100,13,4500.00,25000.00,50.00,400.00,'Sedan 1Day 100Km',1,NULL,'2022-05-30',1),(20,'PKG0000011',1,5,1,6,100,13,8000.00,30000.00,60.00,500.00,'Luxury 1Day 100Km',1,NULL,'2022-05-30',1),(21,'PKG0000012',2,2,1,4,100,10,2650.00,NULL,47.00,240.00,'City Hatchback 10Hour 100Km',1,NULL,'2022-06-12',1),(23,'PKG0000013',2,2,1,4,80,8,2300.00,NULL,47.00,240.00,'City Hatchback 8Hour 80Km',1,NULL,'2023-09-14',2),(24,'PKG0000014',2,2,1,4,120,12,3000.00,NULL,47.00,240.00,'City Hatchback 12Hour 120Km',1,NULL,'2023-09-14',2),(25,'PKG0000015',1,1,1,4,100,13,2000.00,15000.00,35.00,NULL,'Budget 1Day 100Km',1,NULL,'2023-10-30',2),(26,'PKG0000016',1,1,1,4,200,13,3500.00,15000.00,35.00,NULL,'Budget 1Day 200Km',1,NULL,'2023-11-01',2),(27,'PKG0000017',1,3,1,4,200,13,8500.00,25000.00,50.00,NULL,'Sedan 1Day 200Km',1,NULL,'2023-11-01',2),(28,'PKG0000018',1,4,1,4,100,13,6000.00,27500.00,55.00,NULL,'SUV / 4x4 1Day 100Km',1,NULL,'2023-11-01',2),(29,'PKG0000019',1,4,1,4,200,13,11500.00,27500.00,55.00,NULL,'SUV / 4x4 1Day 200Km',1,NULL,'2023-11-01',2),(30,'PKG0000020',1,5,1,6,175,13,14500.00,30000.00,60.00,NULL,'Luxury 1Day 175Km',1,NULL,'2023-11-01',2),(31,'PKG0000021',2,1,1,4,20,2,800.00,NULL,37.00,200.00,'Budget 2Hour 20Km',1,NULL,'2023-11-01',2),(32,'PKG0000022',2,1,1,4,30,3,950.00,NULL,37.00,200.00,'Budget 3Hour 30Km',1,NULL,'2023-11-01',2),(33,'PKG0000023',2,1,1,4,40,4,1100.00,NULL,37.00,200.00,'Budget 4Hour 40Km',1,NULL,'2023-11-01',2),(34,'PKG0000024',2,1,1,4,50,5,1250.00,NULL,37.00,200.00,'Budget 5Hour 50Km',1,NULL,'2023-11-01',2),(35,'PKG0000025',2,1,1,4,80,8,1550.00,NULL,37.00,200.00,'Budget 8Hour 80Km',1,NULL,'2023-11-01',2),(36,'PKG0000026',2,1,1,4,100,10,1750.00,NULL,37.00,200.00,'Budget 10Hour 100Km',1,NULL,'2023-11-01',2),(37,'PKG0000027',2,1,1,4,120,12,2000.00,NULL,37.00,200.00,'Budget 12Hour 120Km',1,NULL,'2023-11-01',2),(38,'PKG0000028',2,3,1,4,20,2,1750.00,NULL,60.00,360.00,'Sedan 2Hour 20Km',1,NULL,'2023-11-01',2),(39,'PKG0000029',2,3,1,4,40,4,2500.00,NULL,60.00,360.00,'Sedan 4Hour 40Km',1,NULL,'2023-11-01',2),(40,'PKG0000030',2,3,1,4,50,5,2800.00,NULL,60.00,360.00,'Sedan 5Hour 50Km',1,NULL,'2023-11-01',2),(41,'PKG0000031',2,3,1,4,80,8,3750.00,NULL,60.00,360.00,'Sedan 8Hour 80Km',1,NULL,'2023-11-01',2),(42,'PKG0000032',2,3,1,4,100,10,4100.00,NULL,60.00,360.00,'Sedan 10Hour 100Km',1,NULL,'2023-11-01',2),(43,'PKG0000033',2,3,1,4,120,12,4500.00,NULL,60.00,360.00,'Sedan 12Hour 120Km',1,NULL,'2023-11-01',2),(44,'PKG0000034',2,4,1,4,20,2,2100.00,NULL,75.00,400.00,'SUV / 4x4 2Hour 20Km',1,NULL,'2023-11-01',2),(45,'PKG0000035',2,4,1,4,30,3,2400.00,NULL,75.00,400.00,'SUV / 4x4 3Hour 30Km',1,NULL,'2023-11-01',2),(46,'PKG0000036',2,4,1,4,40,4,2700.00,NULL,75.00,400.00,'SUV / 4x4 4Hour 40Km',1,NULL,'2023-11-01',2),(47,'PKG0000037',2,4,1,4,50,5,3100.00,NULL,75.00,400.00,'SUV / 4x4 5Hour 50Km',1,NULL,'2023-11-01',2),(48,'PKG0000038',2,4,1,4,80,8,4600.00,NULL,75.00,400.00,'SUV / 4x4 8Hour 80Km',1,NULL,'2023-11-01',2),(49,'PKG0000039',2,4,1,4,100,10,5200.00,NULL,75.00,400.00,'SUV / 4x4 10Hour 100Km',1,NULL,'2023-11-01',2),(50,'PKG0000040',2,4,1,4,120,12,6000.00,NULL,75.00,400.00,'SUV / 4x4 12Hour 120Km',1,NULL,'2023-11-01',2),(51,'PKG0000041',2,5,1,6,20,2,2500.00,NULL,90.00,500.00,'Luxury 2Hour 20Km',1,NULL,'2023-11-03',2),(52,'PKG0000042',2,5,1,6,40,4,4000.00,30000.00,90.00,500.00,'Luxury 4Hour 40Km',1,NULL,'2023-11-03',2),(53,'PKG0000043',2,5,1,6,50,5,4750.00,NULL,90.00,500.00,'Luxury 5Hour 50Km',1,NULL,'2023-11-03',2),(54,'PKG0000044',2,5,1,6,80,8,6750.00,NULL,90.00,500.00,'Luxury 8Hour 80Km',1,NULL,'2023-11-03',2),(55,'PKG0000045',2,5,1,6,100,10,8000.00,NULL,90.00,500.00,'Luxury 10Hour 100Km',1,NULL,'2023-11-03',2),(56,'PKG0000046',2,7,3,11,50,5,5000.00,NULL,75.00,400.00,'Van 12 Seater 5Hour 50Km',1,NULL,'2023-11-03',2),(57,'PKG0000047',2,7,3,11,100,10,10000.00,NULL,75.00,400.00,'Van 12 Seater 10Hour 100Km',1,NULL,'2023-11-03',2),(58,'PKG0000048',2,12,3,29,150,13,15000.00,NULL,80.00,500.00,'AC Bus 1Day 150Km',1,NULL,'2023-11-03',2),(59,'PKG0000049',2,12,3,29,300,14,30000.00,NULL,85.00,500.00,'AC Bus 2Day 300Km',1,NULL,'2023-11-03',2);
/*!40000 ALTER TABLE `package` ENABLE KEYS */;
UNLOCK TABLES;

--
-- Table structure for table `package_category`
--

DROP TABLE IF EXISTS `package_category`;
/*!40101 SET @saved_cs_client     = @@character_set_client */;
/*!50503 SET character_set_client = utf8mb4 */;
CREATE TABLE `package_category` (
  `id` int NOT NULL AUTO_INCREMENT,
  `name` varchar(60) NOT NULL,
  PRIMARY KEY (`id`)
) ENGINE=InnoDB AUTO_INCREMENT=13 DEFAULT CHARSET=utf8mb3;
/*!40101 SET character_set_client = @saved_cs_client */;

--
-- Dumping data for table `package_category`
--

LOCK TABLES `package_category` WRITE;
/*!40000 ALTER TABLE `package_category` DISABLE KEYS */;
INSERT INTO `package_category` VALUES (1,'Budget'),(2,'City Hatchback'),(3,'Sedan'),(4,'SUV / 4x4'),(5,'Luxury'),(6,'Mini Van 7 Seater'),(7,'Van 12 Seater'),(8,'Van 15 Seater'),(9,'Van Non AC'),(10,'Mini Bus'),(11,'Bus'),(12,'AC Bus');
/*!40000 ALTER TABLE `package_category` ENABLE KEYS */;
UNLOCK TABLES;

--
-- Table structure for table `package_duration`
--

DROP TABLE IF EXISTS `package_duration`;
/*!40101 SET @saved_cs_client     = @@character_set_client */;
/*!50503 SET character_set_client = utf8mb4 */;
CREATE TABLE `package_duration` (
  `id` int NOT NULL AUTO_INCREMENT,
  `name` int NOT NULL,
  `package_duration_type_id` int NOT NULL,
  PRIMARY KEY (`id`),
  KEY `fk_package_duration_package_duration_type1_idx` (`package_duration_type_id`),
  CONSTRAINT `fk_package_duration_package_duration_type1` FOREIGN KEY (`package_duration_type_id`) REFERENCES `package_duration_type` (`id`)
) ENGINE=InnoDB AUTO_INCREMENT=22 DEFAULT CHARSET=utf8mb3;
/*!40101 SET character_set_client = @saved_cs_client */;

--
-- Dumping data for table `package_duration`
--

LOCK TABLES `package_duration` WRITE;
/*!40000 ALTER TABLE `package_duration` DISABLE KEYS */;
INSERT INTO `package_duration` VALUES (1,1,1),(2,2,1),(3,3,1),(4,4,1),(5,5,1),(6,6,1),(7,7,1),(8,8,1),(9,9,1),(10,10,1),(11,11,1),(12,12,1),(13,1,2),(14,2,2),(15,3,2),(16,4,2),(17,5,2),(18,1,3),(19,2,3),(20,3,3),(21,4,3);
/*!40000 ALTER TABLE `package_duration` ENABLE KEYS */;
UNLOCK TABLES;

--
-- Table structure for table `package_duration_type`
--

DROP TABLE IF EXISTS `package_duration_type`;
/*!40101 SET @saved_cs_client     = @@character_set_client */;
/*!50503 SET character_set_client = utf8mb4 */;
CREATE TABLE `package_duration_type` (
  `id` int NOT NULL AUTO_INCREMENT,
  `name` varchar(50) NOT NULL,
  PRIMARY KEY (`id`),
  UNIQUE KEY `name_UNIQUE` (`name`)
) ENGINE=InnoDB AUTO_INCREMENT=4 DEFAULT CHARSET=utf8mb3;
/*!40101 SET character_set_client = @saved_cs_client */;

--
-- Dumping data for table `package_duration_type`
--

LOCK TABLES `package_duration_type` WRITE;
/*!40000 ALTER TABLE `package_duration_type` DISABLE KEYS */;
INSERT INTO `package_duration_type` VALUES (2,'Day'),(1,'Hour'),(3,'Week');
/*!40000 ALTER TABLE `package_duration_type` ENABLE KEYS */;
UNLOCK TABLES;

--
-- Table structure for table `package_has_model`
--

DROP TABLE IF EXISTS `package_has_model`;
/*!40101 SET @saved_cs_client     = @@character_set_client */;
/*!50503 SET character_set_client = utf8mb4 */;
CREATE TABLE `package_has_model` (
  `id` int NOT NULL AUTO_INCREMENT,
  `package_id` int NOT NULL,
  `model_id` int NOT NULL,
  PRIMARY KEY (`id`),
  KEY `fk_package_has_model_model1_idx` (`model_id`),
  KEY `fk_package_has_model_package1_idx` (`package_id`),
  CONSTRAINT `fk_package_has_model_model1` FOREIGN KEY (`model_id`) REFERENCES `model` (`id`),
  CONSTRAINT `fk_package_has_model_package1` FOREIGN KEY (`package_id`) REFERENCES `package` (`id`)
) ENGINE=InnoDB AUTO_INCREMENT=128 DEFAULT CHARSET=utf8mb3;
/*!40101 SET character_set_client = @saved_cs_client */;

--
-- Dumping data for table `package_has_model`
--

LOCK TABLES `package_has_model` WRITE;
/*!40000 ALTER TABLE `package_has_model` DISABLE KEYS */;
INSERT INTO `package_has_model` VALUES (2,13,1),(4,1,1),(5,1,2),(6,1,4),(7,2,1),(8,2,2),(9,2,4),(10,4,1),(11,4,2),(12,4,4),(13,16,1),(14,16,2),(16,15,5),(17,16,4),(18,17,3),(19,18,1),(20,18,2),(21,18,4),(22,19,5),(23,20,3),(24,21,1),(25,21,2),(26,21,4),(28,23,1),(29,23,2),(30,23,4),(31,24,1),(32,24,2),(33,24,4),(34,15,6),(35,24,11),(36,21,11),(37,20,8),(39,19,6),(40,19,7),(41,18,11),(42,17,8),(44,16,11),(45,15,7),(46,4,11),(47,2,11),(48,1,11),(49,25,10),(50,25,14),(51,23,11),(52,13,2),(53,13,11),(54,13,4),(55,26,10),(56,26,14),(57,27,5),(58,27,6),(59,27,7),(60,28,12),(61,28,13),(62,29,12),(63,29,13),(64,30,3),(65,30,8),(67,31,10),(68,31,14),(69,32,10),(70,32,14),(71,33,10),(72,33,14),(73,34,10),(74,34,14),(75,35,10),(76,35,14),(77,36,10),(78,36,14),(79,37,10),(80,37,14),(81,38,5),(82,38,6),(83,38,7),(84,39,5),(85,39,6),(86,39,7),(87,40,5),(88,40,6),(89,40,7),(90,41,5),(91,41,6),(92,41,7),(93,42,5),(94,42,6),(95,42,7),(96,43,5),(97,43,6),(98,43,7),(99,44,12),(100,44,13),(101,45,12),(102,45,13),(103,46,12),(104,46,13),(105,47,12),(106,47,13),(107,48,12),(108,48,13),(109,49,12),(110,49,13),(111,50,12),(112,50,13),(113,51,3),(114,51,8),(115,52,3),(116,52,8),(117,53,3),(118,53,8),(119,54,3),(120,54,8),(121,55,3),(122,55,8),(123,56,15),(124,57,15),(125,58,16),(126,59,16);
/*!40000 ALTER TABLE `package_has_model` ENABLE KEYS */;
UNLOCK TABLES;

--
-- Table structure for table `package_status`
--

DROP TABLE IF EXISTS `package_status`;
/*!40101 SET @saved_cs_client     = @@character_set_client */;
/*!50503 SET character_set_client = utf8mb4 */;
CREATE TABLE `package_status` (
  `id` int NOT NULL AUTO_INCREMENT,
  `name` varchar(50) NOT NULL,
  PRIMARY KEY (`id`),
  UNIQUE KEY `name_UNIQUE` (`name`)
) ENGINE=InnoDB AUTO_INCREMENT=4 DEFAULT CHARSET=utf8mb3;
/*!40101 SET character_set_client = @saved_cs_client */;

--
-- Dumping data for table `package_status`
--

LOCK TABLES `package_status` WRITE;
/*!40000 ALTER TABLE `package_status` DISABLE KEYS */;
INSERT INTO `package_status` VALUES (1,'Available'),(3,'Deleted'),(2,'Unavailable');
/*!40000 ALTER TABLE `package_status` ENABLE KEYS */;
UNLOCK TABLES;

--
-- Table structure for table `package_type`
--

DROP TABLE IF EXISTS `package_type`;
/*!40101 SET @saved_cs_client     = @@character_set_client */;
/*!50503 SET character_set_client = utf8mb4 */;
CREATE TABLE `package_type` (
  `id` int NOT NULL AUTO_INCREMENT,
  `name` varchar(50) NOT NULL,
  PRIMARY KEY (`id`),
  UNIQUE KEY `name_UNIQUE` (`name`)
) ENGINE=InnoDB AUTO_INCREMENT=3 DEFAULT CHARSET=utf8mb3;
/*!40101 SET character_set_client = @saved_cs_client */;

--
-- Dumping data for table `package_type`
--

LOCK TABLES `package_type` WRITE;
/*!40000 ALTER TABLE `package_type` DISABLE KEYS */;
INSERT INTO `package_type` VALUES (2,'Chauffeur-Drive'),(1,'Self-Drive');
/*!40000 ALTER TABLE `package_type` ENABLE KEYS */;
UNLOCK TABLES;

--
-- Table structure for table `package_type_has_package_duration`
--

DROP TABLE IF EXISTS `package_type_has_package_duration`;
/*!40101 SET @saved_cs_client     = @@character_set_client */;
/*!50503 SET character_set_client = utf8mb4 */;
CREATE TABLE `package_type_has_package_duration` (
  `id` int NOT NULL AUTO_INCREMENT,
  `package_type_id` int NOT NULL,
  `package_duration_id` int NOT NULL,
  PRIMARY KEY (`id`),
  KEY `fk_package_type_has_package_duration_package_duration1_idx` (`package_duration_id`),
  KEY `fk_package_type_has_package_duration_package_type1_idx` (`package_type_id`),
  CONSTRAINT `fk_package_type_has_package_duration_package_duration1` FOREIGN KEY (`package_duration_id`) REFERENCES `package_duration` (`id`),
  CONSTRAINT `fk_package_type_has_package_duration_package_type1` FOREIGN KEY (`package_type_id`) REFERENCES `package_type` (`id`)
) ENGINE=InnoDB AUTO_INCREMENT=23 DEFAULT CHARSET=utf8mb3;
/*!40101 SET character_set_client = @saved_cs_client */;

--
-- Dumping data for table `package_type_has_package_duration`
--

LOCK TABLES `package_type_has_package_duration` WRITE;
/*!40000 ALTER TABLE `package_type_has_package_duration` DISABLE KEYS */;
INSERT INTO `package_type_has_package_duration` VALUES (1,1,13),(2,1,18),(3,1,19),(4,1,20),(5,1,21),(6,2,1),(7,2,2),(8,2,3),(9,2,4),(10,2,5),(11,2,6),(12,2,7),(13,2,8),(14,2,9),(15,2,10),(16,2,11),(17,2,12),(18,2,13),(19,2,14),(20,2,15),(21,2,16),(22,2,17);
/*!40000 ALTER TABLE `package_type_has_package_duration` ENABLE KEYS */;
UNLOCK TABLES;

--
-- Table structure for table `payment_status`
--

DROP TABLE IF EXISTS `payment_status`;
/*!40101 SET @saved_cs_client     = @@character_set_client */;
/*!50503 SET character_set_client = utf8mb4 */;
CREATE TABLE `payment_status` (
  `id` int NOT NULL AUTO_INCREMENT,
  `name` varchar(50) NOT NULL,
  PRIMARY KEY (`id`),
  UNIQUE KEY `name_UNIQUE` (`name`)
) ENGINE=InnoDB AUTO_INCREMENT=6 DEFAULT CHARSET=utf8mb3;
/*!40101 SET character_set_client = @saved_cs_client */;

--
-- Dumping data for table `payment_status`
--

LOCK TABLES `payment_status` WRITE;
/*!40000 ALTER TABLE `payment_status` DISABLE KEYS */;
INSERT INTO `payment_status` VALUES (2,'Advance Paid'),(4,'Completed'),(5,'Deleted'),(1,'Not Paid'),(3,'Paid To Driver');
/*!40000 ALTER TABLE `payment_status` ENABLE KEYS */;
UNLOCK TABLES;

--
-- Table structure for table `pick_up_location`
--

DROP TABLE IF EXISTS `pick_up_location`;
/*!40101 SET @saved_cs_client     = @@character_set_client */;
/*!50503 SET character_set_client = utf8mb4 */;
CREATE TABLE `pick_up_location` (
  `id` int NOT NULL AUTO_INCREMENT,
  `name` varchar(75) NOT NULL,
  PRIMARY KEY (`id`),
  UNIQUE KEY `name_UNIQUE` (`name`)
) ENGINE=InnoDB AUTO_INCREMENT=3 DEFAULT CHARSET=utf8mb3;
/*!40101 SET character_set_client = @saved_cs_client */;

--
-- Dumping data for table `pick_up_location`
--

LOCK TABLES `pick_up_location` WRITE;
/*!40000 ALTER TABLE `pick_up_location` DISABLE KEYS */;
INSERT INTO `pick_up_location` VALUES (1,'Office'),(2,'Other Location');
/*!40000 ALTER TABLE `pick_up_location` ENABLE KEYS */;
UNLOCK TABLES;

--
-- Table structure for table `privilege`
--

DROP TABLE IF EXISTS `privilege`;
/*!40101 SET @saved_cs_client     = @@character_set_client */;
/*!50503 SET character_set_client = utf8mb4 */;
CREATE TABLE `privilege` (
  `id` int NOT NULL AUTO_INCREMENT,
  `roles_role_id` int NOT NULL,
  `module_id` int NOT NULL,
  `sel` int DEFAULT NULL,
  `ins` int DEFAULT NULL,
  `upd` int DEFAULT NULL,
  `del` int DEFAULT NULL,
  PRIMARY KEY (`id`),
  KEY `fk_privilage_module1_idx` (`module_id`),
  KEY `fk_privilage_roles1_idx` (`roles_role_id`),
  CONSTRAINT `fk_privilage_module1` FOREIGN KEY (`module_id`) REFERENCES `module` (`id`),
  CONSTRAINT `fk_privilage_roles1` FOREIGN KEY (`roles_role_id`) REFERENCES `roles` (`role_id`)
) ENGINE=InnoDB AUTO_INCREMENT=42 DEFAULT CHARSET=utf8mb3;
/*!40101 SET character_set_client = @saved_cs_client */;

--
-- Dumping data for table `privilege`
--

LOCK TABLES `privilege` WRITE;
/*!40000 ALTER TABLE `privilege` DISABLE KEYS */;
INSERT INTO `privilege` VALUES (1,2,1,1,1,1,1),(2,3,1,0,0,0,0),(3,4,1,0,0,0,0),(4,2,2,1,1,1,1),(5,3,2,0,0,0,0),(6,4,2,0,0,0,0),(9,2,3,1,1,1,1),(10,3,3,0,0,0,0),(11,4,3,0,0,0,0),(12,2,4,1,1,1,1),(13,3,4,1,1,1,0),(14,4,4,0,0,0,0),(15,2,5,1,1,1,1),(16,3,5,1,1,1,0),(17,4,5,0,0,1,0),(18,2,6,1,1,1,1),(19,3,6,1,0,0,0),(20,4,6,0,0,0,0),(21,2,7,1,1,1,1),(22,3,7,1,0,1,0),(23,4,7,0,0,0,0),(26,2,9,1,1,1,1),(27,3,9,1,1,1,0),(28,4,9,1,0,1,0),(29,2,10,1,1,1,1),(30,3,10,1,1,1,0),(31,4,10,0,0,0,0),(32,2,11,1,1,1,1),(33,3,11,1,1,1,0),(34,4,11,0,1,0,0),(35,2,12,1,1,1,1),(36,3,12,1,0,0,0),(37,4,12,0,0,0,0),(38,2,13,1,1,1,1),(39,3,13,1,0,0,0),(40,4,13,0,0,0,0),(41,4,8,1,1,1,0);
/*!40000 ALTER TABLE `privilege` ENABLE KEYS */;
UNLOCK TABLES;

--
-- Table structure for table `refundable_deposit_status`
--

DROP TABLE IF EXISTS `refundable_deposit_status`;
/*!40101 SET @saved_cs_client     = @@character_set_client */;
/*!50503 SET character_set_client = utf8mb4 */;
CREATE TABLE `refundable_deposit_status` (
  `id` int NOT NULL AUTO_INCREMENT,
  `name` varchar(50) NOT NULL,
  PRIMARY KEY (`id`),
  UNIQUE KEY `name_UNIQUE` (`name`)
) ENGINE=InnoDB AUTO_INCREMENT=5 DEFAULT CHARSET=utf8mb3;
/*!40101 SET character_set_client = @saved_cs_client */;

--
-- Dumping data for table `refundable_deposit_status`
--

LOCK TABLES `refundable_deposit_status` WRITE;
/*!40000 ALTER TABLE `refundable_deposit_status` DISABLE KEYS */;
INSERT INTO `refundable_deposit_status` VALUES (2,'Not-Paid'),(4,'Not-Returned'),(1,'Paid'),(3,'Returned');
/*!40000 ALTER TABLE `refundable_deposit_status` ENABLE KEYS */;
UNLOCK TABLES;

--
-- Table structure for table `reservation_status`
--

DROP TABLE IF EXISTS `reservation_status`;
/*!40101 SET @saved_cs_client     = @@character_set_client */;
/*!50503 SET character_set_client = utf8mb4 */;
CREATE TABLE `reservation_status` (
  `id` int NOT NULL AUTO_INCREMENT,
  `name` varchar(50) NOT NULL,
  PRIMARY KEY (`id`),
  UNIQUE KEY `name_UNIQUE` (`name`)
) ENGINE=InnoDB AUTO_INCREMENT=10 DEFAULT CHARSET=utf8mb3;
/*!40101 SET character_set_client = @saved_cs_client */;

--
-- Dumping data for table `reservation_status`
--

LOCK TABLES `reservation_status` WRITE;
/*!40000 ALTER TABLE `reservation_status` DISABLE KEYS */;
INSERT INTO `reservation_status` VALUES (1,'Booking'),(4,'Canceled'),(3,'Completed'),(6,'Deleted'),(7,'On Rent'),(5,'Rejected'),(2,'Reserved');
/*!40000 ALTER TABLE `reservation_status` ENABLE KEYS */;
UNLOCK TABLES;

--
-- Table structure for table `reservation_type`
--

DROP TABLE IF EXISTS `reservation_type`;
/*!40101 SET @saved_cs_client     = @@character_set_client */;
/*!50503 SET character_set_client = utf8mb4 */;
CREATE TABLE `reservation_type` (
  `id` int NOT NULL AUTO_INCREMENT,
  `name` varchar(50) NOT NULL,
  PRIMARY KEY (`id`),
  UNIQUE KEY `name_UNIQUE` (`name`)
) ENGINE=InnoDB AUTO_INCREMENT=3 DEFAULT CHARSET=utf8mb3;
/*!40101 SET character_set_client = @saved_cs_client */;

--
-- Dumping data for table `reservation_type`
--

LOCK TABLES `reservation_type` WRITE;
/*!40000 ALTER TABLE `reservation_type` DISABLE KEYS */;
INSERT INTO `reservation_type` VALUES (1,'Chauffeur-Drive'),(2,'Self-Drive');
/*!40000 ALTER TABLE `reservation_type` ENABLE KEYS */;
UNLOCK TABLES;

--
-- Table structure for table `return_location`
--

DROP TABLE IF EXISTS `return_location`;
/*!40101 SET @saved_cs_client     = @@character_set_client */;
/*!50503 SET character_set_client = utf8mb4 */;
CREATE TABLE `return_location` (
  `id` int NOT NULL AUTO_INCREMENT,
  `name` varchar(75) NOT NULL,
  PRIMARY KEY (`id`),
  UNIQUE KEY `name_UNIQUE` (`name`)
) ENGINE=InnoDB AUTO_INCREMENT=2 DEFAULT CHARSET=utf8mb3;
/*!40101 SET character_set_client = @saved_cs_client */;

--
-- Dumping data for table `return_location`
--

LOCK TABLES `return_location` WRITE;
/*!40000 ALTER TABLE `return_location` DISABLE KEYS */;
INSERT INTO `return_location` VALUES (1,'Office');
/*!40000 ALTER TABLE `return_location` ENABLE KEYS */;
UNLOCK TABLES;

--
-- Table structure for table `roles`
--

DROP TABLE IF EXISTS `roles`;
/*!40101 SET @saved_cs_client     = @@character_set_client */;
/*!50503 SET character_set_client = utf8mb4 */;
CREATE TABLE `roles` (
  `role_id` int NOT NULL AUTO_INCREMENT,
  `role` varchar(255) DEFAULT NULL,
  PRIMARY KEY (`role_id`)
) ENGINE=InnoDB AUTO_INCREMENT=5 DEFAULT CHARSET=utf8mb3;
/*!40101 SET character_set_client = @saved_cs_client */;

--
-- Dumping data for table `roles`
--

LOCK TABLES `roles` WRITE;
/*!40000 ALTER TABLE `roles` DISABLE KEYS */;
INSERT INTO `roles` VALUES (1,'ADMIN'),(2,'MANAGER'),(3,'RECEPTIONIST'),(4,'DRIVER');
/*!40000 ALTER TABLE `roles` ENABLE KEYS */;
UNLOCK TABLES;

--
-- Table structure for table `self_drive_reservation`
--

DROP TABLE IF EXISTS `self_drive_reservation`;
/*!40101 SET @saved_cs_client     = @@character_set_client */;
/*!50503 SET character_set_client = utf8mb4 */;
CREATE TABLE `self_drive_reservation` (
  `id` int NOT NULL AUTO_INCREMENT,
  `sd_reservation_code` char(10) NOT NULL,
  `pick_up_datetime` datetime NOT NULL,
  `required_rental_days` int NOT NULL,
  `required_additional_hours` int DEFAULT NULL,
  `expect_return_datetime` datetime NOT NULL,
  `pick_up_location_id` int NOT NULL,
  `other_pick_up_location` text,
  `return_location_id` int NOT NULL,
  `pick_up_charge` decimal(7,2) DEFAULT NULL,
  `vehicle_id` int NOT NULL,
  `package_id` int NOT NULL,
  `package_price` decimal(8,2) NOT NULL,
  `package_refundable_deposit` decimal(8,2) NOT NULL,
  `package_km` int NOT NULL,
  `package_duration_id` int NOT NULL,
  `additional_km_price` decimal(7,2) NOT NULL,
  `additional_hour_price` decimal(7,2) NOT NULL,
  `trip_notes` text,
  `customer_id` int NOT NULL,
  `reservation_status_id` int NOT NULL,
  `added_date_time` datetime NOT NULL,
  `added_by` int NOT NULL,
  `updated_date_time` datetime DEFAULT NULL,
  `updated_by` int DEFAULT NULL,
  `pick_up_odometer` int DEFAULT NULL,
  `return_odometer` int DEFAULT NULL,
  `return_datetime` datetime DEFAULT NULL,
  `final_rental_days` int DEFAULT NULL,
  `final_additional_hours` int DEFAULT NULL,
  `travelled_km` int DEFAULT NULL,
  `granted_km` int DEFAULT NULL,
  `additional_km` int DEFAULT NULL,
  `rental_amount` decimal(8,2) NOT NULL,
  `paid_amount` decimal(8,2) DEFAULT NULL,
  `due_balance` decimal(8,2) DEFAULT NULL,
  `payment_status_id` int NOT NULL,
  PRIMARY KEY (`id`),
  UNIQUE KEY `sd_reservation_code_UNIQUE` (`sd_reservation_code`),
  KEY `fk_self_drive_reservation_package1_idx` (`package_id`),
  KEY `fk_self_drive_reservation_package_duration1_idx` (`package_duration_id`),
  KEY `fk_self_drive_reservation_reservation_status1_idx` (`reservation_status_id`),
  KEY `fk_self_drive_reservation_customer1_idx` (`customer_id`),
  KEY `fk_self_drive_reservation_employee1_idx` (`added_by`),
  KEY `fk_self_drive_reservation_employee2_idx` (`updated_by`),
  KEY `fk_self_drive_reservation_pick_up_location1_idx` (`pick_up_location_id`),
  KEY `fk_self_drive_reservation_return_location1_idx` (`return_location_id`),
  KEY `fk_self_drive_reservation_payment_status1_idx` (`payment_status_id`),
  KEY `fk_self_drive_reservation_vehicle1_idx` (`vehicle_id`),
  CONSTRAINT `fk_self_drive_reservation_customer1` FOREIGN KEY (`customer_id`) REFERENCES `customer` (`id`),
  CONSTRAINT `fk_self_drive_reservation_employee1` FOREIGN KEY (`added_by`) REFERENCES `employee` (`id`),
  CONSTRAINT `fk_self_drive_reservation_employee2` FOREIGN KEY (`updated_by`) REFERENCES `employee` (`id`),
  CONSTRAINT `fk_self_drive_reservation_package1` FOREIGN KEY (`package_id`) REFERENCES `package` (`id`),
  CONSTRAINT `fk_self_drive_reservation_package_duration1` FOREIGN KEY (`package_duration_id`) REFERENCES `package_duration` (`id`),
  CONSTRAINT `fk_self_drive_reservation_payment_status1` FOREIGN KEY (`payment_status_id`) REFERENCES `payment_status` (`id`),
  CONSTRAINT `fk_self_drive_reservation_pick_up_location1` FOREIGN KEY (`pick_up_location_id`) REFERENCES `pick_up_location` (`id`),
  CONSTRAINT `fk_self_drive_reservation_reservation_status1` FOREIGN KEY (`reservation_status_id`) REFERENCES `reservation_status` (`id`),
  CONSTRAINT `fk_self_drive_reservation_return_location1` FOREIGN KEY (`return_location_id`) REFERENCES `return_location` (`id`),
  CONSTRAINT `fk_self_drive_reservation_vehicle1` FOREIGN KEY (`vehicle_id`) REFERENCES `vehicle` (`id`)
) ENGINE=InnoDB AUTO_INCREMENT=30 DEFAULT CHARSET=utf8mb3;
/*!40101 SET character_set_client = @saved_cs_client */;

--
-- Dumping data for table `self_drive_reservation`
--

LOCK TABLES `self_drive_reservation` WRITE;
/*!40000 ALTER TABLE `self_drive_reservation` DISABLE KEYS */;
INSERT INTO `self_drive_reservation` VALUES (3,'SDR0000003','2022-06-04 23:14:00',4,14,'2022-06-09 13:58:00',2,'Kaduwela',1,NULL,9,13,3000.00,20000.00,100,13,40.00,360.00,NULL,1,3,'2022-06-03 23:13:00',1,NULL,NULL,55882,57000,'2022-06-16 10:58:00',11,11,1118,1100,NULL,24912.00,24912.00,0.00,4),(6,'SDR0000006','2023-06-06 15:27:00',1,NULL,'2023-06-07 15:27:00',1,NULL,1,NULL,3,19,4500.00,25000.00,100,13,50.00,400.00,NULL,12,2,'2023-06-06 10:26:00',1,NULL,NULL,NULL,NULL,NULL,NULL,NULL,NULL,NULL,NULL,4500.00,NULL,NULL,1),(7,'SDR0000007','2023-11-03 15:00:00',2,NULL,'2023-11-05 15:00:00',2,'Thalduwa',1,100.00,3,19,4500.00,25000.00,100,13,50.00,400.00,NULL,127,3,'2023-11-03 13:37:00',2,NULL,NULL,16100,16700,'2023-11-08 11:32:00',4,20,600,400,NULL,26100.00,26100.00,0.00,4),(8,'SDR0000008','2023-11-07 16:49:00',3,NULL,'2023-11-10 17:00:00',1,NULL,1,NULL,1,19,4500.00,25000.00,100,13,50.00,400.00,NULL,11,3,'2023-11-06 16:49:00',2,NULL,NULL,23000,24000,'2023-11-28 10:42:00',20,17,1000,2000,NULL,84800.00,84800.00,0.00,4),(10,'SDR0000009','2024-01-23 17:09:00',5,NULL,'2024-01-28 17:09:00',1,NULL,1,NULL,5,13,3000.00,20000.00,100,13,40.00,360.00,NULL,11,3,'2024-01-23 17:09:00',2,NULL,NULL,34100,34500,'2024-01-27 10:26:00',3,17,400,300,NULL,9708.00,9708.00,0.00,4),(12,'SDR0000010','2024-01-24 13:45:00',1,NULL,'2024-01-25 13:45:00',1,NULL,1,NULL,5,13,3000.00,20000.00,100,13,40.00,360.00,NULL,127,3,'2024-01-24 13:30:00',2,NULL,NULL,34500,34700,'2024-01-26 13:56:00',2,0,200,200,NULL,9180.00,9180.00,0.00,4),(13,'SDR0000011','2024-01-25 13:50:00',1,NULL,'2024-01-26 13:50:00',1,NULL,1,NULL,5,13,3000.00,20000.00,100,13,40.00,360.00,NULL,126,3,'2024-01-24 13:33:00',2,NULL,NULL,34750,34900,'2024-01-26 15:30:00',1,1,150,100,NULL,3860.00,3860.00,0.00,4),(14,'SDR0000012','2024-01-26 15:00:00',1,NULL,'2024-01-27 15:00:00',1,NULL,1,NULL,5,13,3000.00,20000.00,100,13,40.00,360.00,NULL,127,3,'2024-01-25 10:10:00',2,NULL,NULL,40000,40100,'2024-01-27 15:00:00',1,0,100,100,NULL,1500.00,1500.00,0.00,4),(15,'SDR0000013','2024-01-27 16:01:00',1,NULL,'2024-01-28 16:01:00',1,NULL,1,NULL,5,13,3000.00,20000.00,100,13,40.00,360.00,NULL,12,3,'2024-01-25 10:14:00',2,NULL,NULL,40100,40200,'2024-01-28 16:02:00',1,0,100,100,NULL,1860.00,1860.00,0.00,4),(16,'SDR0000014','2024-01-28 17:00:00',1,NULL,'2024-01-29 17:00:00',1,NULL,1,NULL,5,13,3000.00,20000.00,100,13,40.00,360.00,NULL,12,3,'2024-01-25 10:20:00',2,NULL,NULL,40200,40300,'2024-01-29 17:00:00',1,0,100,100,NULL,1500.00,1500.00,0.00,4),(17,'SDR0000015','2024-01-29 18:00:00',1,NULL,'2024-01-30 18:00:00',1,NULL,1,NULL,5,13,3000.00,20000.00,100,13,40.00,360.00,NULL,11,7,'2024-01-26 15:30:00',2,NULL,NULL,40550,NULL,NULL,NULL,NULL,NULL,NULL,NULL,3000.00,1500.00,1500.00,2),(18,'SDR0000016','2024-01-31 18:24:00',1,NULL,'2024-02-01 18:24:00',1,NULL,1,NULL,9,13,3000.00,20000.00,100,13,40.00,360.00,NULL,12,7,'2024-01-26 18:24:00',2,NULL,NULL,57000,NULL,NULL,NULL,NULL,NULL,NULL,NULL,3000.00,1500.00,1500.00,2),(19,'SDR0000017','2024-02-01 18:25:00',1,NULL,'2024-02-02 18:25:00',1,NULL,1,NULL,5,13,3000.00,20000.00,100,13,40.00,360.00,NULL,125,7,'2024-01-26 18:25:00',2,NULL,NULL,50700,NULL,NULL,NULL,NULL,NULL,NULL,NULL,3000.00,1500.00,1500.00,2),(20,'SDR0000018','2024-01-29 14:46:00',1,NULL,'2024-01-30 14:46:00',1,NULL,1,NULL,6,13,3000.00,20000.00,100,13,40.00,360.00,NULL,11,3,'2024-01-29 14:46:00',2,NULL,NULL,20000,20500,'2024-02-02 22:37:00',4,7,500,400,100,16500.00,16500.00,0.00,4),(21,'SDR0000019','2024-02-07 08:43:00',1,NULL,'2024-02-08 08:43:00',1,NULL,1,NULL,1,19,4500.00,25000.00,100,13,50.00,400.00,NULL,12,4,'2024-02-06 20:42:00',2,NULL,NULL,NULL,NULL,NULL,NULL,NULL,NULL,NULL,NULL,4500.00,NULL,NULL,1),(22,'SDR0000020','2024-02-08 06:00:00',2,NULL,'2024-02-10 06:00:00',1,NULL,1,NULL,2,19,4500.00,25000.00,100,13,50.00,400.00,NULL,127,2,'2024-02-08 01:55:00',2,NULL,NULL,NULL,NULL,NULL,NULL,NULL,NULL,NULL,NULL,9000.00,NULL,NULL,1),(23,'SDR0000021','2024-02-09 08:00:00',1,NULL,'2024-02-10 08:00:00',1,NULL,1,NULL,2,19,4500.00,25000.00,100,13,50.00,400.00,NULL,127,2,'2024-02-08 01:57:00',2,NULL,NULL,NULL,NULL,NULL,NULL,NULL,NULL,NULL,NULL,4500.00,NULL,NULL,1),(24,'SDR0000022','2024-04-18 12:09:00',1,NULL,'2024-04-19 12:09:00',1,NULL,1,NULL,4,13,3000.00,20000.00,100,13,40.00,360.00,NULL,127,2,'2024-04-18 12:07:00',2,NULL,NULL,NULL,NULL,NULL,NULL,NULL,NULL,NULL,NULL,3000.00,NULL,NULL,1),(25,'SDR0000023','2024-04-18 13:04:00',1,NULL,'2024-04-19 13:04:00',1,NULL,1,NULL,6,13,3000.00,20000.00,100,13,40.00,360.00,NULL,126,2,'2024-04-18 13:04:00',2,NULL,NULL,NULL,NULL,NULL,NULL,NULL,NULL,NULL,NULL,3000.00,NULL,NULL,1),(26,'SDR0000024','2024-04-19 21:43:00',1,NULL,'2024-04-20 21:43:00',1,NULL,1,NULL,4,13,3000.00,20000.00,100,13,40.00,360.00,NULL,125,4,'2024-04-18 21:43:00',2,NULL,NULL,NULL,NULL,NULL,NULL,NULL,NULL,NULL,NULL,3000.00,NULL,NULL,1),(27,'SDR0000025','2024-06-09 08:00:00',2,NULL,'2024-06-11 08:00:00',2,'Eheliyagoda',1,300.00,3,19,4500.00,25000.00,100,13,50.00,400.00,NULL,127,3,'2024-06-08 00:59:00',2,NULL,NULL,17500,17550,'2024-06-11 12:57:00',2,4,50,200,0,5573.00,5573.00,0.00,4),(28,'SDR0000026','2024-06-16 13:50:00',3,NULL,'2024-06-19 13:50:00',1,NULL,1,NULL,3,19,4500.00,25000.00,100,13,50.00,400.00,NULL,7,3,'2024-06-16 11:48:00',2,NULL,NULL,17150,17500,'2024-06-20 12:54:00',3,23,350,300,50,16184.00,16184.00,0.00,4),(29,'SDR0000027','2025-08-15 08:06:00',1,NULL,'2025-08-16 08:06:00',2,'Thalduwa',1,250.00,8,13,3000.00,20000.00,100,13,40.00,360.00,NULL,11,3,'2025-08-14 20:06:00',2,NULL,NULL,31000,31150,'2025-08-16 09:30:00',1,1,150,100,50,3329.50,3329.50,0.00,4);
/*!40000 ALTER TABLE `self_drive_reservation` ENABLE KEYS */;
UNLOCK TABLES;

--
-- Table structure for table `transmission_type`
--

DROP TABLE IF EXISTS `transmission_type`;
/*!40101 SET @saved_cs_client     = @@character_set_client */;
/*!50503 SET character_set_client = utf8mb4 */;
CREATE TABLE `transmission_type` (
  `id` int NOT NULL AUTO_INCREMENT,
  `name` varchar(50) NOT NULL,
  PRIMARY KEY (`id`),
  UNIQUE KEY `name_UNIQUE` (`name`)
) ENGINE=InnoDB AUTO_INCREMENT=7 DEFAULT CHARSET=utf8mb3;
/*!40101 SET character_set_client = @saved_cs_client */;

--
-- Dumping data for table `transmission_type`
--

LOCK TABLES `transmission_type` WRITE;
/*!40000 ALTER TABLE `transmission_type` DISABLE KEYS */;
INSERT INTO `transmission_type` VALUES (1,'Automatic'),(5,'CVT'),(6,'EV'),(2,'Manual'),(3,'Semi Auto'),(4,'Tiptronic');
/*!40000 ALTER TABLE `transmission_type` ENABLE KEYS */;
UNLOCK TABLES;

--
-- Table structure for table `user_role`
--

DROP TABLE IF EXISTS `user_role`;
/*!40101 SET @saved_cs_client     = @@character_set_client */;
/*!50503 SET character_set_client = utf8mb4 */;
CREATE TABLE `user_role` (
  `user_id` int NOT NULL,
  `role_id` int NOT NULL,
  PRIMARY KEY (`user_id`,`role_id`),
  KEY `FKt7e7djp752sqn6w22i6ocqy6q` (`role_id`)
) ENGINE=InnoDB DEFAULT CHARSET=utf8mb3;
/*!40101 SET character_set_client = @saved_cs_client */;

--
-- Dumping data for table `user_role`
--

LOCK TABLES `user_role` WRITE;
/*!40000 ALTER TABLE `user_role` DISABLE KEYS */;
INSERT INTO `user_role` VALUES (1,1),(2,2),(3,3),(4,3),(5,4),(6,4),(7,4);
/*!40000 ALTER TABLE `user_role` ENABLE KEYS */;
UNLOCK TABLES;

--
-- Table structure for table `users`
--

DROP TABLE IF EXISTS `users`;
/*!40101 SET @saved_cs_client     = @@character_set_client */;
/*!50503 SET character_set_client = utf8mb4 */;
CREATE TABLE `users` (
  `user_id` int NOT NULL AUTO_INCREMENT,
  `active` bit(1) DEFAULT NULL,
  `email` varchar(255) DEFAULT NULL,
  `last_name` varchar(255) DEFAULT NULL,
  `name` varchar(255) DEFAULT NULL,
  `password` varchar(255) DEFAULT NULL,
  `user_name` varchar(255) NOT NULL,
  `employee_id` int DEFAULT NULL,
  `employee_created_id` int DEFAULT NULL,
  `hint` char(4) DEFAULT NULL,
  `docreation` date DEFAULT NULL,
  PRIMARY KEY (`user_id`),
  UNIQUE KEY `user_name_UNIQUE` (`user_name`),
  KEY `fk_users_employee1_idx` (`employee_id`),
  KEY `fk_users_employee2_idx` (`employee_created_id`),
  CONSTRAINT `fk_users_employee1` FOREIGN KEY (`employee_id`) REFERENCES `employee` (`id`),
  CONSTRAINT `fk_users_employee2` FOREIGN KEY (`employee_created_id`) REFERENCES `employee` (`id`)
) ENGINE=InnoDB AUTO_INCREMENT=8 DEFAULT CHARSET=utf8mb3;
/*!40101 SET character_set_client = @saved_cs_client */;

--
-- Dumping data for table `users`
--

LOCK TABLES `users` WRITE;
/*!40000 ALTER TABLE `users` DISABLE KEYS */;
INSERT INTO `users` VALUES (1,_binary '','admin.gmail.com',NULL,NULL,'$2a$10$DBcSvDu0V0t6hg0tY23V4elcGDwhgCIbehP5gCkNY8eFBOwaR9CHW','Admin',1,1,NULL,'2021-01-01'),(2,_binary '','sethyanacarrental.com@gmail.com',NULL,NULL,'$2a$10$lE4JoXay7b7MItZ6DIMlv.NeS4zGmfr8qjJyZ/TvX2LYymdoZDigy','Chamal85',2,1,'7391','2022-06-16'),(3,_binary '','nipuni92@gmail.com',NULL,NULL,'$2a$10$rtwL2L9ngyCW4eYVAQlklehASw/albqkLRrdgPM5.mZ2ZPnwv7RR.','Nipuni92',3,1,NULL,'2022-06-16'),(4,_binary '','hasitha91@gmail.com',NULL,NULL,'$2a$10$KSL90GEkMB2T8F1Bah6Jz.PJdBXAegS2ThA51VSnGgGC1eX1Xnm32','Hasitha91',4,1,NULL,'2022-06-16'),(5,_binary '','sampath79@gmail.com',NULL,NULL,'$2a$10$87hHc7BlFkiYJT45CzSZBe9AbW6aJ3MLI2dV1X0yWbPb/GPwaqQju','Sampath79',5,1,NULL,'2022-06-16'),(6,_binary '','chaminda82@gmail.com',NULL,NULL,'$2a$10$w4azn.LT29NB3rxSWS8PCuauDBZP05dxP9o7NNj0Q3S/NKlcA1mxy','Chaminda82',6,1,NULL,'2022-06-17'),(7,_binary '','sameera86@gmail.com',NULL,NULL,'$2a$10$ZmMw6QfkTWTbb9L6FsRIoulIBBhUiH/exEJzxtA.nfwNXsxKyRkde','Sameera86',7,1,NULL,'2022-06-17');
/*!40000 ALTER TABLE `users` ENABLE KEYS */;
UNLOCK TABLES;

--
-- Table structure for table `vehicle`
--

DROP TABLE IF EXISTS `vehicle`;
/*!40101 SET @saved_cs_client     = @@character_set_client */;
/*!50503 SET character_set_client = utf8mb4 */;
CREATE TABLE `vehicle` (
  `id` int NOT NULL AUTO_INCREMENT,
  `license_plate` char(8) NOT NULL,
  `model_id` int NOT NULL,
  `transmission_type_id` int NOT NULL,
  `air_condition_type_id` int NOT NULL,
  `fuel_type_id` int NOT NULL,
  `km_per_liter` int DEFAULT NULL,
  `color_id` int NOT NULL,
  `num_of_seats` int NOT NULL,
  `passenger_seats` char(3) NOT NULL,
  `num_of_luggage` int DEFAULT NULL,
  `max_weight` int DEFAULT NULL,
  `entry_odometer` int NOT NULL,
  `current_odometer` int NOT NULL,
  `music_player` tinyint DEFAULT NULL,
  `usb_charging` tinyint DEFAULT NULL,
  `rearview_camera` tinyint DEFAULT NULL,
  `owner_type_id` int NOT NULL,
  `owner_name` varchar(75) DEFAULT NULL,
  `owner_phone` char(10) DEFAULT NULL,
  `owner_address` text,
  `revenue_license_exp_date` date DEFAULT NULL,
  `insurance_exp_date` date DEFAULT NULL,
  `next_service_date` date DEFAULT NULL,
  `next_service_odometer` int DEFAULT NULL,
  `notes` text,
  `vehicle_status_id` int NOT NULL,
  `display_photo` mediumblob,
  `added_date` date NOT NULL,
  `employee_id` int NOT NULL,
  PRIMARY KEY (`id`),
  UNIQUE KEY `license_plate_UNIQUE` (`license_plate`),
  KEY `fk_vehicle_model1_idx` (`model_id`),
  KEY `fk_vehicle_air_condition_type1_idx` (`air_condition_type_id`),
  KEY `fk_vehicle_fuel_type1_idx` (`fuel_type_id`),
  KEY `fk_vehicle_vehicle_status1_idx` (`vehicle_status_id`),
  KEY `fk_vehicle_employee2_idx` (`employee_id`),
  KEY `fk_vehicle_color1_idx` (`color_id`),
  KEY `fk_vehicle_transmission_type1_idx` (`transmission_type_id`),
  KEY `fk_vehicle_owner_type1_idx` (`owner_type_id`),
  CONSTRAINT `fk_vehicle_air_condition_type1` FOREIGN KEY (`air_condition_type_id`) REFERENCES `air_condition_type` (`id`),
  CONSTRAINT `fk_vehicle_color1` FOREIGN KEY (`color_id`) REFERENCES `color` (`id`),
  CONSTRAINT `fk_vehicle_employee2` FOREIGN KEY (`employee_id`) REFERENCES `employee` (`id`),
  CONSTRAINT `fk_vehicle_fuel_type1` FOREIGN KEY (`fuel_type_id`) REFERENCES `fuel_type` (`id`),
  CONSTRAINT `fk_vehicle_model1` FOREIGN KEY (`model_id`) REFERENCES `model` (`id`),
  CONSTRAINT `fk_vehicle_owner_type1` FOREIGN KEY (`owner_type_id`) REFERENCES `owner_type` (`id`),
  CONSTRAINT `fk_vehicle_transmission_type1` FOREIGN KEY (`transmission_type_id`) REFERENCES `transmission_type` (`id`),
  CONSTRAINT `fk_vehicle_vehicle_status1` FOREIGN KEY (`vehicle_status_id`) REFERENCES `vehicle_status` (`id`)
) ENGINE=InnoDB AUTO_INCREMENT=175 DEFAULT CHARSET=utf8mb3;
/*!40101 SET character_set_client = @saved_cs_client */;

--
-- Dumping data for table `vehicle`
--

LOCK TABLES `vehicle` WRITE;
/*!40000 ALTER TABLE `vehicle` DISABLE KEYS */;
INSERT INTO `vehicle` VALUES (1,'ABD-3496',6,1,1,1,NULL,1,5,'4',5,500,23000,24000,NULL,1,1,1,NULL,NULL,NULL,'2024-06-14',NULL,NULL,NULL,NULL,2,_binary 'data:image/png;base64,iVBORw0KGgoAAAANSUhEUgAAAO0AAABpCAMAAADhslRzAAABHVBMVEUAAAAAAADK0NXS2N3+/v7V29/N1NnP1tv09ffs7/H4+fpITk7i5und4+YpLi4aHh3w8vMKDQ3W3eJobm95fn9OVFS5wMXb4OQyOTjFzNLp6+09RENSWVnZ3uFDSUkkKSgFBwY7QD7l6esfIyNudHRWXV4UGBjh5OY3PT4uNDSDiIrCyc5yeHq8xMliaWqTmJqyuLyXnaCNk5UQEhLf4+a1u8B9g4ats7iGjZC/x8xaYGCjqKtcY2XBxceLj5BhZmWmrbKdpKirr7HV2NqeoqLIysz4/v/R09Xj6/HNz9Hu9Pnn7/bn6One4OHz+f3a293g6O0wMTGDg4J8fHvH0dlNTErX4OjQ2eHv+/+UkI+kXV/1jJCLQUG7m57ix8rX8qgcAAAAAXRSTlMAQObYZgAAJH5JREFUeNrslv9W2jAYhmkJvwzUYVrbkRipayWwrkqd0JVKFWZBUOS4w/3fyr4ENu9A3Q4PcDjp6T/Ped8vSWHPnj179uzZ89+CDg5qncfW08PDbDp90Gflsv7KDBb39/f6zedisViBF57rnVYVFf4lqrVWq1V7fHp8fng+mU7t7w3bPqvN69/rZ+uG/UpjLldny+WnRau+Pqsta7Va3bYr5dn0qd46KHx4Dp6vJ5Obaataq1WrtU+LeW05r0vFI0lpR1FSXtvDH8WSfWIv8jxfLdeNI3irMV/kCMjnEHWr8HFB08loOLxvIWC1mDca9hF4QV+/ftYV5QrUtVIslY5ksMtJfHlSb7TQ4jgmqUW7hvFFYOxjlhIvHukrhObF6fOnwkekNSHZ+KHTqHwbjqJ+FI3NQW9gDgbwC8ye/DfVSjKQX8+8yeu1vBHRtiZpNq+uzrunxpWmOHfS6OsSoTP9qfDBqA495pvXl3dRHINZYG4BOUXgESDM0iRJfMYsjDE1zCqy8yX5ommHDqVcgg2Du9h1hRAOWIMxHpRRXnz4SDNcuyQkvj0e3o2Au7uf/f7FRTQexz0Ql65B4G11w52w71tGjKoddGxomkEthjGnrnAcx+CCi67jCNel1DUO29qVP8nR19lH8X0apPHtj+tbpdlXmuD51xQ8FdI0laYMwlWydTQGV4656yhA0j0VEK5aGN2udHa7zba4R/Ob58L7g577vnl8M7wdyURhWiPJOI62DQZUsGGa+H9NLWydEnTwfRVrbQczDmAJBT3jFAuK4SUO0TqGIY1F+zxa5cX7x8I780TY+NvNZASxylCji4u+JI7GW0uJKVMOSOhbCgycMoRO0EBrUsb8BCL3ffjzqdOFcDE0Gx6r+d4KU0OzFnlDnxXek2kUmt+ud7EqVZVv1BsoWSLxMjIgCgiYganci5xHVMr7WpNLTUZdGFkheMKdrjAci2KLwUcpW5jDEHNHM74i+0h/vwO4E/uD6+PRaBerUt21ODaJdJWTmvphogLlaeCFlAPOlxnIHm+TZb44NbqA4fgQJWBRCFehEs8s4VLabbdHqGHrJ4V3oT4mg8nl6A6233E8hlilqtqgYjh4MnXcpCQEdvXlOCSYU0pFc4Lsxcl5293A4xSSVnTBceNCaymE6ycgmkDHsywjKafY4Yfar3xdKs5Q4c2pHmfe7eU21h7ISlUwjdVW7Jkh8WD7ZQQO2iDEypVzl/luRoV73kOtxsrRBKhblk8NRwCu4Cxh3IU2+xj7mRQlIciGoUdggEV4qoX5ulzS3/pyhe5D0h+OfkrFXi9Sh+vOdGD2SBAwL0wSy1eTyzDAZahccIKdJkPVMjI1A8OTDaYuQCU8yaAEHHctjFkIkNBSZEGQ+I5FXE3kK72odwpvSeciiycjGSu4xq+hgqrEM1lGYCBx5qki71ylFAziodM6KK8m2iHebMBVuLtbFN7gjCSM4YRyC7PMIxCpxSR+AGcZxp7HNbez0CsV++3afDDxgxG4guPLS28Mrr1X1SAwM4iEJLK9oJqFKeZ/ZAWMI20+ocp68aWNrQ1UnIKnZJshIVlihYynHMOWZhKWKjJTNkYQYlra4SLXy6WjauFteAhINOpLxxfzJR6/hrq7IXopwUnIMKYWSQGfU8AFhMsT6wp21tIi0YTy20jPP7uvH3pwKidh5oYYp3DJ9lJZZ3Viw7xQZpo9ph3Ocl0vFd+kzdXftJkJV+JWGIYP2QO5gFmIhAQ1gmhAAjEssoPIMDi1jrY9c6bL//8Zfe8lmo7tOXXambcWRkdjnrzfdr8JXXMN1iB4fDIDegKAUlK015FhVOcjpF8FrQdyE1ZKW3GPTaHBCd2M5VbPf7ZoN61Ucy6tvZBhmnTsMs8t9CVzSNsYFeJlNpstR7mw1e/WMwe3DzLHb79/KxI6EyOirI+PT0/916YaTKN21ZpbFUBgQkpmh0SV3JUrONzWPjqsz3PD0uVlqbdaz8y55TILa6ZptJ6MyDpB2hv9FjD3eoy63fXMXc/60eqiYMiazJX17zw3O+/7lhlSVvOp1eoHqanPqIg7uHIysqoUbeIy4Y8JcPXsUMhK8n3uoJ6zVsLmXrmnS4uttJrNjRY8fJyZT0FriBS16m12YAyoaDuPomU7WIdjI9cViU10SSLe92xF2TA3j8JZAFtRQb6M3+Q4h+aYq1ero1zl8KRijVw2BIP8cK/jc1Xguc3iANUpdyOoexUVYXN3XYOxZhAFj7N+MKwYcHsYDalm9JwB2AjLAm6cyw22xYZtE+LxOn97873OgaX6hclY97AgfUlV9tZmFXjkTpB1P2PsrVi0/iAxTy4gjEqFA0vLciLRzllDLal+gxAbW6lYVQRhajw+Pg7R01DrlzQB2v11CCGE1+vleLUa3IbVoD25JFvd8+iHyItEL9+o3x5VcPrHF9GaNljzqTZpBSYTMKmp9HwOVnqUwTCP+vRsJhhxhMFbvnBQOAwFgXDN+36mblWPzktYU1FxnE7E6WC6DiIo7KIGDloWmk+rs8IMDt71GO9RNKxV3aBp6/gZGaIrLknWycOP3xi1OHAPMlarbR19PK+jDrlo/BNWTyvYqRwdY6V0VCgc5fMMD4AgvKBvR0enp4XC2dnZkRWUHOwqbMKLbh6rivxFR6a7OVkkd4Nw2DpZDoAFrtVgtSwjlKvWBFUQwW2iOLNGNxx2uGudBysl5V9Wl9sfvuHqu6hMrULm+Dx/VcgAK1PIV5CWeXAkOrvKn15dHWeOjw+O8cp0VSgUgIxSlbPqRi3ksoKQdTSi87pYpzN/9XT8abslBBvJRfWocJbPjacr2DoMl8tu18CjbS3DEJufTqlXumw2OawpCQIfnACl0hHKsoz/pbv429Ql1fcbmvajVrx5RzqrVWcK9QadXq9XKk2bzdtbuMPJvGfLzdvm9LKE2IM3i/FiNcD3XF6XOV7HVlHYCEUfl7J1ntflCTL67Opw3q/N55X82UGGqdqFlaxQhai8pSnHx8TDMpZnkIxMgqdUnu2JOi/q+Ix+gy6ttP+91XA0z4tR6zVfVeDMa2022fts9l5hKu7umTaJ6D75jthQ7Kuqo3qaozXYPeMIM6la7tVVHvGfKj8ZBt0VHmKTbp11QvftvAgaMEIyE89EiMiJNoHD8j6W9WjxSfhB+D8jk8fbQLUbjlpMpeLOHZikaVojjukzp/IgnSrJJI92ByzMZdFuaL4DqZ6tEZulHK9JdQzQbsJ6Vrio1GvBgLNlDw9DJxDzEUogU1Iq2d5GVjAuSbpOPPbtsWri7HlZ/B+oEn6pB19egYLyGdJLIBNOfDDpJBZhBgZ3ghzwmTSfFz1WP+P4gyJj9VLBvrzgBuPeJWc/IC52W6Q0ZXmWlLyknKwwebbK9X3fVnd87CNccGlNU7jffvv8+T82ouINRRW9hsMoGSgMBSfDTI18LbiKvxdpJnvgSmA1uCrRf+3RVPbQ/Ea7Wjf70UKm//SjbomdpGQqiSObzY4QWeIlCLkJzBhhgjtRlMp570N3cqng+jCWxtgn5ddff/1PmavqvCfKfHJvKSjj/CdKCAkGoWbacECiKUAoKwt4VBrg+4qSzSoKrqiJKMP8Lw8IRB5icHs9Ry6PGCjVqvXh0gYl2UO+BJivFHPVRdAuZYlGRypII5/eff78w3/wNfZwAzx8VV9Cl4E+U/L/LKQofrPOkGOGCsWOLwJeJ05WyFJSB1XZEyXd5q7L6LVSSgrtYxZfwGE9HvycN8bNnpRVmCgn5FBpWYFcSvdFlaBmiwCm/n5a/fbHV+dr0UfCYR7zwbnPUWroXzFlCC/wMBWeTgwPdRhBXkg11dnqHG/7RdytylwGacLDNSHgUqXhC0mI+FgJawK6s6o1xSzjTFEdH1JBj2sSGCs39dgjjVj79Pn3r2PFGBE3OXrrjPMZlNI8V47UBqY9vohn2/BEOwGlYP6uiC7RscYY/DVAUiUPZo8FVgq7f3QSw0Sqo9cBIyv8ePqxVppWrDIawitSeODjq7BbITaMLZdF0Ubq7n75OlpcQmewMCiJ3L2X0j/qGViMfZ+ghiT1V3MUxSEaXxo8zusjrohuwmrQXzzc0wJw7yYNdQ2/PAsluS0U69ayNOjhUaFXv5BqiSgtpBE8SOIheWCuvXn3Fb7eeIrqlWkkJY4mnNwX+gIWryiVqBFeTEmZLxvFa17eTrvGqGaGg2iwZZErffnTHHRdpnY2fJVxCshr6KXZYTbhyw+7YkNTU0+hRoOWemf/bPzYiVnYADeOtbs3tyBuuBA0Wy5z8l8d/YKTfaSs9IU+VYg+bQWJ1ngvi9MFFpC1kZtzezelodUkzMpU7DMdPyJ7yD02ocFPpgSUyVHxBXzSaDgMNCGFUBgSWsFpqH4MayAbBUu5eaOxcml4u+HFcllipNILaTn57+/msijAqKUqmBKVD+9Kqy4W6KaVG7Uit1JrvesN27XeX2CTq0jobTfvbz5kiwlmSgq6RM+h68TEfwElTLad0AqC6mQ1wHq0E+AvfE95E+2qM5hOSzv5GrU/BU30AiuluHiXdW23wanmdrDqXQ5mbWserTqdVWfW5S5bRv/9otYyuV16OfrQ6IV4ogpBdd4RVLD+3VOmNHSJzUjT8Q1whNUyBAXiPDn5YTwgsPdNHZcP19L0rruyicdBz6zNZoqbShbJw/Zut/NvpotuGJg1UJnBuoPHtViGtV5WE5anwY/D9iRScTMpbPMaapYlr6Hcrn5AA3mF6gD1yxwFKPEaDNRL+j3IMOMltBpH5xBRArGkYyIjb6lT2Wi2aHIduT8cTx+2IiUFKlNCS4UmDMi7rX69iPqY+8LuzMid1Ic442ERWIuehuYRDrcHN8KNEU6xehjbGv9CW77mRDqGoTLgbmmyKh+Kygvp67LbgJih6Gvp9MYziToGZHooU3BUut/ydzuJzpeYPsn0DbRxvx1gz23+FNWM4fgapcfWX4rQAxWGZmnaGUemMafLmHZriO3JckkPsp1wOqhaxlnmIB/kMoWjo2Z2LL93q63bew9PiNIy1kYybmseEtcBqNJwlD1qCsq050zGVJiXkKYSbZq42Sx3vdtFF4WTxT09b6H0b99AK3TDilsbHVuPw3I0sdpmPwgXHRzWe53FOgpMunSqY5M/MVr94XCCpWDYfazn5u7IGtVO8pn1MpNpH2ZM9+zs4DSX696p0YU11hTP4xERFLfJYZ5yGAk6FRFFiq7EmpKQpo4mmF5qpwzOVPs01RvUXLu04Q8zVMZGQn2VpYfev9OKl4t8xXVC42OmvlxEbTeH1f5+f8b2S+eWESxxfCyXe4tZ++PHk1MEbKZSz59mmMLHjNHOHFhtt2L0T09kcXJm3Aqqh7tGVkgy1/yzmTNhS9yKwnATWdRIIoSEYCAhDcSEPSKETQF3YXS0tdr+/z/S79wEMlY72ufp9nVspzPOwJtz7tnuvWxt7x5gEe7cX+1T03JcxhlA0Gb2GSrjjM2ZfH1cLrXGXHf1RJtBbt8ZPZQdLtTwnkeATWU+QesXh24+qx/sL2STE/OL4XRandZmtbbc7MxbLzerh6dgOHalLOeQv7oYbZfkoawAOVvJ9uy5MA00yZWPFlV/0jwa2OJkexcMrB6j9iezuw1U1AtJfi+Bx0AZ+gBVUnknRD1mnK/bq40xUxEoUEMRbRlJKL11b3PZaMjTX7VGab7Q/7g2Dup+U/dmbX/qz/OWqctDX7AXulB8elaDSX1msSeIiZqOXYChfHoqTMbCBV7JcQzBK41GtSM3a5rdxHl9Nu9q3Pg2sc2W4TGdbNwaJROgSuz2q4/ZiqRc7CUAhjhzcJgE6/G6SI1JX3Ub6Ie+LcDWtCipi8s8pwmCK3FQ7arVSvMf2/ZuZ8UfDeV5VxaApAwXcnNUHyr101o3se/0slnJE+Q8Eo2MiaemHYnaVDI006UzIZ47E5S5P5UcDIyxw24IgmgEMF/YFbOmJ/3jYRKFIO9xkeyTBLoEah+SjJT0ljNqe+Ear2s6/BKjLaQfgoqluKImiMy4N2rqY08+2E4mH3KLk8Q9P1nkdTinlr81hE69/pjfs608HYExNIlmSBWzOq0OkXk6siK4goJJMj1b7NJVh4t5MPHnQT+4OE/g2CqJ8R7nCrvb19uJn7lvNElgcaJiSCeB+T5nbNBijEqZkGxLjlDmlzNHEDGqti0Mfzlh1eK39j6iTe7vZ7Zyy8QeGpHn52KQd7Pcz3VOxgm1ozHWJUfqicY0P+wEVCw+/Hhzc8z77Sl2qJB0F91ARSJesonjcrW630d2CUW8exnqzK5kDm8olnqF5FZGKmKg8Rp9xRlRNiJSyvobWjymQsvUXalXqUimloWR+qlG8sOYnN7CMeLC8e5umaod/uU53fD9n7K1JidMOU+o5TuToN96SueeaayZZjkhlbwpoPyg2hEnjykZR9NsdLpo3bY3tf4+piq7+7uJX/DAJNs0pYi2UlgRKb7eN2hsTnpPcQEbOTLRplZtR3AcoTqVeiKMm52jrX9QP8i1WBeHePyoOSk7UrHIZ3L+GP6rSPLD80vu5QklXwvbrCrNS8vJsFrg0y+MkC0hGldQqkTzhcQfj56BS3ZODDkygCEYhhvxzq7ITVKpt44bKq6rGyN+XcKGqzZ62S3e1USvWn3pij3bznIh7ckHEfkmw+fKaKVp1BYFyGTyZU57Wf2HIhiZWiM+d7B9UE5hmBQNU9gAgWkTkWDjV7TMvjuJS8CKQk0wLBcxnNmWm6/4NGgZ6jugkT3xaqMWWImWj2GhrUzgWU5nkr9pK82e6HCVSY5P7qW+3xbs5wc8T/Ozw0O+q27YGqraeMBSRr9BWDBRAqKrAjtskkI8bMqwmaVT+CVabAnAdTfax07lI2drpZqheZAGXKK1lnhm8Kv3LRrX6fRGRgQbsUawudTNwPQ0tT440SYjT4LLLHJ8ARuF3/dkU1jySXLGrdRLLveSTj+l+KcnqoDgv0zY7OF3wBdqgwlsxr17xRYo7fCwPYrDb2mRdxN1TgKs5YmmaaI0M0TCzY4KfJhd3lo0Ih0xgRawMWskPqeImnjWH9TNYJXvwZUXz6im1Nvvu7JSveGx+DIIMVNl1sa5BzpgMETNfwYr40VQpj20UphZh4pSy2E5fdvAFlcwn0+QeNDgHN/frwo0rYxdeRdDw+2DSsUTSpZnS062hxJFdHu0TZi/Z5OQ74C2SCO1tbZrCMuSM7YJA1EslfSu3xGKk5IG2ovnUevp7IcPaOsPPNJ1DhU1F8lBRYHz/fghmp6rC4K8hTD0Y9yHsuKWbJkqtvrBwh8OaJNePgpSq+QW9Sdkc/IAWDzR4Uy9pGuOaYybNV2yYd4sXNm94amSj0lj0IiUwTZao2/tGm3CFPjMQDLzPlea+82FawmhbUdPH/VA49MMD//bQtWVzToQN/ut2vnpp+pP8i+/jSN+/4au7AAzBA3HzCQUvEi/ezl+pPalSkk4usmhKISTh17wI8Y4ZsVTBC0r5L0O320bDrxZgiv3+jl0aRvUP4KqKrGOGnwjRiXWMn4gM4yexxIqes+7LO6ULFWWQJtrtRof5dv8UZLH34bTOF2ihUUrYukxa9WMXyxF4oAPU3eQUhG5WTSKurJ4LhnVr5mjnoLyeplkFX/oCHvHkWlttyhrAd/ham1JFO0KXPn0hoasMWjMSWKoRXJ1ZKkYloS9wlErLdj20X1bn/t1d5AbYgd48vIZ2uAJkzdklhyzLSoe8Tf0rb1q9ZeS1X7MRrR4PYTbaDpUXqNuRhNF5GS8ganltVZlaj5JmAceJwxOw0OwgoZhqQ9VaTFygdsDrbziRyNK8DEoSCNFrEhRUTUBwaq0Z3hc5tXuk4r1ryy+JgWu0lUzi16WC9Ittah+QPtzkIZtEYBf+r0syCrti8ms6nK/ub/8bP1UqoS0BbYtUM4AdDMgCmEjWgTwhu/ogj1bFWBcZCp87R2v9kzHUixPCXKimFZ7Snc0xMp1QDu+4VutIrHGoBu7Mh9ngSmCBSkiBVxwpHbngZo7ckThEfVtp50fiv7ArjhqsT8q3n7U3HaKrRSNonJ9HJXoZc26ZM2qP5c6nFIb//ZbRJtLsdcGKaH+EbYY4j4JPUUTR8sCXJ4t8ONM4gwBWRDHYjuhuasxV5/wmZJkShgHKA88jDGKSd+iQknQhlsXaYqIcyjAWOV5lvUUjVP0/FHJqE2nIvdYVBvB2Q8fqKtN8363Pxqln0SKw1lW69gOsoQkWEgaeAIVPxNmgOR7+7as5cZD7wcTdIFS84q24yHayky0K4jpVsnq3daFgtbrHPSVscZojWceufQ7qMRKF/xg0ZGKXEecofqjhuuI1pFSKipNoX3TGNqckelOPh6e9912flxzNTo2LSjrA/HoXnVNlBzblCREAP8hnaZ1U6DuO1IByuWIswVOH/OrWdOVdFEsLo/3mDKoIjVJVyzhVJDkQM9Vza5qVQzBtEFrpUE7Amy8Vl9btUwbgrCoGpBBQRqh9rtqyu8htHfuc8Pq4nJqqL7NTUefmTfe6U2/zYXK9hwJ/SL+okfNQmcenqGtlZQ85ouhCxVbXbzwnK4S4FZIU5aniqFrJkoH5hVZTcMZehiXklShcN91kK/FabpqSReTbmdwIuHkkCLa+F4txav9DezaqAwVqxSgfANjwC6zaD/iZOr2W7kqhzw2WVbF/jBf0kZHkqZ+bsMWGxmlLCzowGPxyOnrW1VQZEg0fsIClmxbdA3dFE0H3w4+lrOY/9N3SSiSTM1uL7G9Ge6HJuoVzDPEgZp3TCHBd9ENCWeptm2jb9Z4on2DmqRDNzwjDYgz/AERcUAPnOf7LyUOJsmXONmvChU50eSwYj+l004dj5oJqMCCHNDTF34KlFf8EqyZrQD70bNAQtLRe4kmebwjVVxRTy0zEMXvq2qWxpfd+2vRm57KVUWzuougLkmM9knthqwMFaDUO1PUJTJgRZaMIOnbUux7+vOGyNkmnRBtaKKrlSaz7Gdpj2QZqSfkA9oby5IYdSS6v2Lqlm65oHw0bQeOAS/Gc7KrNcORXNO/KoSwySu5Z+kY0A63d44WeIdcvTHxMx14AWhTRaINKSjVUNYetcCokoiVkNUGPYkURX2o1T9b+L5KDbNtCkKX92pWrT5wpcvPwW7j5L6NuhVIDgEzOSSQkVnfyLY9iX27I5Fr09lUEYMraVBIXHsOZ4ny6jgMYbml4li6VtM4cXi+kmta7WbgLFYLRuumQRvCAoYymBqLfLvIDB5ZO0CoWvgUKqrtWgmvj2UlzhPtUl2pnh1J9s4P6EI+gbuQpYppwqwAi/0Z5iSbRobFF/H36D9ZXZ4KmETolhFdmIUfi05FxKH41YTjPN3gd8I5eKag2a7llaq64xryRdCsDXs9DDBFotVzDUaL6jFMQ2EXQO7KEBk9MBERF4tOHedJdQNto+30mM/18KSrW85goDd4xZwCNtQHtq3WvApZCX8aVg0tih8Q90osgDFzm1i0tkns4dOwRc0wbWFgcN2mw0mC212GBdfOiSS6rtiel7hx/kjWp57VbuKNizYqPeG51YLXjoiZOXMq3AvnWSPJNAdlnjA9ETmiLZBF6Z2RQfBT0xhqc19ZTTSp/8Mu9DHuYd7IZmMkImVeSpEq+lfPCbHWDwAZU5Gyro7/4A7l2NBKuL0m5qvBVMqK2YqhTbbDWfjyrCJqrjgdnVp68EVzu1NzNPIXA9MEbemBbMkDL6xOiJHCLjOmj/21sQBK0SrJP/lnl9d3aJsvOI6ZIgwoji2W/FSq7LuGtr+LJpP0Ae5uDo/Mkyox8CuDhvDMmUlZRi3q7qNkhDeaNA3mQ7DquRWtVIGHcp47XCaZ7n1OxO/Xgu5hqzutT5onU8FoptGa4h2PQdtIJlsqMOfz8EL2ERx2rAjsGrmgjOX8ENvC9BEZ19e3t5fnX/OY6tbboaPBJKZX9c/OFEHM71KTyYC/S5vYXrrCvDjvDOSa4HqsdKLA/H31MC3lWKRiWZhsL2UlcgTKUbr8UGYl5dWAEz1NVOZ7hYXC8V3uuMYZ7VbTIVr5Rm1tpRF6OnTNHqZUdFe0UdpYBi55DYbsDmQnulfFbvV2LlScFr4+ya6zhSQaSgnjPedkf+/LZmL2va2CqwuuVlzM+7mb5a+rDN8KFrg4EN4LNoi+9x67XXJdxCVPhFhQtsir29U6jogrPW2cK4S0MmfS5E3tCpzX6cgDWefqDy0sctDWf01n0vkSXoXtJVL+NmDPNoZFdN1rXCLVwluauJlBl2eq7LpMp8bFuDoqXal6eH3+9e7wC3C/T7t9MnN1/7JzKsv5at0PMDR+xhY8000ml270gT/MV+FgGJBikmYzA3r58PIK3ebwJyjuWhhgFR5usHPf97LVFVChqxlnw7huVdY4vSjYASd4YivlIV9hMNUdtDUJkzmNRQDc+cMbZwf3v5HOwj679QbyiHtgMlwKJJiEaI6DMxCXt+d3hzQiAu2ntGtwJFr9mi7AUoMjfw76zOpXdrYaJ6x/vcczuLkpSXZwlc6Fxy+W98vl/s5DpkwVX1Gdzy2uuwxbmHuFk0Tglko98SyQxBn6SaU5MTUn62Q9XXt0wRESMgN7j4/iRo+QF30wAoCJGCJ7t2VnjcvR0YeF2j25vP56t/d5Wkjh3hGuB1BxjNjbZDeRcDPnou1UnJPEFUaPX9AU4Yh1mDa6lDMW3Xk9F50lXhoc9SpazdK6y5ld1VzFqC5qotaDLCNkjADNbxXhAtYFLGMl0rVm42+iqju5Bes5YGNP/oy+/CQbPcqq71ZQBwfH59cn6O2wruvNI7X/FUEBG13w95eXl/TTE0bR6Zdkmn+430piPvfjzTJhoUkGrdUpJs8qQuC4Qc1XTd1EByE+mjGhHWpDGhs19OExrdvqWriK9FNzBsfHzbdO9/ocqAWs2gOC/RztOi/vytz7tJc/bIeKNgi+nOCyRHfi+9EnXHQ6g/zpIO8X4eoPGOzw1N1jN8pBlPWajZsaV+9zNh8U2rYBVpEIY8g3lMCMKKtNuhoZfvwA3YGiS1Dd/snl7fX1efnu+O5r+e5wj1D3P85A4NyIfevu+9knv42/92uU+C4vcW2EXR2ZX1AC+QkxHL1FZSp43rSNKCtiSs5COWhRvrveIldxJmeeEVwFpqA5UqgIFZiR0+p6TAnM/ACYdPNpToBIP3jlW3xEFTihr+BkoCHp9ieKiwgzEv7MDwe9d2DbB19BCUi0nXT9hUHW2WfPtGdjFk5RqtPbFaPlLq2LM9CKem1e89RAmG41RFeAI0OMlDhjl60h5jLKPN1gZphEyewIuDsIe9yHECC/EOZOCBpa9cPKcY0aH+8+2D3X3sJeX3ZBuYFERiTGdcZw2SeumNy3MlEDxMbV28EkV+ymzlyv5DqODYGUQENrMmPGlIsJ81aGCcrjQ4a21j5EkBEmA/1UT0CwESeWIqYrd+Xzg8NTh/tWTntxysy4tmOUNKKsEQVUm1LxepKBZtdZG9eRqAgY1xeqOkBwN+wevptsahFobUpLc43J7kwxTGbMQ2CCMmaLEUPKmPNTwYlgd3ZoPnhXpmUJfz25PPd1k+0asKbXU2aCboRGJEJtnRfjgCrF2vyPXVmnMFgXvgxfN+jfYpYZFTaFRWXGGWIyn2WYd3/EjMhe/xPrh08q2oy8KwMUnGgnMRs4HZzi3KI8gxmZjJAR2f4VIrhey4FCUImJ2+BSwSLUUC4Jhpe1sUxhUyIF6AWcFpiMsrym3Pkj5bv64a+K7cMdfyXSfhfrkm5Nr512ylamAZPGLituUCHC2hATZyybvpwNbg9bmTCnjro/aypYpu0qI8VeaMj5p8aMuP4ewbQoGm5PVEL1gTogVkKtrRfo6xX62rqxwP2KliRucGk4SWHJxEAH8QioRxeTQEUzB869GBOU0NvF+HfSfg1pFxcdRFzwNomXAlL0eWZYs/GiBTbE2EH/SuYfJUoxbjj34ERcFj/1J2TTa9TxBMow/yHKt5785e78+pIl0vVHRAF5fWk6vC0drmCByMEO6UwWyYW0tbyN2CrXWB6KVdGHnQtcaiWjAjUkfZ1C/kmxkHywhzoJUYpnzFQ9MGpgE/cA5PFnus1mM+DjBG+oEkkJJbwrS6ThMeplDYPWST9ap+hXItJ/2JxvM1CcbFkSWhdNZGyAEzmhxx/1BuUjNUnV18Kv5KEB7n2HpcJiQUczcJjs/JpIowKe2fRfwoyrC2hTSBH1F8YdF8UgZ+zU0J0BH/wQegGSz9RZy4dQuSN5RoXtSeOSR2G7dU5KoojfY6T/AWpcJsfVY8j9LTlDh9GJHvx4AEyXkU7+IPwS4V2nCTCJP4Xd7cJdJnN4SJu6USIF6L+PGgNHzBF3hP7+5RV08EzrOwBvFP76F3aZhymqbeMU8y+t04+bvrfkMXosXIF4o51YDC0u3N8p3/8/nxaceFcx/bc163cU//6bqvZf0++Rp/4PXjbOqQAAAABJRU5ErkJggg==','2023-09-14',2),(2,'CAD-8624',7,1,1,1,NULL,5,5,'4',6,NULL,18000,18000,NULL,1,1,1,NULL,NULL,NULL,'2024-07-16',NULL,NULL,NULL,NULL,2,_binary 'data:image/png;base64,iVBORw0KGgoAAAANSUhEUgAAAO0AAABpCAMAAADhslRzAAABaFBMVEUAAAAAAAAKDQ4sLS8XGRyIARYfICM1O0CZARjJAB4kJilCREdxAQwzNDZqeoN1h49VaXG5AyBpbnNTXmMnMjbYASOWDCRITFGlBCEXJilUVFekECuwABavRFn8/P00SlCyDytUEx2EAAhWBQuJj5TPMUuuMUmMnKSvJD62GjaUqbOmGTN5laBFVFqSJDUEHRuyUmfqACAwBQjRQlrJJDzyBy2usrWGECDzLUuXAAnxT23eOlmhusLuHznR0dTHFDC8w8hYgorzYX/ZDS1vEyL08/S42uHPUWnNZnvuRFyooKSSRFbl5+nKCSz8Olz6Fj7SgZXT3uGaxMryuMrrcovVHkH0hJ2mzdKs1Nryx9X0laumxsy1ZHTt7vG7zdQpGBvS6/BvKzfup7lzQ07UrrnXl6jbFjV6qLAXPT1yWGDy2uSSVmNZTFNdNkCPaHVLKzSueIXm9fizi5g2Iie98ffz6O5aRkyX3uvW4YQJAAAAAXRSTlMAQObYZgAAIxFJREFUeNrsmA1v0kAYx3EQzkHonb3OBnypJsxqvfN1m0QrUCbolDFr1GnqKmY6cDIVjX5+/88VnX4A5zT+yliA0vTX/3PPXcn95z//ORiazdO5f4HTP9M9Pd3a2ur/AC+6Xbz96dOnv1kXBlv9uJm2VwK/znmdW8AW+9jCIjih1GjE6/fvr7TbTbD7pfu3mJ/e6jfbgbKE9jzHqYLLVYPjOMzTWgrbtvahCyAn29sPrly5cvde5969TqdzDzx8/bx/uJ270OTCY6xaLRTgR3rGT8AP+ao6UHUO6AmmEp9uXzp3t/P08eNO5+Zg0AC3bjWwLS0uXofz7uE07q9wW3oOgyDlx+v1IAjDdtqM47g/7PfjOE1Dqmo4umWCVfLV8d7x1hpMBxvLy6vr6+utY8dax9aPzc8vrO7cfrLzBMZvdru5w0Vct12POVWHwRSifhCs/IyxhCRDOefzeJSKtFX3Ls6vPb65cXXhwrnt7cmkVpNSy9pk8nV7+9WlC63b4MnS4t3d3OGh2zaqjidt7q+stJuGGKE20aXaYRgExpU5pe/kiVK1PL/Q6WwsXHgw0QYpmBaeFAap2d6lU4skfP31l9wh4b7recwTKkzj/nQ6PT3t94dxLzWWvkIvFkJrD/sAp4JcYVsEpcJ4b74zuHreFh6AqsVHolwXtj8Drc4r7z241bi9s/j6UIzf+1JrUu3FwyFGZhuKgeIwpPcpcRRtoVDMO79C714un7k5mN8WGteKKz+woBuVLUtyVYdrsBLiaIqLMvm2rjdzf5r2RAu4Pkp7KfUgmngiFZEmM6J5StEVrlOC7q/GxTnv0mAwL7EzD8Ik3ez5Ep3blbxm+Ur5AFegjQvoa+/FWmN19d6fLef4vaO1UEGSJGHSG7YRKU44MoVb1kgXNe4Kyw98zl3SNb40YsFcde/JzfWJp+n7IdgMqZYFsyTCJXyF6QoRp6kztk8Nbq8uvc79Oe6/9ISORjjRIEyH0+mwFyZhNOsw2saItW2OwvYRVChL8MyoUuBzqOPB8lcdhQm+TiSJRfMyk3bN5oQCnKOo23yOR28R7/ofi7c5YVpHKkD9hvFwOhwOe/gLZq5UzFTOHoL1fZyxm59RqlYhW5gb31lrXJKeFdIBDKlP4bquVRN8Hwu+iVv1BeLdWPhD8a5kwWKoBsgVqoZNLaXURhamhMTpwlfNVOFaRdcqzF3+0Bqc0Zo52jfBmlIWVMqurWtWhA09i0cRt+gAR6x6JN7d2lhef3jwzbk7KSFDFYwUT/Zdn/WiMpkCRniAxqgOAlk0qiWTK9myG7dW9yDLKkxKIXiYJmlPCciVhXYFN6a2sIXAkxUwN3CjyDrV2Fg4ddBrjeZLJgSCVdzvTYdxpvpssxcy16RKD4dgpicVLR8FjK1IrsSR8YelwQntjemSlD1XuxwVnShaTzMtXUnRWvt3S9x2Alej37+D7pnnuYPk/UuNYGm+SWi4zlw3N3ui4lKu0OQ+l3nCoUjz5SIq2Lga5uYqR9daXz1WgavWCDeD6leVmXBrUNwH4rwkOIaOGL1fbFw99jB3YGy9LWkKdsQVgjWq5Jo8ehZSUmailYEfWiWjm5XvzBW2WbRnW7dvaNp95mpbBGS50iVR07DFZtsWbUA5jpKu5cmRdbexvHAvnuYOhN2zTEQI1ufh8GdX2Fr5MoMsqGPWEUUzUDMgSlCuSPYyO77W2vNmrvCCJjaMVc7xPSG1gGRG1rCULlgW9h1Ho/eDxs7yeTs+iG5Fk2zkB6FSqZGFKlyTR48ePQucymwJ5WFhQLbGs5jFSv+zKi4cqZ5dun3DyMI1U+UZSikUra3himb+E1ZRcOHpd6cWb61h3byxNBn1c7+bj9e8SGFBofz4F1fQi14yNqa+VNR+XQU29CCakTmbZBFt5eTisQ+e62rkClMz1xAKjHxHckmmah9EzpgQ8tLV5Q3cFO3sQNfz09zvohvjN6Pdty9pjoUsqjirYSpiQ5J4nysoYrrDEZStyheogk2qBTyyZMGR8Z2lJzeYFJpyJb6r+WqEo7vaRxemV75Zm9AHI4t54sH61QXc5q+a297Gea3av6eam99oNRu2tK0wDA9QCRWVTI2hSWbQJgukRkriQKLLirZJylCuCqwimwPFfrha59b9/j3vCaJdt11t190JOK6hzX2e93wF7l1cnLzOlRIYiiH79dG7rsSz+8cJyCZoUJor0Bp3eoJql3Rvu4KESNGiH0KU3cFhmRIF8CyzXPhyFqIFnASNEQ+XM+c7Dx4sLjYa22Ho2pq2XXmdubf1xf/Ak1xxmCuVSssZXA9Weo9/phq+5bqFbNeOWbRZHPPzy8kEVAHVMCr6zgLIXkfreeXlL+ceZi4uer0gaAbN5mXQ6z0pPC1soUfMJgtzs8x0C2AF8/BhZklvk+viTiUMq62gWnW1irY0d6/wxefnIl3sx0q5NUr2aGssezQyPfrhh2ePn2NTB6amYAtRguqYwfY/WVpsTMRj69Oiw59gzHktyaokCgLHcaIoy3ut1hb9scdfL2AmZ//Q18+fw/TuHyf5xch1f7sSVqudQbfbqoZ7F4VvCv/DUPX9ibBaujOPyZ0WtFg7RYMTnqiccVn3UWrMNoFRGB2XVe+NLKVKZF8sY65Ne56IneFJW7Nt3/dtW1PFzc1NUZWtpz8cYUW2cL8wh94K0flf+pYEU7gSG9u4JRl2Op3A1xxn33gxe2/u89t+Nf9baR3b1sLRT0f3H/8Mw2ekiVzhiRvHCySWIFuIZhPZCQLKMKYJaSHBZh8UcTwbW38jG2I/MztvhiSqG5ZV3k2vllZLpdhdtCMaD1urzPz8Hyd9U02R6cYOgCwGKG+7orken5JTO+3ts+MXs7OPPrPq99/MTsXiuBlYwA2K+5lnNPM8LTx/CM3kAnXTBCObSDLbO7BlzgncTiaSLxYICjgWiy1Ie56whC1NfyW9CkVIxuIADZN8/vgp9dLZl3VL2BlFSmMwcYZoxfTqiuc0Ug3cenWr/p52Z37ux88m+vbb706vLtZjsYmp5NpS4aetrbmlZIZuqyURFjndYQt/5AcW2CCFV7T9uc1aErVMrK9PvDE9v13OLq1N0/2qdWICUPAT2dnZlyd1S20sPtjAVBOleXaG8gXQ3fdUp41sa24VtHC33Xpx7/vPk+jpk4vz8zo+sXh9HJuaScQnlgpbXy5MICAQZ0zQK6yN4uRNhTyTpKFoPXsDbPBERse/5fqW3vZUkbfWY/grsB0tJaFK5BwVgQLy5JkrU93b2yNdT9jeqxjplVqHTGutVhBW3jz8z7aPvn1ydVE/hyijVzyvn9RxP7t+geeIly8vLqJPN0Dm7t27uP0/kwAzM0tJaoc4WgSGx8e5XG41nU4Lhu55+DCAl2Vx8yQbgyJMx6LUfjlY3pBqQLUduSLIVnXPXUXlrwpQ9Ws136/6NXtPX3v036r39Oq8rhR7l82gVywi3fPz80i6V2T+oxfBZbPZHA5PwcHhtwff4efw6uqy11MUXalbSu+yqFumqUqYX1THddsSz0NV5lVe/CWObK8tS8RxKVdOESQapYpPCqAaVrGYCGudbqdWtfXySopytat4uHbV19yX/6Hffju8JE84DJoUKQPCBLkq1wdDr+u6rgBmT/K4qE4Hk6FW7dRsQ5LK5bJk2HYYag2Zk3kZwiommpnI83h3clLmRJpvZR6m/Mj3bBtU2toeRDHT5B231unUsKyo1RAz/LUqXqARbLfd/PQCvsQ1Dw8ODw9Pmz0UbT1CqZMQnWOK78JWRKDT7AwG3Zbv2IGRTu+Wy5aGGGpVNy/LHMczW4+XralSCVW5uytgJgF8BGRRvhiCnd1VqeJqmuvkJVGFLDpp1Q2rDNfF/0Gw+Iknx/60Sv5q2AuGg4PDV68Oh7261b9RrY81Wazve1JFD7vDweDgoBvYuMog0HctU3LCGlSrFJAnc5NUxgAdV1xJp6GbzomyyEMWz8DzvDaohCvpnI7SQOpwzTuaC8mQIFNgOFoE5utPuwn5qtnsHsD1cNAsWtbYFCe4JTu2DQDzHJwOANppgCWO7Xia30OPNTyvgi52je9qpgetSDclw5Wly1MN8zLq2/Mcx9EqbohEtTDULQmuKpKFVIgsmajDQAt4mo1XGtqx9wmyp53OgEq4W9Thig6JoeYvME8fZw+eowHqAL9zwBg0fUf1HA3vUQwVBql2NQKu6MrdnoKu59CHszJ00yNdjhdFvkEJwsp1QyjtropmeTWn5zmSpRzhGpnmI1TVwVYCTasB/dVHV/EVxhZE2/ENSwfvu9qKT4w9YcmAJuhi3erJeT/o4a0OrevQCRuoTBUDMI9LVoJWr9ntdlquQ7IcvzLKVuDVa1UbQRmqKKdzu+jWelsVVFJzjLGpOkLSm83AB7Zt687Vx8rWg1bQ6bYUyTJI9RodJ4nazLMFTwrzFXiLB1QHXTLwHYy0etC8CnzHGw868giOmywbih+0WnR5mrjJkJmstSt4rGMiPD0vcABR5w0zj0VIXoIg0x15iqIo4VRVvRnYBNlqiv7243Y4daMVtlq2Ydi3YVlGkmwAOoQngwIly1aNLh8J5v3msIl4GylAojhGusIklhUaIjBM08znDUBzsKBycLX6fRPFb2tGXuImN6FKoCt7DhJntvhBnmMkyJq9AEM98G38ZUU/+ChZaxMrFbR8qxPR7XSHdLCxB5YE65qRI03sNA16ICXLWoDWaNpnqQgWK3vCM7cyaWq2LiEzKU+ujk4DKY2qjq7XMRjqmmEKkyuTkxxzVW9AtiYrW/EGiWxN3deqdj+Xs6pV1pDDj/lY0uIcrAcCdFtSY4zNMKj61RByGqYGb6cRpYdz5OXjF5q2tpMaQxPKKF5xZVJydJMDqL88MBh5nJQzprldZBqZChJQb8MLY1GODrIFqqHbYb8UA8d2qNmK0vyI1ZMlSOFBt3U7vhoEK+0z7ClTfwvPVBs77uDtIHCul3spcDteLs3lNbhukixlNcYAGHWE3dUVDggCU0WU5shT5JkjF4mOXLnIFiNLWI9FlGwXur0PT7aPmQ7rMqwLurDEXmN/5wFd+r/DNxyE7dp434NFOt71hT+fXlEdQ+DGyQKDHnCl8s1LAjQJyWRIJmU7jpPZRue1rsTQddeKxa53TaGtfLjtV2vWjlcJWwfd2l4FX1nauL7u6+MfONM0r0FSuLEwYhFEyrjmci6HbTcLFmBFpOuarhuEjp8YsxgQHP8HEN9lEoasyAlJEK6jteNx7KYnmK6O4bT4ofdZv1k+QbMrgY+6ReG+x23dxo2rWznDm0l0fx/r9/3KftRSvADN3ybigDsz0Ccj2byhE4pvK5gwGKRuGVYkSibcLcTooP5MRW5ZlomTvdNEtP14gnbVU3EK17WV4qMP7LSFhfl8w25tw6oBPDzerdhrbu3GNvb3UO2R6n4FwLXtmUL5zZtEdj0e7eLkMwMz66iOYYsD6H7RLio+TeXAgIQJU4H7O0RsoGAKV2oOdpgAvzeRjcemkjMzCeq5uq0rH2Z7+t3XifmL/Vpl4wEDKniMYLJ/h+aeQZW5ItTttmH1Xy+xD6mz61OJ5PTdLzPTiyTLjTD1EaZgFgMsLSFr6UiMTCe50fFOtjCzYIu2GANbCbKG1keLzsxMTyem70DXqirKjx800V7+PJdcylxqOxuMyPn9Ml68Tdt1MRtt4ysBedOw6if4ClEGd0LX8AnWNH2xZLbw6+8v2/t5JMt0N/9s51y8EjeiMN7MhAxmGIIJEgn4QOPio0q1grBWpRX7oFZrT+3r7GrtU7vabbt72n+/350JRPtaevo8Pf3AiOuC/HLv3Llz54ZJpKGUUiyuwLil0j2wwrKGNZPK8KYRGhbXU9NtXNDCPx43LDcKAimUAG0PtIejLGcfdF/O+9x/2bIf31zgHS3tYew21wH9C2oaHSOYGXt+v1rQOzj5VaF4UWFTrvXt9JlXf/o0324vDSzbKU1NIdwu6aULJVIZWBXa2kpRU1wwrWlQkqYt3aZdIdq1MmMy7ipXcuFg4L724puj0H7y+dO8F/B6JJOyWmNQR7roQViK01nG7IfRvE+JBbLhlam1C7RfRgG2cON8QVJ3Jpcy3493d/tdtG8C1ts+2qtWiRT3ytQisa70arVeb3ETQ3VLs25lfqqtEs4AlLo0aOme4sKVK0swrZCyzm2LS4WBC9qTUdZ4rVfPXkVXoVuPC6FChBsKdULQE38jKS3qb25APvuy3mEMQqHLjerab7XiPjj7Me2l//D0nTcMbEdb9h7e3+lKzdJivUXggmnrZ6gkgBIqHTVnjo6ZUsaQ4lk6TrnMClzLD22LKWkjwXjx0cGzw/Hb7/V/WH7/4/gJYwrDIISdBr0CLh+yp+IFbDB62EOOpHLcus/4tY9Wplacj+txgJaQILwu/PBDvH10ihw5Me4iYDfBOtAGxvoamfAuKem2S5tDzvyonXirR5bHwmKtwXhoWWHEUIgPQDt175tnpxUv3Hvtm6dnLy+/dOVw17bhkFwJSNE3pXCAJBSGIU5GkAeqFymhy9xOND2N2mo+7nt+LIO657fyshjVn/5ws978glYEWQ27sjK5t3lOic9QlcUSlE1JU9C7vKAd+DFY53MadmsJEVliuAqKUPk8wxR0791njtsHe52F17169+UgvlZSGq4IWOjqCMIgCrVWo4hY9Y/B4yc4K/Bq7nu+19/t5/sRPezXl/sBrOt98PTVb6rrTVhWaxK0k9mFqfOGq8vkQ9wKrERRKiH9deVMUM70avO1DGD1sK01WABSzD4s6PqgXfzsq2+mnzFop2arp9tXQTRjrealjIiKYCPfi/yY6uGhlIJz3UmcdE8/VvjZEVG9W+9HBaL184X4rFVvdevLX75z9tkLk4jdp28ZWpqA7r3weYszchx6jYR3o0Ij8RZpjm6/SEuDeKuHsIlfl6AVWNdhdhBZVsDZqnfmudbG2wcffv7b6/mTyisvbp7urL0UhzIMpFRkwIIP4ZXCvicLdbrGQdtUDsVdSCH0dncxWFv1sNvy0EH//DvvLMdfT2F9gM6t07eqRJudXJn65rPdk49DuLHLCdhVrsHtVfDeYbY7qHO5zNzPHRpmhXq54ehd7DGbO8K2ItsOfC9UbOPtrz5/Rtlx6kXUePd29qKX6sux42IsOlyQJxekZ/st4QbLcax5idYMYEGjG9ELMfisdVL3WnEc0/768/2vL7b2MEu3j3bG9vdM0aLzzQfLCPknPsE6zKFYgGcb496KUbmENzcH3rukQAUrlMvRvJuFabd692rMFi4TtmQy4Bi+DWvqvU/7hwe/FY8nX3llG2uY5lrhOn8Wu9Zwn0KIVr3fElyibwKintsCDVuZzlDOcre7HAfUHt+4XH18sbde7ewcTxwfHU2g8Dao0Sz133/p5KSPaQIebIcBfEgMBm8upR2w0j0D4hQ1Y1DnybBZiEzbW1k4Z07Rtx2phCSXxqzbu1nNh4e/2UYx297+YgJL0+jSDpYDzJtGTBThpi2lLKaHm5Yz2NZL9qg42LGP1ziv9SrVieOxTnX/uNm+36aFBcFWtXEnv0NR7jEDrI0nwDu4iFxzyuZLhJmwkubwfW6O7DtgzRnWXo5Y9eK2hFVCZWllgzkyH/BVz8ebDSKFU4kmpO5vzT7hJc+uN2kNMFtAbDMwGtAtdJXfxeytyRJz4oEjOUEn/7HRcM7n58Yom9wZq77VPG7fv/8FwVYHyuI2ubfVYPB9FckojHzp8kA42pVTwwI0EeEa1sSsKasRpRePozIchTYWlz1m4SZB6/d/O0G20Mg0j4U4cN8s4Am35GD68aQF2mHPDx1sF6AJKTvPZTqEiqT6+Bj39hGu/KAVEzDTyQdpxRN6niNl2PJCJnzBI87oNciVAQJrakzDOgxMJjJhhk0qVgPabK48s0r5IgXTOOZEi3jlPWO2PRBFLETPx5vI9cdn8n4kBXfJcL8pm1MmfT6fq45RJwTtw+k1/PHO0RGtj1GIysKkxq5Eq9MehwkpnDiWluChEqGto7JJlG5bdjAJAVWz0s/ITzLYGIRMoYqVhWBMRAqZlBT5kEZV6/CZeZTv2FxclitNlB9Kl5GvVQhIkQ7CXBs15cfwKxaef1IrTcKmx6YPgjjbR9j3eAM9pWRXvDnc9LGjabVpeQhPCWLBFPyO8nho3sw4KawxrDFrD0GYyOFAndnT/QlT88uU9jYagjIoAUoeCsbrHLYdYSEfuzjpfGYGg63ZrDWKQprcArmgF9OlOJh+SHQJJQlz8YzqVSZMYYZgwYl9ZLqY8sGjNxd3MHqrRDkUFm+zWw0MBiYl8His7JDBPRSOFKY07RCXSG8HJgievbTwiq4L7o9PIhnZK1lFJRRoI4xVhUAaYHqLRqB9SdiItM7lC/dPx5rH2Y0N1oDMRZVCytVIZxrm2tgY0P5MMQdUjNSm3i5/A2X6B4+urq4lPLWB4bPZrhqLEijdYKzZHmiZKxHULTuPswsnBq2jw1QHpKCFkuBcS1FpEGeXXnsNO1PYJ0N5Eqq8NWmVlSLXUCFHHJHcsj1h+6PU3gquzelaK+QYqFtUkKTgj5h+HhvkEMghASl0/szDB3YAii3UFx88ePDoe6nwS90/RJmzxdo7VeLsACNRJnvecGjUIsFE3DR5oyOF0rTkxpBhzaWshJqdxV78R9iBe317exEFi6W9WdQfa2XHVSFWP24IUBuDl117wSi0Z76wbORz5Uev3G+vX1xy1C4uqKoHbsiQAx1i0MbkMYHex67BPU4NX+UiLypuYzRT6owlkVU7GodZ51Llsr0Gc5EGBH1EKH5lZjmR54Jos1mizUCpWcGqUWkjHgX816Z0Kf0t2l5B7xibyUfwtojOmLIQYFwEBT+sj1KQst0iperauBMXDRCQLi9hzJubG4CD3LBPIlnYb7cXFtA32j66YA2HrOm6HIkgpxmKnMRlbHsnhdXDMbOByZYSi7xvWzIiWCf087Zg2rbJYE2nVihbgVGpb4FsOjlOuUoHpLVzp8xnsLAOJM2DDP4WFCKKAr5qjVIzL3sv6XV749HRG80e9UkzWu1QB5PhBvklXpXPXKzDhb/Y3EFZCS2yjDmgpcwXJLYDVjzitpJk3JRU65zCunIsClOhBCwLY8/n3AbtVgm0qV3n54G69MYr0PbCIjb1UNE1pOe2jiWqqACaiEvBuMTrOb47UrWx8O2rODUwbvnFo/YFtW7Fy3He9WUkEFdAzKiCUYbbPqlOjKG7EHWpieMbnE8N6EqOMKehadgyBYMt7NyFnQcsaOHn0swaLIquvFi6DmhLk8ADrEEF6fYR9Y8sbGIPd3xvaNIGUPEuuQgDbkgZmF2lChHHYxn6z40ir/6xTda0G+JiH0mAJacDZkfT4ixv7QZBywW8DzM65dqgij7R/JTpwW5jNCoH0PQKNkxtwTOQnLc7GIoDVNwbDIQOIgTsKwL8CT8K8ldKcfLk7BzVnWoo+WUqp+0jkN5bQsWPFhRzNEzJx/SlRERK80OQ0tqKR6Bnoc93R6JtsUAxne4XmSVsYCy36sV42mqdtJatk+V4WsrQgWDbZFOvecHg6HrUErVtm4IEg3Myh8Ng7T1j2HlEOBw2mO7tkzGzQiYiwEpOo1wMaLMwXwX9bqcLerM6C9IOgZ5r0iJAlaRlN625o8h3iRW0ZFxhqwC5gJLPjaSry9DRtE5jflzoxjRRUGFgRbt1yz6R3nQhcG2o+ETv4SHnWgMj4pHgDldcSM4lp555pNWYFWhPZu0ohcWdQZYjRARQKaTybfw3xvA0HZN1soTC7dIK6rhoTwbowKT6+mulJFiha9yINkxsSwdexNLAF6w72o5IJZixNG25NjGvyulqh74ccEo/LxjRnuc6mQzefY2iA7UyUn0OAc20c+Isu4qvFhhD8e+oMq9hIRzpJRleB9VMLr18SDmkj7dInjyvSzCl2b1ZCvrZDp5DJgUofq2lkhIgkMGscXmCSwZ24OOKjTZqD7Ax8bjcwJPKxfE5qyg4N+vYQXas4QkW8dacAasBtKSxNhUYmcu8w10fj6yFzSEsHNnQKjgiUtI4HwicEYre3KE8OdvZWttEC3p2jkgZA6lSqpigamncEDK4gW+bP8kYfSFqjOjH36HJZWHt5rLMynudjaTz1jGlNvNHgW7QXPAwtrU/NksFjp/IorvF692TLj3oHQF24MgbGtYREuaVAmU7RR5ICwMbtJNj43uzVRqlRMrBJZSicz7ATau7EFCD4MrPSz1ybYhmg2jU5oM5bMZsdtYu+NY4/pydmosAbMRiCOC4hw7ZNocNsSzYcb8js9APTh7W9dBvLwHTaA4UREvbcCriCDQBRrGymHKJNpvRuRrDFCNIRMrpC1IEK0mGFKg6ac9jqXKNsKFneeG3Ru4++G4xu/LaZhVTKdrck3dNqHfFiNwQ0dpwnIOMWXdxbYV5O4qR0AGi0p4DbW+LbhuWpo3IHoGMXMvzbLItd1EC3jDhQUNpVE1qZHwY0qA+5GFd1o/7/Xq/39If23Ny8nB69I6hsrh6c2nz/mJ1DOd32EZuDpahT9HNP441x9bHHmPwAioVeMBUDCRzY9+ytnYyOeyVaZ1rR3eVg2/K9gPLiX1hg9YxL8qBeRc0RYVRwUnbLoQHPgAmH84Eyt+p6W5ezNysLexXa5YxrSnGaNQUOg3U0EZzAhWLiwYta6xUjoswJXCYeX7Gmq9OlnIaFnvRNU3LidZSdhQgV8YJAS23IJ6adIhKoMakBNpvdYH48AAC4h/Tw91l7+rmic0VEjMNaIKKiU2pt6ZeXmtSo/+a2wi+xOeT4LKOQoFKrAy3pH88N1ady87RljRgQUsvy2FOnA8rrzBq86C1OafNh9SkKakGDRLQQ3zaEvSnXobo+YVwcJL11hd3dGHVJnI7cfBkkss2kVFNVHsXuKDg6tEVXWZw0TNRaY7UGa/iCFoSQn6Dnu/S4sdlzHMxrq88YeEv8FR3SX0/rpNF4a/A/POEszYgbvXzQSgdp6iE2RQAfLEIcohIwZu4+fg6Vib7x/tjt2W2fKhH6C3AQhVi3URTidPQhVmBYWs5PgetyHtX8KRfsin22oxJD4j0r9H08EHfNlyOC+pESFWh4YX9DTaxPjbxBtrk2qemSW7c3LAORQFyf7wzh1snO7u0UqKdKhMLFKduHxnoHPvKCxzmcDclNaDkvLu7hxSD/kqlQ6Pv3E2S0nyDiHWu1XhSmphA9Q0X5kD79GVarLSJdaKbXLt1jg3wsh4PzJZUfIuELtCGgWID0yqy6dCkIzjvn4rcUmaBcUe0BE6FvRC6+KE2j0UpjqQN0A2lk02UQWYKM0BydfS2Bc2xklyHM6nwKglqGGlSPUr/FtK7Pn3gOT+hpTmRpEjmc0g4XbrFGrdExTqk3PTItjnsJQWnReFwRpPCkUpnExaXru2ClYwa92mG+ZNNOvqnER48bPkhB3HiybTFqYZKZn6SAcdgTsVIhjF5PjA1LVbCIc6ABXFHCdsho3r/kE1TWHwqYatf97BiCaURuIS6JcIFM6TNbZAT5nS709WrpgTe7DLIALR4UhTaDNNpqwvSf4TTwIL24OEJ4dIWdV4XC0IDjC/oFvKvyUzPOrUHYgKcJJdXgev2+1HIWfxVMsn8g5o2vIcaGMTg1cAgTgxNxKn44PZzue7AuCbB1r7shnlqXXGYjz/1z3+8G+ES8CGAd7u3kMEMpc0X4g43T5Wiw7wsNS7JpRGLX7Dwuef+edaUV5v44W1mar4g7CsDHmry1OCpmyekpBTXBq6xLlWv5b/tQyhTaE19uGuwidsMaagAcmPza6APuO8a2x7sgya4ECs892+U4U25E1uDutuCsKpO0cnoxtc1cwrssEEdxFR0mBM/92/WAHfw8AAyJk9sbtgBP2Ani98qJEVSuTaAAcuj/r/Ni0cX4Rt0zX4C0xvjD9WFdkn6weG/Izb9Be7wb5hi/td/Vz8CR5Ge9vyF4egAAAAASUVORK5CYII=','2023-09-14',2),(3,'CAD-2932',5,1,1,3,15,1,5,'4',5,500,16000,17550,NULL,NULL,NULL,1,NULL,NULL,NULL,'2022-10-12','2022-05-04','2022-03-05',NULL,NULL,1,_binary 'data:image/png;base64,iVBORw0KGgoAAAANSUhEUgAAAO0AAABpCAMAAADhslRzAAABNVBMVEUAAADf4ucAAAANDQ3k5+zi5ero6/D+///c3+QWFhfW2d7S1drY2t/Z3OHO0dYnJyfJztExMjLGyc0fHx/t8PVGSEjz9flkZ2csLCxAQ0Oztrk3ODlgYmO+wcVWWFk7PT3Cxcm4urxNTU5cXV7o6umvsrWUmJq5vcKipKeFiIl/g4R6fn/l5+Z1eHlTU1P1+f2qrrGLjI+Pk5VvdHRNVVZHTk6anJ5ub3Clqa1lbm5qa2yqq6vGx8e9v79WX17y8/Pi5OPS1NSHj5D5+fmmp6eboKXv8PCfn6DW2NjPz8/Cw8OXn57a29uwr6/t7u7f4eDKy8ve3t4pMDH5sHzgVyDigF1bcY+top28pqWKY1DOwcSkfXVvRjQZJC8iPVY4DhS7sbaXkoy+mIf++O/25tn/2Zx4EgCcolH0AAAAAXRSTlMAQObYZgAAImlJREFUeNrkmGuXklAUhkduO6eLkAKiBJlIXMQLB0aZkeOIM2iDadOnVp/6/7+iDZPdv1ZTPSwQj8Ly4T17s/DkLwB6cPL/cLk9+Y9Y/E/R7v/9aOELvSF8zV8XNNyx/mqBNaIgS+VItd/i+Qd8jef4T3DCfrn+W4wBUZa5wHHCd3weaH1mPOZPHz2ocSUKfIUi5Mp9N8b8ljnPcTxXKQk/ofUFQYEHC/GUxwszBhg/eTafBmQ2I4F3Nngu4Iig3F9fUHKOR8+Kz6YcLt+OHV0FENLeShBqLYDVZvaiwbJMnWUYlmHZhmQEZ88x3Xx9H4Uht3A+VnHebT6HeBw7Ch/HWrByboRWTYHWxmgyDJo22tKLaBRFI1nrNllWUsPnAK37FjDkPC+MoWKMYPcpfbiKylVRxvAN+HYQno55DsZTiWEwTM2os1Jdt7MwzDLPT/SRWWfa6hy/cZ9811yNF1r8g9PV02dpbzC4uLranNnh1HU9z/N9H1fcuBXTqb2ZvHz66uGDB9NQUGrojK7NrkyTmacxUlMKXN/DL2f2deEmhsSg/ymMl/fEd39xdiMuUPL1xZXjnJWOFX4QBISQ2bneN2jZeYJqfxRrWlcyX8jSFIQarFXM9a1Mdaqrico0pGbfCwLfL409r7h2G6xpau4pKPfAF4ZX3lna6/R66bOXnUGnd+2GVao+QdnS9TzwphepUzh2cYcdZh7pdxsb4Hh40mYYuehN5hedIlGDJtuty+kivblZIGkRBKHL1vuGZE552P9hX7jcTK9Wq8UCJ/DEGSzEN2LnwnGnbujOVH+AeXduVoeDpawv81TFGV3iYWoFaTqAJTthGOkKIM/z/frg60RjzEa9B1bF0LIWwcxWmbauj9ryRgHuT9Yvug5On9ykmO3c6YiX+RKBXmg7cwzQnkzmk0H6Sil/fA69aEZIEukE8ZN6CHwLQoZpk8WtdbtD9gVVdaYtMQQOh2Fpe3urpGpga4zWD9xRY/QSeG598keAS8edbEVULV1frvZKbiHKNrRtp7DtzCurL0iou8cPhjCIE5IkE9dIVKLWXeBa4DOsqRtmtADFujzsXxFKmqxWl1aw3z5dLHZ4OpgknouDgZ35Ms6HWi3/E/FaoT9ZLXqo2pkUg91SKSdeadXxssLJynuIV7VkEj0D/EjxYjWJQliGNKFsAJwAM4aVVZ3SmGYDEdNcO0ZgMnKb3RxcoqrqbLATt1vv3O4y0sjLwrCvnSp8jf/tvsoFcUrXDrpeX7zJS9eK5SFz3SLDUAM/IATTTCIb8CKIUaSrcQfgUlVZFTgOglKWGoZBIzmmBHWyRJUZU6rLelx2aD1xXex5vquzUuO83NVC4MuHh9/arqB37r4RS9XBpJgvrKNrFS3xsyLwiTdPZqiKEUXEyi0ozNigcQowoeyovPVMUVaPKow4jvFa0IREBtvUmpKBh+HBJCAET0Vctit1/XBajALgePT9neW7PSe9VQ9V0dW5GSp7C7kTzvcZIXaWJHSe0gRRdd2IRFhauilHNO7Bc8pq49ZjcLBmaVwhR7KpybFm6iSidVZutCMVwYOzyebaufKzt81+U5/ahXE+5ipdrrY8+S0svb6zSgfIpCjSy3U+PLoicJMQ3w7Q9tU8UnWEUqM7B+hIshZH2s6irCS0HkLKMN0olu+IY1Mzu5IjBhGVsHCbWM6lLT2zdrvbYepS5lySwomj60r5HIlL671y8uuB1y88cVGqOsVZZ6csh6XncbXWNtWzTFUpWYexThHDiLo+gN/WMNzY8dnmY+Uh8CwjYahHW8zVbAawnEQGFm63qel32fpvVqIoHi589kW/ce50DGPc4ird8asPv752b0dG50k1hW2ns1qia8XRVtliawkDnco2ZDI1opLYNJaWLJmmGUdRs/5UeciBxrRN+Qult5lkmZ1ElG1oDZNiuAmSbtH29jBvNryu5oaaAS2hQqm9s05+LeB2sycpxnqdzbeX6Pot2KPmMfUznUbxDVybpWmJ9vbySbOLaJHEDpSHD4AwdQlL9TMYM05zSaJ+pNbrL9pSpPdRl6gDa7XdiU/FqD7tS6ORtgHhDoX/8Iv/gN5Jo1QsY7Wz63xtDX/AyoMocn2UpbfQ61aq6KJJRG9IiCYxZ8rDU5gz9XrD1O508QVtccUN9WjSZkdS+8UsIL5HvI64erIXQ0dlGo2G5j9Tjk/JCv8+HZ78OsD9SKu5N7VtRFF8JOux3l2tJVmWX8iWTCz5AfhFeTahkCbQkkJDp9NO+0dnOv3+n6Fn11pXfUxnkpADGIPslX46d+/evdCYXvcmk3yd30+/fH3wH3K/PD5+td4MjrttbGBPn4AiNew2Gv0AejJnEWDvamaz3uwDtxSMBS30atpud82jfme0mc1RnOSTyWQ93+80MZNzH42rhQVSaOEufv7l8bOZ674P+mN/ed97k2Pnun58ODj4qipFKxfV8zUW0e55Nsk3mItQH59SEvbUYdRxAzNo1OpBgCNSChfCw/HNYftVDcEwOsWynd+vTkfoYHT21qkj9/+Rb8SAjfHMsKa/fbY89Xav3vazs/vrd6iC89kyVoiPkHqCDPWA/cDr0+4Xs5mard1+H4YBRAEHfXwG5r5FKXEvzPqrY9AOh0Gn8QQNJafS4GbaPq/1W0Frnk9PjxogHawSS3UgpauOiNAYiWwWJqH322+fZ811x6Z54y/P8puHbIrdzfz7q0fF+v7xqxdv49dXDweP766/eb/EVU/P4RKWVgArVkj6Cjaz5RAqJ22tiVxUC7pP3fYMW//D/Va/i/pRrs036/N5s3mEfN2p1ZpHq8TWpEqu48UGUJM0DKMT8/JzmHu1bwaXd1mxnE2/v0fP6PDm4ODxEYZexVcv3vvFMp9tznGpx9KhwbFKOVtb+yCVrkofzT6xCImNutlstDaNWqff7oVCMEpoODnvDtp7KDPvxzf5Uy0wa0hJPaJItaJ4sXDsJFWovmDMDYLnp3VvUfbsz29Wh/PZ/TKHtecvXejqxV0CzvNXKPvgpdYXUMmqUKX6aCCaAbO54bgjs/kUfDEfoiORhrL67GWhF1lnr/Y2s+n8ZhOgydptr5mcp5ZVQY0jQ4RhL/OBKhinLO7Vnn3J/VL1d/GFh24bhTpsvOzl083+F0Gj2azX6zWo3ug8yayDhKNxNbD8AsKQ2Z5huLlZ7/cb3Wmr1jwTidTLoigS5mbn54MhztE8ykPHje3YBqtGjWPLY8lsmoqsx2ArZanwqDv46ZmNzYKgNdhvBXWzFMjUcy2gSt7KT/VmJwBkH73hDtRoNPGGI2p4BpEVY7+P5jgq333YwyjFg7x+yx2in9yaZwZMRXUoKqiRzX0E8Gp6lvhhyhnlHsUDd15euM+I+voFIegNk2tKSDi+zbHFXKNz2B61UMRLlHq90wEMBN7/UTAlBM46bsvsNEyovamtUATqxrrsNc9Pl2yhSKGYsVgdiB2bSdTUL85E5DoioQQyHJt4NFq9fsYuMUY1DARUhHM6rtYCd9uxDNxf4TMfaaPIsM9dXk62ur29PUE3WWki1+b59MQ3qBwKfahOU+G3zhuHqBB2Qzp8STQp5DgGiyUqEvA2LYUpdV0rTI2E2QZk44OSMH4uYx2wQsSQ37jvI3a28iCyPWjbuz8ELNz/En5t8Yj7zIBcUms2TMzxOva2g2MCOtvgYdE72Yyax46D0dT+RmpBLIeIcEvqQyxN/MLntqC2lIWTc+G/fR7WtwpS4UIesQ2iBNISmtKSnSt6xa6l3+lRLook8Yk8KPMx0hWImzIZdU78s9XFYDTsNGvNfrdwNauaqg4LS1SwCoinPWHBAsYtvFCdw2O+7z4D69XfWI2qSFX6qEJV1lRY5X2hfpKEjKjjaFf0myqPgbY27CA5d473B+3D1ZvUiBc2WEvUyBJpVpSoYFXZjGDj43g2444FyUjmTGSvP5k1NkoIUj4hlY/y95ra2/FWbSVEslKOsicVnBB5MDbQk0Agq+Vs1MbTpjk8KP9EHTmKVU1Vg05WmVC+alTuSWFCEUnrSF6DGojk7OBTk9PB1rGKc4pCW7azXcOWv9GoEhSSsS5wvUyOIW1317XRsA7Uxmi+zlYol+o17qpwsKASVQbw5mK2LhKNClJSjoknFvMiR/FywkVY+J9m7IO++h2q1pZ15/nWwIq7GpVL4SIVKy9hQZvC1Xr3cBIKT0ymKB3NPdewLY0aWURWwKGYd2eFEJgAGlXJUx+GRQloIZngfKxLnzJxY0lRNRYXKqVxtbeaFiLeDnaHSimhYBVUvk4TLfK9VWrHEQPS8mwDl1+6donq2F6ZgP0kn2DXYyW+x8sbuaVVMizPAG2k1kAmEMovPt7YF+WFa9ZtjGlcfUxHMdhUQt5FPlg1rEhDRv8yVjpBUetalDGBEE3PikGwwuZmG79U7BJwGqIEt7JM+MZfd1GPLWltma24EJR4TKRF6n6ssbycnFVft/83oWHJTsrH8tPT8FSJEZ4mglKvvGF4KwGlSjcQFYzzcRHJ3KRQ/RQKlXzBxmMmiG1xYWvWCqxhCSOKjbRASZMSWXqMP5L24EtLD66NdaSkuTtYT2FpWkgvuYpjK8PPUpVHy9TlAbU6CXHV3C8WLsLRYH5JqjOwl5751FpYhNpV2C0tkruwY5pRD/cFeQy0y4ePa8VMCGjJP2Cjkra61np/rzK2j1p25CWZzymCzl3gPR7Xtnp6YDmSxa1IoWpSnYGpEdueI8vgqreeOgMnGC/ihXHSagSnKFxAe/buI8qJ93eXvVjn4rImLKVm7Q4WnArYqyJCIOIWZmaY9xJGrDii2ezr2NOoMEYPjJFxD1nKwr+jUmUeZDk4YektpGElrU25k9JTU6rrY7IXZ3cfnJyuv7nuTT1Ls2rYSLHi3FVaop2tcDLBUA15y9VsVN9YmFcTNGDm08OJRZV0cQnZjkynxAnHyFaSVKOCVEst7kzDeoDdnoZ6NiWMXZhb7YuiyCbiA2G/evvu7pvTyUIvqBVnKxlK0VambMmpUO3Y6q3ag6PTmnlrj9cr/OfMbWa7J1OLb331tLMYjhDLJnkeXvsl6Q61Wo7ZQoWyzn7qNJQbePF6t7V+g+bHm28+DPbb704ur0/XrlMGbNXZf1S+Kh7xrQIrBInsycWo1R9eTGbB4Ls8P7l86aNg/+Onme1RvW2SPGq98ZjI50fBijIBlaQatErLjUoUbV/MPV8UKDnrNYW7l/TGbz7M2/fTTu3rfC+jajxiyy2G2mY/lPZCFVgdw9pXI07mR93W/uT25HAzue5d4v9N3txPfv7hh98PmSVhwaOyqWRF3zsis9bhiomEV039Ny2jhrdjBSzCgHlYhS/Qxes0FO5w2Vue3H2QtT8PGptxZ7LwMSAWa4ahOS5NySZy1eSMyKUXuGW1v6MVNA4Hw9aoN16tv86zr656g/Z8Pv31R6nNn82cCXuqRhSG67iMW8AVFRVBBVGDirZoXXrjjcboE9Ok+96n6///Cf1mADV2tfuXlJukBnk5Z845c2aIEEr4ofTQZAJuoJpEzz+lBlzfPpdfjjPaJOSxZnjNjcpYDLLuT5Hhimt5YLx7Ee3H+Z6u5KWIiwckVp+FDt/i7sdVNbFU1dQy6Q0gvDmEdBcPt4u9jj3uWp3xdDzfjob2O59+/sEHH3z4/ocfATYOXQHVKz3dKhHfMNMJoZ+jnhRPoI0e7ApYFReAAvvKImIx61k3a4D2onz77jfDoUVM1Od+BwRR05tmgNmfXrF0ISR81AyXGhbq2alhD8cl50Gpd+rZck9rgfX999//8O1USEgAlVdjsJJnYJw7zCmv4hgyrnxSfJ5EQ/xy0r+3HBYXgCZI3m32xNgxZuimcdEM1zHpzuognXO56e6gkF9aYOS9KPpZpE1QodfoNBpj56lUmopdC29vz/vvA/aHDytqKAFUXp2Eoyx5eDHZsyhuQOgUNnCQX4GzSgOsLizrTlUzuH2aiGZPrFAnQdYGGeprh15C29jfzrVALnCgPZYV3MKuO4PumGO9+NRPpbu7UblXSjdqCvYx1gkhzqv+J6D9/M2UFPajejiZQDDF72HadIhKuAWRF/ON8zLxCmgM1mdttTAHFJLDIELyPaVtkoVxlZYzuYSWkgZdbOIw7cGfOClrDXmwKHTBepjj+LA0QURtHEOsKGTJeLrvlXEBwdh7X3/w/qdigvrDIRJIshEoRLG1JI4SJOCHpuiZXX1UP5kzWs4KWLBqWlVFUC4EYxh20tPjmIC2q73OXBSkbPLQ3GI9Kee/N9/VQJuB71zeMI9U3sUcy0WBJmOk3TZWs317Wmp067N2l/XW2tN9M/+l/ByXJM6KW5VIYgz243ZdzBaVdURKclp4Mgx87Il4pMexIggerMosq8lyS0V/IB8ko1Wd9irXIjxZnnQeLoGN07a4ozmh2uc9eg6bk+5fT+R1pil5UZpHMMgtWHmgzIVFcb8a3lLoWdsVxjc3r/ajJaW3TjrbpIlqJpnLuXO9ZFQISXaWuKqpfQQsMMZfmvXKR73y0nmKs3peLMuMNpXQyiS4KBGpRu478Cr5dfuSHmszmaOTkkObFdGaXFGojwrgu4++fI3P7yMsyQKWW/3QiQJvMkBL+fnNcPE0c1Yzw7neDM3l7d3zfWeslLqUBiK5ONJjGKZFdBJy4Tw5KDjo81a64Fn1WHl7PuxlHczpTgyr63ILGXedJfVVjMx7ZKsTks+0h/QC0yYRMWlczlGZXUe5YFQjlD4O1il52H6tYyYDSfRUUjyAm0DHxetXT5uZOZvtNp2HrVmpNcZW27IMGf1yd4kBLUEhEEF5H7kSyalUjitcvfBgD9VnRXuDT1/BClgdAm0qZceIvQkSp0GG72aJInTMC2gfceXIr1I4J5WJK7Ek9z96W20lOl+9BhtfAhHwtvLMdOxOp1HPIIBRNd2kt9g0vZ9t7KHdGVn2ajJRryK0n+M9One2E0BIvcKsGX1ViPjKhsIIzam43x84Z+XjlTWiVc7KYAcDRiukrCDZbwmx62T2XCYVYZy6wLTRiB8WI3rev5xi/6Nyx3hN3gxRu1gss2XLk2sds8Uq2shusMsUO1TbQ2eioZ/AxgD81vVGsHDBk5OCGiqRINbFcJbjOVB2CKA9BiZgnrKilmm11CpDlTksp01VK4hMtEe6Yp0+5MkoM368wLSgDXuikmrXYwSKDV5/1Ol+9ebryOC4TIkDRIIOgw1HJ52u7cgpNCD6bKTz03h9Cpaaj73ZXCjSYLAo9rC06fEGUyGEroRbrpwMVo7qwlZVWau6rB6smkhlzBLJzimddu3HlV0gHd2if9y0gm9annjgtymnUmQTqY/e+uqjj3Qzhgx6XLjNpkt1A3VfKBwXwrTPIX0dWKFT2lCg3yKEwRbZOr3o4Y76WCBKMExOesoKH/bDMA9OEFg1NClsw+yUSfoBD5MtnjpFvYEMeEG2fSXT0AHXbflSGpXHQ2mBBcptwAiCFnu6eo1px5jIC4H1X/i0nL38rJqP8rqDzc15b9Brz4K2TMCaTWO9F/JwRdwZQTh6r4vqs6qMVdN1lxUu3NLX7XFDmelGGrRW2dp0SYUWSOWSZPuIGfwJbth/clAKUQoHvYrqE13LRCPwVjc3sQb9qcI8EfuZ+My0vD0boCb8mN0zjH3mzl7anYTiKcHD9Elf1hLygNPCnbG5Y9xojNqDxGAtkppJkHKfSIE2yPyivTLtjMQaMZEDLwf2pj4g67vpN/LzxYJTRT1aGOkI6zlLAHUA4lMxzW3KcN2RYeVQPZxwgtQrJTxW+K+swcRre4Qtj5YxMQdbeTLMEtHOE9HZ93q0ROhFDeSKwXZaJVgagjzQ44evFw7rE/of0IuqErAH1khI0jHeYyJ34CDhZubcvVAC1cNBKdeqLqtXS6DBZnSnWPFsm5O1oeuq7JjtWDCG7DNtZ/caFS+jXaSdfiSOZr0Pdo7rQ4dPdWrTn+t0kQEPJNIKwaBlsPnZXGsw83Ljlq8SqB58waguaYuzMqPqhm0pSqXrDAZrxzH1akZ3nLUVQ3VRI3uLtG+2wfRFtHJvkkRgAu0vs3qwJ0Z22QNHYr9B7D+SGAl7P8Cr2FcJhPUYG6w2paipOwTwBBJTjDbjSj1BBWlVNm2r8maha08GprM2J4OqIMgTtp10hFTYqcSaJVLRLNJ94xJpDR0N6EAo5+45A9pL3F+wcgIXFz9NW14A46s5rUkLJ+GGDfDMm5QMEuOmta5fNe+e9uyhGO7KsWpCVTmnT8pHK5Z3Bsx9G9O2ORgY6/UEDzgmUi15MFk7hjMYk1iwtlgssqS0UMjsItr5uFXN1wrttd7KBPzAi2ner7p1Dok2GlUF9yVhQCU0pzMqKPl0+ktWcmVTlKcdL17F+xXXtD1aGFOqlJ9u0/gBo5WxrglO36YaI4VRWUwqdCYYs+bQHGiZZFxlw3iwXg+wdbdSxMAPbm4sUp4ZRXJ9WW+10+ri3ovFYq2OCI+Uiv0gnNoF5/EYOuDmBCyMY/01xHBZDMcSlW0VFGzgLNZ6ijJ9z6R8Pe+QioqMlgQfEKweKSb9dyu8IZ8ICaD0QVE2wTGGVgHR11QzsmmaMz11FRbc6Y9p2IbdqLHbFANtfjuMzVA+xuhFtA/tSY0gD7JQidPA5cqlegNlmWOyyaSQDPvj0VdUwiGHApfTQqEc7gmmwYL1yccff/thad1Psq601xgPyXDcLIMsE7IDbXZ1h0OQ02qyR4p6GO5bQIPLaKVUfWDOBrtEKCCo7FYA1TA2++XMq2AZ7vRBe9BjZHXhcz1tFtG5glz4xjuy3Xu10ls9TOO6bXtoOPx2a2sNA12uSoHwaajGl7lvvv34m/KPH1Th7F4KhXVzfNgGg08d2MUAbXpJFZdWz8hMGtx33SkoSsGWUxldNycTLRVG6cG6M0B1HGe1X8yf5k9pcri0YEPeoMDd0ttLHqlfdqZZ4DHYmAd91OG7GFMWgsensX2xmE23+Zg+TcT92aefy18Fv/gMtEwpTitZcGTMv+9qILRAG5xRjB3QxvTqQAepiYrwzUZ3kEnJA9NcyZlAJMom8bipOjLPZoNO0MrBwpJT8WmDyN5wRVJcaIv58ubVHwSmKavHSpsj4RHvnP7F/SDBTi7Eo1nErz761S8+7pS++OAzCTXSYTUrVOe0bdrA2yg3OOjNFcYN8pBcRUqx4L6jtZrSBhNzpc+j2Kkq8F9VB5hLsyd1rWlF6dXreNhCEQ/GResc1z12hpv97uEP06rTPE8H/BwEX71AdrHP5f6frJlDhIb8Pnsu8Omn1ucffKpJbl3ErzmeKBJmhT1d4dz1pyCxmyx7sGgzcRB+R0ZVqOoTGFCNY/sxa7yh+6bBtXv1fL1ewqypCIdKsy2x9V7MxcUng6110UHYXf9hV6bzSs332Bin5uSHc7rUv4hMagJmqOGTLcR0VOzlv/iiJQkZV6BNqlnQEvG+SfEIraIT5XF7PxfhyqJimoYpZPQZAoK2lCSes9gajNmplGA6zJa4GGsZTw6BvVIRiR9aCEmPLEN7vmCdgAqNItg4mXcOj5p/xw8+9LlIPhH116GhaIC28WtfvpeR3DKQWzcwYacipet3m3RXNPVGUxoqWo0ExfdeBxKqs3Gc2S4A98V5AqFAamAX8kW4vnhK6qIivSmNnkh8Fa3hvHlRBqKmIgZ5BvpFnvPji9cRMg4hox6U4OV/sX4VcutAVQVuuE1ioO01m9KdtFjKzzeNYndTw7WK7RDi0iTDczNr68U1Y1xP49U+6UvURqNSaWD8sl3RCJfpyuxBuvSpl8JU5Jb0TcvsCvrfFV6NX5tc8TTDmRGQmNeKvVBUbTEx3EzA4rQFer8xZ5rm2CIZ0bmId8wbVypqJyT1OHp16trqFVlq+VXUAtMUwrGz2l2MyhOQBUI/8nDnPbfnubyozBhIOsPjJxfGXKBMymVLSrR4GgWKWo1OCbsxY+RYIirWYkwQsJZpROTSEK/TW9h6UzW7SprFPdEXSH3U3gEVqjRQPhu769s/uT/KrPR6ZQRNTgaz+ob7DWZwHqxb8DbF8GwTpQ1SrA36Ga/3C2lxheAuEktj5+7dNPdsr98OUapYHgqw7MCxGuUsIy0erfqrqJX2/v4vPO5Ex+2hVcmnj61PCHxnI5b84sAFBTFwyTwgJbAdD2GqnG5J1QGk8yKpmijxqNDYl/AG9Xfr9xUyp7MYVsbeMzLDkVLjpNBvooJUaRSGf/kZxYKis90vXWtaL2YZ85nOaH2r+1+ToppS+dbNMFIuNUi23RdYRT8ZwJknznCY5bT1nYJT6zvibPNLHrtFMZ8XYxinR7lplT1hUz9HrXRn279hR308aC/Y35R4dzmXZxujM2308mWRgbyE5gfo8IV3L0g3F+W7R9gcPjIYD2i0NTAxETWGrBKybV4PkNpTFuOWWvhi32QzXDGNNxHPjeqjItVUPFSM1IK9uPl7Hgyhg6FsdNvG7OlGQpO2+bycazPHsNHiwzMw4OZg5/KLD1YA93Nuu4714CKUXrVkBjscDo31oJWoghbK3tcJcSR0Wp3N030JtEXxRC9QexzVD0qWuX1842+VdLObtUeFzmx+jycQoeb183K7g7GH7e5oquRZjgP4GTl3ZjHRdxvnYb50mdHgv8yPNZaBqoLm0hJ5SJS7DX7dQl+NPWFa/H1UpWIv3oVR/wFRad7Fek+6PrVNfbe9f+bPwd88P2znO21vwtrWuFBR6nmAgzx2qLhSVMqxbRUplT8SpE8cwxzIntRBjOCVqN+v7e3WYp3G1UrBbUqfoeYPDnzMNPN/9ql4evvuwqlkCZYw8vXGuGM7K3m3xVPrz8/4mzn3SwauzzacfIoJaQmd8GDnWdPhu0PbZnPgNb4yWNdsAg0GVdDCsnCB7fN+30OG7jrDYgwl12+hKhWLZZp/WqwV97DJn3gqSjRcjVIYYUJvbFZ7ebHY7XZzV7sye9V4jAJnPBpZFqZnbUCD2QSrLmuy6rjpLEus+WYfJOnmk63AIYog/TXUgq3d0Df+WVF6d69t2lbX2TX3IjnXkb7IJyR1BSqUmEOXxxWuQgHMFiLeGsKAf7uivFXO8lkGaLNz3ejEbKoVskhKaR/1OFb9pPrP+i8nfVzqrC3U641HSL3TEkLScSUTgGl4Xhb5+CzfwiHxs7caCoRnjKF6Hf/my0U/dfuTKZGUtkZzZVCb9c5BemZV7r+j1fIf91/6uJWdtjV2g4Oi9Hp19tgsCKE0E/4p8v9OJfrKiu5r/BsSPHACmZGyoQuD1pzdHbpTIuyc/wXUjoz4+4/r9n4urxxWC4wADNwecHljpARo/mz0UcVfkniq058dfAAHBtmb5uEohORPUUGKUklDB+LfEL1ePiHHcGBrNGXv3jvA+ioflf7DKrPsgw9uXGBm3QOpKaeoWBNYAPVfE5XuHpvNm5v7p/l+tdL3Dkaw4hmYq3Sq2pnKv6paGZDsA4Q4sIYlLEzSBaVxQB0bT49A/U/16ma7WxnYgVvxPZsr/4sq/arqNT555iOXd2iBzUO4n1XN+//BH2g8QL9qbp8Wq43RHaOOYuSIYa7qf0hKPsbNyyK0W34F86MpO1Oj0Jbfld74X+oW3MvtVl6tkJEta+pXd+A/qufq9Cf1nt+/xRFCNK5gHjfuzLbN/49Rf0P01Supeb9cbhez2WrmYFZnoYyE+B04lecMpbTIeohonYmlaXuoz7fX/6e/H3uh1SWJ00Nbeb+fuVr50p6Yltd3t9Ld3b/nuT8BitF5vJzz810AAAAASUVORK5CYII=','2021-12-04',1),(4,'AEI-8365',11,1,1,1,NULL,6,5,'4',5,NULL,32000,32000,NULL,1,1,1,NULL,NULL,NULL,'2024-07-20','2025-02-15','2025-06-15',36500,NULL,2,_binary 'data:image/png;base64,iVBORw0KGgoAAAANSUhEUgAAAO0AAABpCAMAAADhslRzAAABaFBMVEUAAAAODQ0BR4cAAAAmJycBPX0YGBgBWZY6OzwBYZwrLy8BaqMBMnMBUZAgICEBc6kxMjPd498BfLABibsCl8dFS0xEREUFqNUBJGb9/v1+fn1VWFlwcXGLjo4iEwwjsdpQUFArHheanZ1eX19Uxeg8RUg6ueAHEi4EGUgLTINqZ2VszewBbrD09vTu8O7n6egBXKEJRHYWIzUznMUAfbsPXpMSRWU2KCG3u7gNLFAIu+lHVFiM1+7a29vS09Omp6YrjbcUapu9wb+wrauAyuOapaUSdKfFyMcYg7CS5Pptu9lTr9IuyfO0s7MrOkIOV3onUGkcO1Sn7/yuuLRv3vmptazOzcylra2Fm6geYYJaZ3DE0Mk4YHJCNC41bIs2MSopeadMOznQ29Ph8Pap3e5mj61Td45cUk/r+f32jhXF3OmqoJpSSUTN8/q3xM/aWUmYsMiqi3j04t91UUhYQDj4sWjzy8bLwbx482DhAAAAAXRSTlMAQObYZgAAIbtJREFUeNrsmOmP0kAYhynW6XRqh+EYTE8XsCprCy0KlCAeKK7RiBKCKPVaPOMVr8R/33da8fajqyY+FNrSftiH3/u+02zuP3uPYRhBq/2ZVkpgGF/f8uCpkfu3MYKgPdo5/9wx7QbnmGXgO7vvd3ffv9g268+ebrjcvXgh909iBG9vfLj6/I35brffr7nwqtX6/f6djH6fzXrXzl0slUqF8qFKpVKulMvlwslS+dSzl/9WwsaDh68f3b11/Vovugac23BLcD3jVqly8OBBoVkuqYqi6HlAUVQV3qXKoeMPHxh/v7Lx9NnlE5dKhUKpXK4Iyt9wUgB5noSLhVvdrqpqSrPZ1FWwDOFE03zf10IwLpQrRw6fevkXKxsPTp0o+X7Bh/L0M+Ak26VoG3yte63XVH1F16O84p/UVDi/fr3X60VRUwH3MFQ1VYMf5crfGXLw7KwKf7oOUUW9L0SC/VEEdarriiIsQL45S12bUT70faU3oBK9U+vfgdZ2AQl1epHia4quaKIMDp168FcJB8VXj2/dfmzbdsN68mTrRXVXcGcX795h9xjDDCCkAwwGM/gNZs1Q1ZvRfs2PZlPquoRK9wjBcKeAyKCMBj2lG3aVfKEEbXHwwsu/ZXS1YtOZnDl/flKvO9sNy7J41fMw9qocE4a9YcNaNTjnVRCp7t6ruf1eGGa5NjtuTSYMbkMUwwHBUwybgNVc6WiU9rVaAuGTlUPP/ryvcWNpOq/mk7rjmObKw5bNcYYQnsTxeGe9c3pnDiydFbj3p11FgVx1/1qnVhOZgy5DEiMyhsMpZiSFpcKdqBsqkQq6MPfuP3+b+5MYo217mcTC1bFXpm3PxzbEKVxFvqZhtIKWeG4KAMNYWE5tFup6c/9+TZ25NUYyMJYlmUG4TPjyoWDLwwRT6OKBquSbmtCtNPtB7o9hjG1zuYZcbwpXJ14XjZGFLUh4yKGe4WOVBKPiZwzzhnMshGT35/0mdclnPI8hxGSZWgunPlnEUAjwsXSGVPKYu2/QDSO1IKo5evenqtkY2Y3xer4Uwdr2zbgdtIyJ7DWGQ09sW9C3Hhq228UNwc7Wu0xW0Zoi2A2McUwRITLFcTKO54v5Ygz7nWJSJ8jDdN++XjevaIXCyXLnD9XyqLE9T11vguvkdCsQ4TmQqlcdcu5xjj1AnhijL9HuG4BstD/0Zy4RsnIKYTIGW0qojOxkIRjP7S3OV4tiXbIYxtK+jtKEdbpwUj+T+wOMHOvMKE5dTWeZtFqZUOv0+PQZzIdbHKhWq3z6OdxREPSPqSLZUJvVGJD6wsYYZR6REGRLq3Equ8CIyrLUSBLZXhACur1QAduCfyW357TMan30Clzr4LooBqlrptsy6tTjYgVK37xTNzLZlvHumKanyU5dlgGycmorQ+NKhFBKJuPFYj72EBaX8WK9TVqOTIg0UPQC2JbUvZ5TgWOZ653lZCJc43UA4X0hSDyZDa0hx8KZc7JqfZLdPhrqabKdGtvYAqktxRhJMtgiE0o5MRFLQc56QutFm4KtpqsQbkm/mdtLjNfTxg4MYihikeu3rqI5OwQ3VqDLYeMe9tZCt23YIKuLATWrYdDc2Ip0Mdh6MhKljDhkOx5ubBvJGFnFCZGlnt9UNFHLs70M99XUOl+ci2BNZ15sfecK0eIOGa6q/BMwp+qGkDUlRcjqMKAyz022MKWmMiWcICTLVKb18TzmlKXXKZQyp0lsISnydT2dU4MPub2iveo4xVfpcHKWooa/B7qW4FUD862NLbNgThlvINk8yGo9V2ZEuJDP2cIXlHpQysJWgqk855RkUGftoEViS5KuKd3U9tqdPVpyjcdHt08ni6Vo2Pr6Abh+T7s9RFO+srCXlnEKmwfG86M6yB7I+z2XymRDaguAFZqCLQVryYKnTG9ji8x1gp3i9j4UqmpXU8H2nHQ1twcYr4+x89kKC8Op3Sr+BGPZ6TDLHmIPE5YOZewRxzjfyYNslNeu1Sil5GvkFNG4VKKwRziOY7DNOlqy4zm2EiwNwLSpQrilAnmyB+E+O7bPhlUnDXZSDIo/pbUShWxzLDecFcZD8MU0eYvy+n492u8rrgs+8ve2FGBiTMGRjOrrhCMwzV6iyrns9sBW7xbEVPbcYu438/TxPhyfXmTBJq32L2TXXodw2/Iws+s2ZpbHQNf2hGwzClUKshRR+SuoAIEtJ1I2ptjWFhO3pC1N4AvEKFI0Vc0ep8rXa/g3j2UI1lzDdBLjqf6rYEUhU1HI3BtanEw5Tyv5ngSy0LS6P3URRYj+CMixIcuGMoE7GEh+YooZIi4UMvRsVxP/7rr0Xn73O5+W2x9pNfe/pKEwjH8YlzHGGG0zYFwmMoFgFQhoEhWVIQlB0sU0s/xkGd3Myvr3e845jKPWL5Y9Qy4fBpzved73PefsOOuNbqxuEGPnTPPqlRsnKxNdzLEl3VaADLbXAevqetDXAKxYJRUqANosUYRaNxH8xYsZQkstJW+wRxwo3AFPplHXAKp3yYXKZvv77sF/w738wOedffScGZtOphMnB9jEhdVH9zY2nmCVtrpBalMSqBw2mh0CFoOPMwRsIJMdrK8PBoNQNhOZsBJaUM643uKPgZKcxnnQum5Q6XqM8Hbn/xdu4oHX60sGS3MbwH1279n1Cwm6pYFNDaLLq3NbmDANcAsOBkE2Q4bmyQCE2dRSoCoAVqyKaha03kEXrUWLa+2d+SwxDmWI8c1Hkb54ymyFskS+0PrDRoeRQh2NSL/t+/Y/cBOrM15PMOTxRnPJXGprK23mbt58jtvq8ztp00zPpa7P84kERGHJZTcKHMxELinhsCBIiuLLBCBZd8gVVrVuxIydwVKI0UKcNkRJM77B4sNhQ9UpqaaxC7QYc4nqw8jBQeLcWV9EEFopM+fz+i4GKcMMFumzSdShkBcKhnLJ2Zkg1nbMUcBSUeRBNrPcEMKC3y86zgKBxWUaQcBrIkGsd6K+47R0ppyFlkLri5sTTh2coJQk3EEipVWNxe8HP84V9fWKpc4k93ezL1983F/yeqKzyeTsxWDUHSajPo8nEvBA4AgFaWeEIuxNKJKBsaIQ9vsVRaqHPaRELS0rgivwVoQl0OJ09nXZDHaKfOubmzIh1euMExIlSAiTC+qiRPYhjFgXtOfKGotZ/X5v7c3b7fnBYH4m4s0sYbcKMUblwc3r8XinotS4RSK0CzLZhUWp4g/7BUVWZQVverCkKwoKPZjDO29Y30Soo77o+sOhrGnwE6AyoaSSiFSxGCfXaiRV1xHYsebDg6Nzm0vs2fl8uVxeKZft8mMbL2pWzcD+joRdrMXF4SLq6sICLPFklzJZRu8y43k2OoN9LRmsgJVhhljIkM7wRYphV9W3j9Lm12CAVaPQYLHR0XSoDgPByUGpCDs1XNOwVYYOaRrfDhLntJ2Tt2zbBiturmyoz9TEYTUty4rVNK0LvXp1e2dzm2zfLQ6Hm51Ou210KhUBTIKkQs5yJsACvhiOE4XDyx/3Sxd9++gr3wA9o9aZoaBSLkmcE2KJqjR0XZU6MYxBwG0aMat0HrSJT3bMyudhZ96iwhObCMRTeJux50F+UuR1zNBlQZiykqZmMghyKFOIx5eXl4sLhYCHRsIAsQtQlCJuqHLMUiZkqhaOF4tSDLRNDGFoVn8HtP/sq20YoIVvExn0BlkxBo+D9oSrGBd6nbZbRFKCVZQn48YCrCW0uKNipNjpkTXscPIUpZIYLSdlm6N6Iy4azaZRa1o1NMCy24f/SvvaMnSDAhh/lI7j1IasRgUseg9h54aw+qesThXOHoNloEMZ0avJ6BouEFKL5Yn4NjAsYJa2SU/nIdvKJf4thtf0OoF1wTjkn+Rigok6AOGZy6qAlbJDCOQI5cVcCgPRYH3oMEvFYyJuiggIwjshnaLGGCoBrVFaUkOt7X+h/drTYVQsb5ymYgcXp6RCoyV4cJpVc1nReAy2UJYk7zL2besOdfC3uqvGC8Vw9dIJ0hgntaFarU9yt5/v2dbKX9MmLt/tIuXqlqXXGRk4OdkfJFNJGDxFFsQyZQ1TVn4S4apgZrBcWFgoFot+x+Ggp0qvRPa0VbXTUSkpj14CWm7dv98ql3uWga7HWNSze63EX7JeeXq4aWiynrdcQKByqj8I7aPVCHMHxuo4FUXwu4WYw1I4qYIaDcUFiXNyUCpN8BNI7bamu54STga6srJWa6+1yhYsIY2r5+1e+fXfwV4zS9u6Khv9mnqs4DAqJt46LrD5J6wOdp8x44j7wcpDfAqriFj0heM4fvuaYwVJqYrSpXhYoqgTR1dao9H9lV67g54Nd+/ndZxIcA0L3v5VKCfuzH0oaZps2ARWpbDcFkhBayd+iFMxVnKuIwqbOzPB3ZeZyPIxVgbrfh7pTOv076AqFQC0arxQKGI8rQGVkN4fjVrw9BXShfy20HtssNMp7VqrtZc4O+xc+umHYV0y7Dapo3QoV11TIAHCg0up0OdwitqoIX4vbZnm/hK24bYOv7mVWJ2i8s4RMLKcNpSRTmK32RTich+zVAQvSEcg7Ujk5yaNKVuaKOO7jRp6owza1vszw95N5VIpVTIet1UXlrESUrBCeOQiRrmssrj51jTNEhbAgeup8Tgnu76yz0OTLMWtIXNxUlTD6RDTty0bE7a10WhvrVdrg5SlEZVQs3W5ocp6GzPVV+218l5rr3X5rNecSnNmaejodk1WXVjGKjBWjos7YjP1VVTrjtTYzpmHqY+RAFb7qcPxeNxw3BDGmTwoqJ0qBqpTlmqclKbpWvk+QAlph1YKeRpi+GuUY5i5qN1ag7THL/Q+7e3hX4vOaG3pbnp3WLctGQ2dwoLJXYQyWn6AlSSsLO6YqQ8/U1jihQIh86Z5MB6bosNYRd5LjBVSpYY2wQQoJ7WmBYnkKUpvF5/nqeAGlNDu65okGm1BceRKxVHCvU+jT60rZ6NN5+6aA9nKU1gZQ53KjGWs/mmz2R9YYSxOfLWDCP5w41YpicuIF59efW2Ox0fbEmWFsa5o0k3slCWGecLTPPO0tTfaa7HaK0kcdVI4qLcYHVWx0xYqUrVYKIRFRVgZtYSzZe6FVPJOaTFmqwxWA6zrrB8iD9RRJj9hlcCaSpmp3dIcro+bFyMX5y5feX8wPjKrDk0zZfpZai1l1SCZgh73lC6tJp52VRCyPueuumkEa20DUddWpEqBLaTx3m0h/vlMtDeT5s99ud9mP0PimMNyW5loEKP1O8lv+/tJbAfg4kUqnQrmrl248mV8dDQvylNYwaUFLGWtoyOP5yn3dIXlKU5kpHSgY55OA0SRbDKx6N4WFY+XqUB+Iv7lTLQPUtceJDuGqk3iWHa7lOuEsZXKdnI3GyqlZqNBM4CEJddY71xN3B0flaqyCDFYHKydsIugdt8+i2n61FMIebo3ItFLPSXiNWn6mwyWFmRMj7WGUgHsREVBOCNtwrybNt8aUoOli4RiStamHJQdEKvEwsPgUtaXTJtBWHsLV+RKSN/VROLd4fhwXZEYrMBgiRjtr27OxauNIgrjncxm2W7DsikkbPaBm11swiJJIaYJaN7IozRaMCeHeijUo9SjVo+v49/vd2eyWVLxEd/Hj5AGFbO//e69M3Nn0u75oDk8X11e2RN5KqP3XVhauw/AGDRO1Bg1fQP2aERr0YPUYokzFAoZy+k5aQuPTwfR9zUq7VT36uhySbA03kW8eVwnMM3F0yOzUTQc+70gQvfMzWpoNeJtKwX3o88/16bWTiJ5od47ODg4Qmk6//K8RrbW1sUUCfP7feTpvVnSJKg26GaR4vBI9TbXacXdW8hwZmi+rwmHrfR8efvVW+lvv325Eq/O3l5+ef71y4ysUNvbskgJoRSnwUq9e7s9aHpOpGl+EHLFDryOrXL38+e7uCwBK3Hr3Re93gEe3RpNlPYQvycnI+lp92hJFqSYdCZP03gksAuAPUAfEB2U5VSaMZN6vFqe7C2n09YXc1i7/+D+B1F3RcDi3bvnF+Nvzq8zoghKUslKUZzZKTZU03ebncFhEDoI5dDzbbvfcrnuRo0yheC0wi2+6PYm4Hi5tyfjd588PQAh3mzW06Q43NQN2DdWV/YOUmWu5w0GUp3cLWXSVmuOY0+Pj2nxjgol9c1334w/CrIyiO/Ojnhltaiobrtd2Bp2PM8LDUXL2V7Qbruh92W0Vl6gU24bd+Vd6r3o4XcePsQZ8odY/vTWRxTAj7s0cyHQWdJbUDP0JKIYOStgV59002lWzDPFtSOTmzoSFy58Mkcbah/5sIr8F3r76Pw8+/XXH52/EOVGosYT5XLxSov8sFUYG3nvy6AT2KhPrme7ryI7zO1mHopl0saGCIregWDdzuyib0y8G4/PPt3sLiRpKt7gl0gzMSy15Ba71M5+Y2+vi5rETMO08/m2ZzCTcWaVL7fm2IPe33yw9+Slc3F5efni4H7tGrtab55+cYQGA64llhh8Sj+8ev7ZZ1cNN3qu6Q5MHXSC6FVDZSUQYX4T9wvJkINeGiNVpsSFSumFhXT63X341JuMMQnpraiSFbBY5d19YxPOPnlS6+GflIq6MXa51jY1xTA4376254jkb+Dt+gVbEyoWr86vg492h+d1NEuo9Yl5P81jREG2ynRQ/vT09OnlhlXe3VXEqXkrAzqgSgnPtlMHdcCCdaoy7c0vLaBkxzcxdRspUCE8xxmLKnD0YPMButZdSowNi+l61G5yt8qYpiKUtYj/ftrC5cnx6JLHYlw7z71zHWLvyXz/zafPnvUwfLwl13jx8Efs4EqJa0rRp1oeCqcIdTLl69UxLu/ym8JRBEyuAZpYmpAmrCTydnti7OLd2mj9wbrwlX6xvGZomM4YdsXgeV1h9H+u/n7aTPr4gfgdJvqfjOu+Y052c+iraL757H7ctoAkGzn0MP4BBPFUGMLk5OAIl1bms2IAwz3aSGovdAsphB82iBVvQuVpfVTrpdLEup0uFRWN5wqhPfBznssMjrbt78/bqmUtlCjdIYnMBTvIGZdaa/TeEjwSN5HkFKPm/aloC07CMikeq4TQELS3m5qwQtuyJ7RUW0cpP3kxma9vo49TzOe52hl0bOb3PRW0TP/969sPLQxgn0XYbdYNlcfCDTNu7GF8vHKjvRKTkp2gjE9DiP66bD126+nFXbm7OcNrwaDbMnVWgowaFosLtfXRaHTSi2ex6e10WTUcJGuukw251w4Ulas8uvO7dQ7aRug7IYk2onVQy2uUTwBna5fLBJpItlewlIl3h/b20OIVAn8vs5iRzhqmBhlxLNOI8pusgMWdvIcgPhkdk6+Zya8gjjfelPNUxe/oenVoC9rm76e9Lqd3XuU1jc6IK7qGc6e+D2bNJOqpuQ1sqU47K5Dol8kVG4Td3Vr99APR78YT4jjFhLXa5OBCnk3MBS264wnnbaiyOC3eOzk+Hp3UMzErlHn66jlWXPAWM0etvWW7Gl1cZQ5aK2Nc6SZdlCmyVaVjanSWFuSaoFaMq+ePJGOyMgXi6Phd6Pj4bPPFy3d+eHWPDo1Ab6AelwjW0ExxDkxVNF+VmQuajSnsrbYuyuJUr43ONmuSdRoF2w3kmBIMPa8yULKFvtuk22gX5olkS6UDSuBTGF1abCiyHxYL0/FU3NhL9mJGx6N39zfR5MWM/+BFrfb048/CyHmLVq40ubNkHGOkoJIHlw1VC8ldmuaB9nZjp/N/jFK9E6zxa+iiz9Sx9NM1wJqu6bXbrWHQdDtbOcb1wjzLvUyZ7IQUlakzMsyJEDbPSysjCllYeUwLmF59AVscR4t0FTuvnNC1L99a3kOLafPdDbJWwnLNRes1Tz/kOQcwrh+00tfbbYWvXdzOWp1YkxCg50cNxihOOA8je2yYcNXnBmDnoE2XWUz5Oq0eC2FeTK+P4CdW3y/qKbo8K3U9qlGcPbKhwK4vrSC+j7+qWSmyVjV1xnw7DIN24BjcyOmEW05L2luSlWyFDo5q6yfdRYtYk3tCq80NbY0h+jQFwWubgeeGzYLO5momF/ZTJSYEWGHyDVoFhkvp2lUJs0GwiUMjKfB2z457lFVWOOx7wY/Xd++/sf7u2bvdtLRW1xnv2CC0q5pqm1ilMaKlRJyBjVHj8e3oqJe2iDUzlUXKfJBb46LKq1z3fM/NaU4wNHJ35qNdwLVJTWkT3qlMs2glvdZ0pv74q81URlz4l8OB7X357N7K5vHxCY5GwVpxUcyreBwTgQouL2JMM0BbAl5Mm5Rg4epkbyFtZW7KKtOq2np0+dIvyks0mdpx/RbiWdVsJZyPdvNhAsskXvw8m8NFI2aFsbWvzroZAWs9HfeDwfizxbfWv9qvk3MpmlgoCrer/SxAt8ZwOa9x3Uxok1RNJteYh894bpGQrB88vcBxWP+5yuXwbzjBe7rd6mjGwGsxe74zx2/UFkoJ7IxEaCdhvWbFbcf6/tnowJLpZ9lfesNW4b2Fo7MTmsuCFsFi6MwJvdZWiCmtZ/hMsU2mqVzQovlzM1UlKJFas45uPNo9vXjpvNkoNgwxmZW0zGvazM66UaczaPHBXLTX95+sWpzzmFYhxbhJQkNGUSUzEVbds7MHKQELWVHkDvpI21o3kwKsDGSM0S7X29k21woud51c1eGmgbchb4USUgFqSVT5AoUbjl7gw1ON5MAZSaWH38zxoM2irNP2eHauQN5eWl3dlreNJOAmA9KENsnpNdG8TT0+Hq0AdnJxp6+iKGoPe28vUcki2rK01kTpbFccfStCggVZm+sKAy2K8qI0Ff2Xm6CWUBqWnj69+OhNcK6p5KWO0V5Tk1k3spXzZsAjN6oorDDXaaHy/ZWVxRKcY8kKV8JB7DWpGZSnzeO9ZQo6fFuQgm0R5duX95YX0gJ2EshqBCuVweEwyuY4D7OHTUUlWtDI5bzIeUiClqkIo+4+u7jIaVeNIkBpaM05mLr7jmymgl0WZY3zscNDv9Xk86Xt1yUcF1yCGxKN0zc9CWj5uKlS5sXoyepSHHXYeFLxq7bXeLa8NF3a0L1TQ59j3PK9TrOlcKPdPhxqjGgp2MUxlBiURKGLI4P44N8VHEU2mVrOd+iwbN533zusFraqrbYz8UE18owd6swPxyGvzkX7TfkI83irxGIf6c8Y+XVgvN0i2vX3LItIyyVmKA1FUbky/OyD5bvpCW2GIfqYrfsh0w3HPWxy3qm2Oy5+ZOgiPfvodMbRtLX76PLy4h0NJ2NVg4p/HusxP5fHNCzot5LJQztOX/TggkDL5exorokUdJ0CrQjlhHJGseHy1Q7OL97FpYKUVvmmQlvUCiL37rLcB6E9KPxoKhrPFkxuGL6mcw/HdUzXo0jmjVeNHXBKR7c3nl1geMldiYO/qiIcBWjODVDmXy8xdLe5MFc7HNqHFZvWenPpwVENB/zul2cg5ZG1xGmShMV/u2BlduI6iW890gBRXrmfhkArRltFV0K32nKZ7Wnc728VKo7WDFRl0hbZwL5HZvfpxeVF7goHdUGBRKcc9WkZ4juRPWiLTy0U7gjkxFwmaBU172I+qnFtzk359f3H6NOuZmZ8lAs/iMXUknwHK7q6ZRkxK8mthICory7IjigeZdAa+jBb6Ts2tv1Mr1AoODyodoiWM+j9Sxj66jlqEeOQaubgKEhJZG8YImdDKHJdtHExrjYPW9nqHSdOK9xN+owyhp+5VN3/AhsVKDwPkboziufNCa2AxWydLjlmxbywmVfWSivL6SntDq3wck1fG7bG/U6zGkSBzVlQGBiClj4gg7PrsivE0D7wQyen0ShDK2pIk8pL5SAfAr/r6tPUpfUpD+aDLXjnX52cnZ1cPPqgvoFkFNn4Gi3jcRhj+bpgWYxPxXQ0wLJIn0d7d6247Y0BSDVYGPgqi4KB7lUD7rucB4WOoQtaaDK2qyZIRZ8EIkJTvsDjVuVzIqziCuPdmZf2ncfl3rVBXhk7JRzLgsB8o2Cp8dBbWtmbgcX9xeSXO4FdZEurKVhL575wKvwU/4pFTpTNMzswXbvvBq3AK2x5KtXkJDmwLic+Wk/i2dRjCWSdvmaF2BXRIcXM8fwf9Nes8g4vRqGT14sqKiNjQC5NJIug1A5g7wJ2ikqxR1McfD1dXQJsamlZ9B3LXIWtWOVpat+NgnA4cFFiq1s2NfanSy1FF6CK+MLj9S9dSSRuwcRe+na9Qb+9dWd+DWi5yNEPQEFwwYxGEpAhaTQksXdxRu3tckblEJlC4YcLMjDGcLa6miHae3TWbXfXEHPZyET0eopbtRUZ9IHL9HgEIf/A82uSS2twx6SUw1TBvGb1jx++HkwDU0M1CMEcgVkRTVZpNPHW9548ecOyxAwYrmrkivgwtAF3n+2laLawu7Oj7xjFokh3P0Rh6vhaMNY9WOqEWt9RRRcTFL/AObMiUaCElOQ7CJFx5U9+9LJS6YfTWbJqghiNFzcKfRgtfVb5B6Pjs2fWdhGk8NQgydZGka09egvToR16vZasHH2TB007r/YP/UrAeXUwKOgg0KFfsjIRuAVpgprz4Wn2L/sEZqU1CL2hnWdxqGo5Gu0A7SBor/j16KT2pLuG2R20RmLS/N2NlFU2i7PTMFXRQ+qDMn5Y9YItplTCaofpCVr8ZMhHwvp6ngpP7U47O0eazoPd9uK6R4utvNhEUJhi0Sna+u4OVFJLEO1l7lIjwiprjQloQqt6Wa+jcdZuMXPL7QzyBZsrv6EENLE0AimC929SodIa+moyppFoyG0opXJq6e23H+L8uJhDyD9ocbAD62NKkohk1e0PXURJ9kuudPpZLShoqnFLliaKY5cUpylWP3f+NrUD189TlVck582Fgd5QS+VdC18Z8bxbLlMB28E2ghJ3PqQmq7J+BzfNzLpcsTueUwgY8d2OqiuSM7HU9TqHSNO/VYeYw4EWMqlsJSIIRW8USUpxokbjiqSrt8CqJvMcbjCnrXE18ux2QRHWyjRNoOUAMxO7sLRfvfNPqNoPIlpxCWQxIoriq4rB5nb9fI3IiVZRfBcv3SHjamh7VZsp6ut+zoKClIYYWPoPaqvdsUMHyLlcMkM3QU5jMJCBMCvwJWnLSdJc9D+Zjva5GebdMV6qM5yvg/p+REPMv6EqERNyQhxjS8unW2NJBMvRA+ASFoOYediPOoGjuHazYyCQ5ZQw5kxiF2Op3RlXt+78i6ocdjw7IuTY5llNpn7JHFfIkBWcgd7Uc63xsDNutgodFfdHJyWk+ThL7QG6Mf8JbWWxDwCbp9DQLDOoSbqUYqoSV4W0nOn1m5XCODRQ9H4GClL7PUwE/2uqtg8HgUexDWhQC+zb3DaBNFk3qQy4jq5FrmOoGNH0BFRa6g3G1Tv/YVVa42bguVFMHZv9Gjhgp9ss+ZzwfrLvjW+BiiHmPw06G92t8WGzA26XuCX4TcsNiTvZPBKHNxRhK8UuDTH//l+k+kdUqLYOm8Tt2S4Ukqh7RvZygctU2dPT8iFx/lfK0Z8GhyqVarYFtYNQZ1yKSCNsAVb/J5y3KXAddMCdCH62q/9K3P4EfQmou6dLJB0AAAAASUVORK5CYII=','2023-09-18',2),(5,'ABC-5899',1,1,1,3,22,1,5,'4',2,NULL,6000,51100,NULL,NULL,NULL,1,NULL,NULL,NULL,'2024-07-10','2022-05-04','2023-10-05',61500,NULL,1,_binary 'data:image/png;base64,iVBORw0KGgoAAAANSUhEUgAAAO0AAABpCAMAAADhslRzAAABTVBMVEUAAAAAAAD////k5+La3dfh5N7V2NL3+fXd4dsXIB8HDg4FIyQDBgbr7en09fHu8Ozo6+bP0838/foMFhbw8u/9/v35+vgVGBjKzsguMzQjJyZBRkY5QEFTWFgLKyxbX19OUVBlZ2aPkY82OTgQMDG2ubZDTU4rLi0vT08fQkKRt62lp6e8v7tMZWcXNzfDxcSEiIeMs6hBVlnGycIjLi6xs7Brbm6ZvbRkbG6/w7x4fn5aZWd1eXiVmZfS3eGsrq2hwrxqdXg6YFuanp16hIZUa28tPD2LlZhxc3JKXWCgoqBqfYDZ4ud/gX+ptbmxvcK0zsykrK/G1tqbo6bHz9Opx8OEjZCBn51HbWfg5umRnKB1lI1wj4nO1tq91NRcd3ltioZdcHPFycp7lpa+yc+Xr7KKpaeqzcV2i5C2xMnp7fDj6u7s8fXx9vry+/7sRfo+AAAAAXRSTlMAQObYZgAAIfpJREFUeNrMmnlb4lYUxpuTDdAshARFWVyAgYoyRVQqLoMLDGJx3Lda9210+v3/7HtCImP3p486fQcSICPcX95zz7k3N9+9qchxHCvqyoqqNsvQDANbQzM1zX3yR6YpsmRZNDWWYeu6ratqVI069N3/V+RY4LMsZsQOsCoajVYTkY7289NxdA9cU8nSNF0HHQ5EO7KgKEtlucj4QNfxZd/9bwQwKwov6Ul4CXjIa7r1JIePOTgFarioiGr3L1xCH5Klu7JwinTJdtTvvr2iNs6+wyIm9trouoeI/TMZLFOlseVMGKyWaogBSZICkszxrGBjiqaJJ0uzRckGsRbWVeu7bysSL0QYBUjdZja08d9J1qmaEFWLbFkKhxXFZTUNEKGvPpeDT3XDEcPqtzXXKSyKRCBlqZ1ohcX/ToMp0qKWEoapNnmyVF0OF8P9iiQpEA7Jpqmqom3hoKJ8U2+N+TFL5wiEFCXcfzF5USwWfyxkMlNTi4ubY8vQPKsxPz8y0miMjMwvb4+NbS4uTmWkRJ8DyybDGswL9GfGlkc+TldTg8FYtlyvl4MDULkcq9cHB98NphKzjeViVDG/XaKiH7OLcmFqcWpzbO1o5P1cJZXIxuOD8XqsXA4Ggz2RENTbK7jq9V54b3AgIpKhhQPkFD6OBiNQMDlRz9eFUDNej3+tbKg3G8uWsvFNXfnuW8mZGjs5udo52blvt6+3jxqXd3dnK2etZikbA245HUzn8xP5XEf5NDTBSrtK9ggjZJphkRYT2Xru4PTsuDW+On6+ehoUYvVyLJ4YaroabyaqWSGeSlQqldzFNyu+1lj78eHwcGFrZ2drYesX6NOn29utH3JNNBZk6WA+n88deMp1YPMT/kYIGo4hBWi5fLC/v395fHy8P54rjYM2mClOztezzdVxaHV8tTlU7Q1VS9VqJbtC0e++iaJjV18+P6xvbS2wtoC6u/thZuZ2NV+Hp1AQrEsHS55yyXSST4ErvOwR1siWwrSY//ny7OzsZ+j4LFcqgTZGZNFKbPxJiWpQSCQSVUj+NuZGl+/p8/oWbF1nYz/d7n74MAP9kJsI5jlykxP5PLN6wPmeZDKZnkjyjjdCjLiAhsdhKwvAZ8enTdDGe3905Gh/fbzp0zZTcSFeGRqv1Ooj9C1qkLO2QY/rWyfrHdZPYAXs99/v/oyOCWMnIun8RA4vQL6U69BC+QPe9/TA2vdkBAL6+dI5h+vq6fHP4D3++bi12hTmSZRopd41t1kNhSqJxGqlOmjSm2dlwLYZln1FDAOWWZn29jTpIvoCKuCSOVBih/0Sdmxtn0lG2ClO5DydHiOamXd1XJgmW3GkUrOLW40J2QpCuRVbfvueS1NHzpd1GLvFxnpRDNbvf7hd7UESKp0eIH47vdblTGPLu9xBjvdJtlaXFKpNlDrKNZmVH6urwqCqIn2t5J9gV5GVy7VEs8J5Sv/ubUWLe86Xw4XnsN8z7PczuSRoYWEp58Ywnmk2E5GMXbq0lOthr3sjbK1VSJeedHbcyVSrp6GgrCKUCz4tAn282ds3nUpUK+dZ6Y3NJaV16ByuH/pdtgv7w4f9dBq0aVQZTlRQGqjgy3W8XQIt4wpDpMpS11qY27rs0J6j4PbrWkB3ajmAejofEFK1VLXSKs+/rbkkVxfoYR2V9nkYA/aH29MeLqcoMXkOYVdJps27byZAy/AhoUCGZEu5XCnXgW3mzl1apKlWWvjRtkWNitnVJ9hWVhhdQcWtZRP0phMhZ3YTtefwoQvLrJ63Sz3IyGnOy14axtNFnnBp+RSwtVmyZFEf61rbLDWPXV2eterCoq6LmqqdY2h17uq0do6sPFw9r7Xq4bcsQvRTgz4frj8gjruwXiB//0PepcUwETYC0EPljeet67EwBWt1fTvnO9tcapbO9hn2uHWXE9Yw6RF1apRqp6c1qNVq3dWFobnKeW1lcJH0NytClKl94QzViePnzv4ws59Oos4msZ3IgRawQOVNBzkNbxm2zyA5QOHtZs6DbaKmnu5fXl7u75/drQqzTKuStNpyhdH3XSMhDM5WaisrJQww3ipPUTj14Bxy8QGsX2c9WATycU8atJyc0kzLpF1z3brLHwofUX5MamxWcx4qj4dP91k3d5ctIaUbhhjVabt2d3eHc7B3ebldEd7VKnN3d7WU81ah7BjVDUIy3sHI2B9B+bDQbqsnPeHTAowBn8yNeLQ9vSGZTFgbL57nOqydRLR/A11jhiDEDVMVVZV2Wo0j1s3R9uaeEJyuzDYuG/HiG9GSM7fpwl51pwEzPit7O97DGcqjdUvsc+UO0ghkpNWASCuhQivnkZ6enrZaN9fQDIBDfaYZNXSLtEZje/N6E2q32yEBgbx91M6OUPRNsjKNVJGOFxau7hdc2OfOYmyRZ9okhIA+yD1Z26VdwgazH1NytHqw3Sj5pK2zu7sbfFv7w/X1blCQbFXXHYvujxbbG67ut2JCZXZ6u72x+pGst+i4lKk+MuzOxi6svf09LCcpj5a7L4+Qu4p0aHOAHXBIlmmqpzy2XfJJOT9d3+/e33/60N6KC/2qbqnkkJHZuPL0kBCqK9XGVaHVcqw38JbEwXuHJz3317tb3QzVxf1w1pNk2h6m7eTfZJeVlZ8A7QhylEGz6VyjPe6SAvUGYdze3di9/3R/v95EhbIdlSBcG9k5gXZ2fq0JQ+8r76+uGnt61Hr1aa7jDG87PIK62rgBLXfa59Z+f3sQSSY92olkvpT3fe1uMdWLaCTKJMaapfdTp7AUpIza7gTs/dXOlxrmfDZFCfq84Iu2hcG9Wm3j5LoB2tc216G5qrP+uA7Y65vdX55XWmjmdmam1MO07CiPj//IyuIhsqTRUU+rNLtxdwN5pOCEtk4WnBVhlnRyvbV2PrsX5Z0vlBFijblK+6G9Yaiv3nEpk314WH9cuNpoX+/vfnqC9X394ZRHjBNM64N2X3SBeYhsBizK1i/Paxs3M9cb66ZpGMZnpPoT9nD9kBrCMBnwliVtTi2OjR3trcxOv4vVUtnlB8VAcXpdbx2SBq++oDEu7OXu7fMENTNzkOzN52EpxJjdOsuYz60l2SSljuFEbbN9f2IRvHPlYPR9ePjwSCPCnGWS2vk4PIKL0Gtji1MXWjFTuJBMVbejr7xmQBfBlrNwsvULYG/O7j7B2a9YP3xYiqRb+znA8hVUMP6VeoULkmSMkpL5ULm2fL9OvhzVos8PX4geD0eFjG6S3THXp/aFOmyp+qvS0qZQ/3XhZOfqHs7end7dchzj+eH2Fo/90yW+vMgXaPiSFAOnk38azALyj9qvEMWESEjINna8xRDD0A1N5ay0ONfMJn4kWaOo5Z8Hy1/n5C4MZ+Hua9LS+5Cw6ZycbH1Chtq/W91f/wRv9/d/OD4/PzvmyxSsPMS0eReXS1EwHQlh0SBdDqaD7rQ2tEyqaEhUEHqwdFCeC5OuibIsB0STYftnE0PT8woAYazK9F3rIYvwoW0A1ni9GT2Fg4IQae+gy27e7K3Uzpur59nyQBnqFVghMMVisXx9Iu1P7Xghp6+vL4gjkb5gSHAVeR8lQxaNKA0JPVgd6csWbLDyep9tiYpSnNsrsqGqaTsEE4HIelq9duSwYxkawsC0v3sd4YyKy7V3se2jxDusyYzG3pXLoO8VQmAIxuP1evzdAJP19kGhSESIBLFiFYF3XYVGE8M/rZkUNUXTQCntEyJCbygS27RhE3fMwHxjrraiEUUNw9Z5HZhsjXxOlaU7WmFSdpdNRdF4neGFRRA3YmE+GwMWKxKBZx23YnH3DMRwoC8UwimAkcGIxwiggdhgam4+IxLLUgKmhi5KRfD3wtvytmprohQuTqaEkNCbIU2zmd0i9Fpdc6LPF+j7lck1STXxnwLaa9A6DicJbCCHLI3jTg5g6bK/PxwuXlyMza/Nz6NArHGJmMpkMoXCjz/yciXeFH7slyTJcDqguimKyqTOsFEKhDonI1ip4gT2dt5MFwl1lH/HkCSVLNtEOlJ1T7aNhV5SNhuSbgcmZc15eViLEyZg/6sAqas2mmxrWOK1w2HVsEGkq8VBF3E463aJ1OzowGDGv0+DzEy/NIl5gagypSsDoqnKUSVW1QxNKYQN68VhOdXbaK+jdhR1767wb3j5U+mdraG7f2rY2ERVQ5YUSTTVoujeLaTaAYfksenhyUxIQD8fAaMXPtxPKdxfmFX6JVX8ChWMqlhZzhRIC8iyFhZf3FsELuTf1gThN7+Sjccf1bHDP4J+B1a+p8IggrX8TTap+FadSJOCAnLZgE5RD5VPItbCKFrYrhZI8n+OW2CaIkpwFFEeQHeSXp42agZE/MjXMrtCu/H8cxmcWPnGLkc3A4qimETG1HBWItNQCdI1fK0qSgNMO+2hAlaFKLPXrtRjs7YaNsFpdkhZqF2qGZDhbUAyrZe21jEk2bT9EP1nqd2A7/T1qO3eF2STNDJXyQ7tFZ5ygKMiymWaQ9YW1oDKtnq/4oiV2vyyynfamJp/rmVXAVEMyJIUCLy8t3aARAVhgy7otv7fy3E6QIYIEzSSCz/FY6na0X17WaevZdMFFzGRvqoztq0ZjoOMLDKS+QTq4UKSghcv7K21814iCbSy13fREz33fP++VpTlt9k9PaphwliDwh9TqezRyc7jxnT1giyHhS1BhkgJAeHt/5l3N5lpazbDBpQ/sgKWvRUD2otOcM3ZOdVS3K/G74CX9dQt8XiS7T1Z3jGcF7DCWDX8frraPjl8fKSHSnYMIevJsUyLDJk0hYhBu6wapyNV5M4ZlsUuJ0tyH7IpmYEXjWTnoXCh2silNlxSuSleQxha/HuZJpBFbqGmf3y/8+vDZ12lz/FYmJ5CgpzW+d0RElWUK7JXZnxWkf8WD/b2a1LJlSybqhSWtJeMZMosiIaJsiFO9nPnFTW+I4/+jSxRNk0XVqTZ8h47q9JDPR4grsKqF/Ht9n7bwLBI7zjql5luSkK3VcRu9LJ4z0NPXUNBe0lvD1fUjCKS85GHdDykDWE+g8F++d272OjQUCo1PDw9nHB3H+eg2Y7wYqSfVMltsqhSVlh5WLcPDzFjLBCYvJ4PRO64YtglZUzW8/wrg9bPS/4/SDQ0zG9t037JflvYpjUlLA8LQ5hbD+HunaGhBPZDuC9tMD6KWcAoVK+PvhvgeUJfXyTSFwmxcHbihhXmYbTkFIXmlyIujz4exoYxePRp2U+u1XJYQ43xSV3Y5976YSw9SdZsjCgDpv2SFy9o7IIyoq0kYtu1cl85Nor7+QYHh6BEytNwanh6+uPH6eHh4ZSrhKu1sZAQVJSpohKQKSUsPl7guhoVQnsO8HjIwdUGsMwWCD8RPvcV8kqNS+r5ig8kYIr9PxaKcvQlaRvxvWXRVldGB4+2hSCrh4fxfHcihJH8Xym+GRFCATEsaxr1C1mCnHXaiyw6YoeWa5Bqu5MpqV/8vXxW1u+9BSyKvzQpmaZSEOkFx4yZSrCiGtr2wDLpiXTQvzczxFNbCFcknoBxDPLfHFUFrFdOhgOmiWKaaqHYxoZ24rHfejuz39StIIz32MZbbYyBBLzJxgjzABJWWcRahIJCmpZWUa4iNVIfGvWl6///2G+ObSBJ97r9LnFyb+5N8vPMmZkzZ9yO6kRLsAKkVGtwVXlU8L2hVd/SqhwWpkXNXYNrNEVbLDHbop89kBVz5LfSeDC4v9/E+6f9PPjERwcGxH7YynfrjZbroHvhkZIoGH5hNIxefWgjT1RoGTewwm9+SBy5CtpmQQvriqAdF7Y8cb6hxfXMK2PVipLZzGrsWCkvJH/1+GlvdG1++JYb1CEQxN+7u3WK5u6j53Wi+B6jx/cDjCAf0uP6br6iSBZ6THf71/bCRvo5Ms/pffFlL9l+7XkVi1o0vCmTGdcSVbn9ivEVMfffE2umSg2wVha7hUNpxhVGh4cfeiPFkvdZsH3VYtJd74vvHaQiBGQ0ot6s4Vu9IwxHtlq1Wlr02ctX+1CfD71ANEUsWwWYJrCrV9fNWoVof095iXiC5s5uySqWAPd4oaeWRvtk3G5vRlfWN0+gxTqdOHDWhOTfato3L3Ph5zn8mKQXMjI5bCv0xrIK087m3/z8w2DlRzu/Y9ZAe12vjBektnitUD+K797egxYWvdxkUoiryM2mJCvYMarNr+XSgtRTmqRPmKGXnxsNDusnAWaVsiJi1xMOYe8xuL29palr3pUrcJnWZVIFnZaK0NWTKD7Ouy2ENm1Jy7babA9tIMCoC7uJlWtnWK9BOT5RYsTookNAnm9T0ShIm410JQqjsmit5+vd8yFFuH/UPnYnt34SztfpAcMPeCDgqxfvE8G+nR3mqzCIEt8h3gKXef2usBjxysLQNXQg/SjY3xoxzcjUeuNq/giI3RtblmqflmaBfbnjssxs19s0aYmP8KyCrIgjYYil01KvFLMsWvFhH3x4TEXTfnAMozFJZk8P33/69Q8//4IgYx3Uwepr4WH4DZrpj4f9bhV4jgteTpvoG6GH0hqVBQv2q4l29+GL7yf65qpiqQu0o+gMB5FZUYc2sslpcebbLGBaBJo9HmZZNQRme0ygvcXYlmtV+2rASFq7XlqhrD7t9998WMumNGswzUW32HW6cObO+pimR/8gTJ8+hPGHL798GDzH+x1SanEaYDj9WmXYlqtjgzU+X2m60dD3D7o2rdfEhSgQBGipYy4v1JpMmNyYnBECJ90PqrWIczGkju24bctSttUz5fwbheXN1YzWgvTVD8dRTWnps/UKVWEYJB4KZN4+77rh1c516cQDculJlr4DdYGs48cYLdq2kDLmf7lraLet+cPScEaIT+YVPYpXpdMC2iDYC3ReQJkxZo/8Ub2P+rg95sFsVFAWa1pULb+o44ZCaXsCY//Fj0I8qAkRO3w1QdZpuci5KIM7eHCjE/mriRcBP1eEbBzgsnuca+xGmI7b0rXHtM+XN3ODrYVfIuPWVmzpullF3lGwbGsqOo9iT0YJAk6qJXmrgzjJnJkxITHTuZZsTifOxHEz4wplJSA2wVFjHJvCgHW++WTPfZQu+Qda5OJ9Fpfokv/5DLWiIUq9cbs+ZWz+5UESFlt1hJzto7ioIt2a9atFuh40BREGlhdyk1oFFsxpo9Tn5wzEqfJFDPqCtMi6spKyyXK5ota7LgvlwFZ7x/X+S2F6tOoWY+ufBKy/vLBAQqLnlLAaUWKRKEEVW70PYFyjtGjLSsD07Yen9Tx0DF5y4Ie1EFzrA4dBWly3sOVvD+noxB5jcZLXcs6L/ZCqEuurYkrS9P1c02/pq2zLobWwDb8eD7Z396IkdBBa495XvcdDOou8W63B3spAmnFRDXtffqczo1YFrdjDR65enO6t4zYYUNKj4sg1q6MyqmynY4jMiWB12tGfk2/lDMoL5XrMlp/TDowOGdNSaK/limlRvSIplbYoxEZ2lheFd8unzeMDquN1Z707hrN9mqaHRxTK8eFp2QkCnzEWC20EGPWeGa0+SmkUE4oA0Tl7XVRCdlIqVERzZPNHUAvMArSgBWEuNODJC5qe+9zo7yPDgMuEpdBWeSOqZqFBdm2h8630YNVuq6iSnaizWz4d0hRTLki1SRc2zKX7W0GGV9oiItC5iXVdRVsLq1CIL1a/3lYqpiQWfbcLxtyqgCVCXGQuCa+2s/S8jdvfYRUxp5Q+nCnTt4CA3GxW0AmFyNS9zTL0wfZGet+Lwll6P7VxmqPCK5vFcUCTOspy25boK9rKlGD1Rg7cB6ksvTKp+kpEy1+FbHEa7PV0jSExreEyrVkWLZRlOToH4mXcyVR1+Pdo0cODmcPh2IbXK2cjWqKILHPdNLNuMh3zYl1SfYhXvUvxKXk6zLXcl0VUR6/3769ln1BterPN+3my7nhasvPcFtOtUoIU0ea1etYdzmWB+re6rLw4IpcUa3TJ2qK4SGRRALe5QwpTEE6eH/afzZcTBrk1E8dh73qoZ4HxDGvjK1nH4JPY7/a9Y0TRUi2JtjAsqXbGLagvZGaq5bqsBgpYNKTJtFWYVjsMCFT7jFv3XpBl8bVJ5fOvM62dCXct9FbYjRlRnLCJweSSPFlFKx4NkYyWG5V0RnyjC9QKxdgCltOOM1plgFW72hvMB3WLn8wHAnq4rzjfyAYu58wkj4Ik1P2OPgOtxlq1UnpS+LZiu0dn6eg1vBOOci4POJsFP2jxUkVS7s3c/YALWlmYwY9Xuju4T2c6Q0gFs6S2K2eDvpPdLjiBDSkb57PAMMLw+dhlDaNVKcmTRTlsNfrdJIyyo4DlEd2ozc1g2luQpURqp0H5cBqf3KpnUur443wh1yqES7QgsrpIUI2u7DG2R43BW5bTZvsdps0NKme+S78hZSnX6vmew5i/DsLbCWoaqRxPlus9h5GigL0Rpn5QOeF0JGsxBiHvoaOhkZLiOKbL3XFzs8HHtniyrTUE4cS4n+LdqgvTUE0WK+MzKwhx4TonWC65UHM1wTJwV8nK6Ux01iuDVpTlqyloGxrzhZiKf6qNuWgfoBvsz+RHLN9yi5wWCffqyIyJHvvzkOmh+4nLyJWPyoIgc51JTzH5ld3btfHE8SaN9afxU5omBhuVFKWutn0+z+dWmtiUow5+L3waV5z/8DYNvcvuCWuth0J6Kg/bGa3U9Jj+sWZ7/TvQeolmUJFxpwzlN6SniAXZWWQm0fu2MGhMdk+Hx+dVNNHxPc0yaJu2VL/vs2TXZdpQ8FijBeO+FZmZmq/QJW3L0NtCzewy7gUoZds2p63IGuIKai49NPQw8QFr0NZgiPzEKTOb5m9gyziz2YAKj3cLGTeR1m3L3/U1fAn5o3JoVeWmbzwJP7hsSrUtuTLfxpJBdNia4PBG4tT6WWROWdJY5u/dajY1J4lt+nczI+qHjhZ6fUb3gnXqC1Byqt8SjV3I40VvyN+kmrBmKC2C5f5gH3afac2SaMXmxmHxw37GBoJkMBhNP846d9Gq7yVOpDlOawJu8J6J6YrhR0Oj+YE2PplQwdSQxIzW7CHAJTPmh1HYnzs6g7+AVlkgE1+GKcDz7R8vOwHJBwjHsqyixKlhv6il293qMRy1mObXS6Gt2qIVTxrp8kOAtosQsgYg5HUHRyFxexr3lvebrQ9Dn1ds7tQadp2hYtvNAUAEYQfj9qptm2iVe/xmhewz9443AbljA/25o9AuSEnFqrUX6DGO8A8XbbmCZA5Sns1Re04CAzFd99KZ5nxUFq0Zu/r6w9d9drwSBmhKgQg8GkvsaRxve6MZ3FKj2AXIQty2bGrZdn3NjP0ymcN6mzqnletL5K5Zl2HhHUdun3WxNDTnRqjZRR2solszGo6xO6akLvMNWBWbqFMBS1vuie4h9D193hekRlQObU2umXGfOTOYIBAF0WCgyoQGI0YRfB9gjGWE/Ao1SCgGYaKqx4yuE+0dCsoZrdLB8l99hfXq9Fv4mb9a6bqjLWsVYJHTojc+7QHTloBpKWjJAZLqsYxVpaZ7zR60jKSvPe87+mKkrcuiNa3YZQbDy1dr6NW8isQUrrIMVHBqOSv+8L5u26rcYsx9Hj7Btnecti3XI9wd/5Dg/u12h3C77RiG19mYahstxnZ7McXmEZg0z0v7/nwHhg9ADyvXpVnHbzHyjztvHfVdb+/HZdFatXWL8XXYt2uCTIXGW5EnF2oUqUh3yU7Wlu5EcPAZ2K4pBUkmwiny7P6Hm+B5kB52MH6jEQU3VQn2xOIkc1YJkzjVfMiviXKUD/FS5NTztqbjzdYu81rLZFQWbVWNA7dlMJhxq4gwLqG8Ec6p30in0VsEG2XJ8oLLYB6CFkwrCUfQPm3mu7mHmhOfpPvl9SxJpINcRCGYsTgD4ke8dUExxYsHxrssw9W8VaAxZ/Xgf1SOTEnF4oN3bZZBMBJVwZywC/EWMpW5RUxuFZ7M3KZItAFr4ROMcrNj2oRrKyEA+7xBOZl3w3366OqNZFhFbwSA+SZaoeegLFGyX8R3px6dope9WvV9pu3XnZJokSLxQ+RdCkWUVaHei+9wQOC4mv4Km73RVCC0Spedjrd1W0LpaKNwBC2K4/B5Hdx8+uTd+o1GZ3av0AwnejvZLIZE8UzM56Cwl7qY+P6ox3I5SNgsedRuPsomKrMDsn+ee9WxjKE1qEkjxkJTlpTT2DydXbyMtrTDwRRGENHhEE7p+zQ05g3r3G3NtJskUaZUtYm2YnZpL4/m7Ox5s34AOmJbODuaAuesqpRiX1T6meHAqvROotkvjBs93PqHULdNiaSq5PxN5R/j1jHsV6nXq9RPQ+zAV0PsyL/sHwz/4SEsOdv68gcv8r9YGYNWrjWJdj+Ha4QJ6wes6zUcnBaquJe9wT32zSPbHvW2g9/Vy/K0jpzV3Gt0bP7UxnA0sqnCbP6LwkqxlOmiopA1cfQo0pQS37rDd1ScviGMQuAn0cqriJQrsPk2aQDbgntBmaOJRCtZdTJnYuDS1V4Cz3CShj/r4IB0docz0iVmzH5HM7xId+sWt6yR5XY3hjb8NrVBa1b/3Rxgiq1GuNz02oOOm0Z9P4rCzh026osmihoTJqzKfPNCda5oUZjJqoCrqslnJHAlWUTblmgOmbEISdp3fDX0PWPi+gHaAQmdkkJdvC7l+3iRPPzilwj3i7NqlBo7mzTenFibmOn/V7RDdta6w07aflRI9pwgfkEzBt/wZYjyfYgu82ChZF1E3qMhs+IuSLIyYlCCDPxZkrizaKXTua/Wwq+T3Ev1Mzl9h8RvReLpHLcxmfjxdDAdZj7MJ+PB+u/kXETcc7uiVb1c4BfjzFjg2ISORpt4kx6Xd5lrhujkzOZRt++0GOQkTJ9HEYs8zyXSS72HLpAJ1acZy85dJyDN47ZqyyofSCrrifL7M61xzjvxR3yoHk02OkIQMfsxwqkBNkdABGGIo7E+M6DfylN6pHlBN2JOXwtuAfsW183eLnH5OGkUYBUt0/hmOrIRQ66vcdTNs055UlBLvZOGBzpEctMXghwgEaUcMoj4GG/fJZsRx2mCCld2kt9CJdVlWJNzTaO/8w6YqwDtegSKOIZ4tO0tXmyJQj733NIfBkp/g/Zoccg4gwwiQHLGgtAgQk55+cYKuWHU8hrMCR1PQ/+n9Ru4J5MmCIuzNQyardAT50dli3rDiOjBO9zuzZEgg+QdpPFHYiftNwaF1vvPfU0vdAnr8t4tgeYG5TG39kO2QMvnzEal4a6yYjfewOpBVEDqpAseQvoLtHrwGLBwOVj7hn7SJSh57vp4YVBwZgYtX9f8YViE1iHKmnh7o72GdQkyB/hdEfjv42oxkuRwO884GxmrloPCoGlm0PeppXzVMTQsAXU6uKGF2bmbOecJVUO/YP3revPXdb3zkD7uNSMzKlm0yyuX1wYl0LLp3tMip1C5ek+xdo2USZEIS5Rnvb7LfRh668d/g53pt8HyE90gixIoDDpbcoOeOWHP/0N83F+l9ILW5nY7uEeGgVJeLvBiId/1dCnbFPSc/a9S5/6rcVAeirhBpQrtY/7UoOUHqerp/x5QyXq9qABfTv+1az50v8luwXG9Rs0EDwhDGjtHhYSSlj89Q87gcmnQ2R0gxKOJN6NaIV+glf92gf4K1sII2pMRG2AAAAAASUVORK5CYII=','2021-12-04',1),(6,'CAJ-1453',4,1,1,3,15,11,5,'4',3,NULL,16000,20500,NULL,1,1,2,'K.D. Somasiri','0779452318','23/45, Nugewaththa Road, Avissawella.','2022-10-12','2022-05-04','2022-03-05',NULL,'This vehicle has 5 parking sensors.\n2 sensors are damaged.',2,_binary 'data:image/png;base64,iVBORw0KGgoAAAANSUhEUgAAAO0AAABpCAMAAADhslRzAAABblBMVEUAAAAJDxIAAAC0rQ7w4gEWHR4dJSfGvAHNxAApMTJ+ioc7Q0fn2gG8swbJ2M/26QHVywH++If/+5n9/v3S29j+9njb5eL++693gHuUoJ3+/Mre0gL58HJsc3JKUFLEzMqspRgrNEX372RcZ2uMl5RTW1z27ViFk4y7yMnw5RW2xL6st7ajrKr37UicpqSzvLv/9gGfmSz99mitpAOms63Kwhf57jaJhi8/Qiq9tRbJztNgXRleYGD99Vfx5jf47BJ0dDmimhH//uj57Sbx5SaMhhLx5kXCuyzx9fazrTadnp3UyxPs7/NHVHFgb5Lf1RT/+zjPyTH++EqMjY3074f//BTm6uikrLXk2issLRTX0Uh/iqOztXv18Z63trPMyWjh2kz/+yZfXz2fn1SMm7OVlYrp5ojg2W7q41fr5mbo5afp8eqZt+MjGAnX0c7V1o7q5nbH2/Tm3dTDWkvW1rB5NzvvjXXTAgPnvMDnopfxD5BlAAAAAXRSTlMAQObYZgAAIYVJREFUeNrs1v1v0kAYwHFKIrFHcgYp9U49Tuxhz+t5HcsphvhCZhygtr4AagaKzvm2mfgS///4tB1uRv3ROV++hL20LOGz53ql9L/DW71e+oeq3yn9Q/F/SXtHlv6G6j9qLQu+Fr+VIG9Y+mPbQ0En93XiyWRy+uzV1atZq6uNRuP48RMnQf3wz9ukvhpzWB5g4Jm3PTn9Zn390r1764vRaLCx8WwDnuvr8G2xWGxvr9X/lG25QAIxp9Umk8mrV6/eQ4vFfLeXaHTtGlCfdTqd0eDZ+gVQDhaD0eLt22fw42swv36/vXaoxctJbucBb/50bufaGAoJMZvN0AwhNEuT7v1Lz59vdEZnBhv37486/c3NdjOr0nyJ5i/73RfQYnF68v7T4RTX105mvs8QVyqOokePzBalW3RL0DyRF4ZiKyGPn0+nj7vdi88fj/puq1VNAkYIQqGtOixgSTVptVz38mYXxLCs1w6Zd9ij88X8KZeS96QEqtWm8IVfG4coS6TBCKz3O52L1wf9ZqvKUBii3ShxGGGMRIaGDMity5t9INdOHB5wXVXLFSY/er0eV7HV2coFZm4VIfq2WdI/P53e6PTvTl9UWwkJQ1IE5+C1xq0KhlhIBTVWmy3SbFXcyy9eX20cCnDdHztuOxoOeRxnMzW0CKDwyEN7hWnSgcEOumemoyutQKClNE8IYdsuJXDU0N2spazpXIGl0zh+8jdfwvVbTrmlh0NPAdRqChkbRVFMlz7AGk3DjMUISpPB9Pq0250+blZZYf36ulAISnXoIgTHNN3LyHZ5nAZo0aidOPnbvHUflY8E8dCHmWptqKA2irnn+/4ORyjcVRDqYS7jfOhJ++702HQwmnaTgMLJPaoAKri01i67hcbIQHveyHE1YQE63Wh8WCv9juo9t+wgf+jF1hZUhX3Iwxj7OkDLiOJKSs4l9tLNGyvHrj/YuN9OhCiYkICKGRodWeU2tbjFxP7hCiscJJBNgw/Hz22UDr6hbJVd5O3I/FINhY55BvVwnqdouMRSrLJiroL+dOXYjQdvULNqw/1OgELaWhvHuO3aMUXEwoHd7CMhq44mVM7Ih9qTA1/Lde2UK9T3ZWQ1DUMa5dR9+T6CMjGJeI7F71rdlZXr91YXLLkSUJpDl1KdSSNIKQ9VrBjfQlJBskhpo8uBYRrPAtirDpZ755FTriLsx2AViFoFl2o+UW9Pa1hIgEoYgvfMVSy3miPAPlidBylhAUhjuzdScMaQwlhi6wo9jlGEZRGwpaIyqGiEpELodO0guUPYho+Evq+sNiGiMVA9/F2EIJLdSQOKpQF1Uj26cuzSg6sozf8HQlPOi5lGUCaFPN/j3KsyKWJhPF4kIR4Z5TQjQqVKX9ZqO6UD6o6ulCtEetkeK5BRHlC/z48YKkbLIk7bAUs2z2eX7FuS5vtwgCLLuQXrUpoNEPuwOno7zaaX3ca8Hu/xr1kZOEaQCEdsflDcOq2UnSvSV5lVIAsr+If5iMEDrEGIdcDSpL+STfZZmhJkKEJXiLIYR/utIIJVAt4hqfaMscbvQRj38jylOWzWKOTeo+R1bTIs/fKGulV2mhTL4oMh0b73E2wUIEYQY6xNMQmC5CZg7z1YgJVKCdogUBHGsY0Ka7ZWCy1wh8aNYxuPYc7LR7YlRDhwqCGG8y00Of7kV3PruuI4FeRJKsLsPokEvJ+faMOAZKMNgiCKSdI6k2NfpDNC4U8MnGnHsYdVFBVYxaEe9nPtTuxqGXvjGObc86CCzBV1mBYk9lU6b/zi+1A9qjqOG0ScUhvmIenjn8UgBNg2wlHSvj09df7e1RcpIhpzju2YkKZWnrfUFpOFARZaWRE96wm9432T4q57SyPBTTparf1Kbp1/odVcuNLGoii8EKsVsBACJAqBGgRBBBF5CPKqIKAgiCJQKYqtBV9jtdZ25t/PPjcwI9M1a41t50PCw2D52PecexM6o3oxY1/0hBcDlmUNk537V1mLzyU60Y5hG76pZvVBvdd/IFaXND4TWfkWRQ3+1L3HRwPZc+NB0YLE0Nby6oVoCngCuyXLGA5LUqUJBzRLHbHNgav/SZdf1aqmZrSiLzwXfnXtgCwQwyNbE5uDWIsZ9agkbKWk0yWdS+tBasY9SYPPx0HResIB8dDe8ZzWazWvt93uffLcjNlaZpKWFd/q7rUFKM8ov1mccu765uY6RZyua3Dc5/9DlzfZydW1hLWcA+9gRbHVOGBIfg46ePe8Wl6ZW8Ec8sqBZaMLzVjjdO3tVWO6oF6fS11I1aUlTK5ku+rDcNRKef1fpL94PCNdaspau2Ul7Ag3CcuIZsmSmJlZXG11PuxzODrguHe//3pXD1wXZuzSXHjF0zQtrwaYK2af61doM+jObHmoWRQxbp3iIgbi9ZxdckrS3p60UwsGJ/WZ0MDZwdyMw3zPK0RrSixWNbrgEOZ7wXRh24Qt79KawiumVUulcl2plCqlUonnKxZLYrmqrZ4vfchjGDdsuD7c8r/WNaFFvWq1ziXfcthSwpwRWKTZZwmLfR9WFwzlgF0KLwdgLKK/ajDn4F49E9RPTur1+7JYXTzUzMGWloaOFdeedHbmP4jm9Pg9oT/qk+2wKHjngsm3Ygk3+RIcQWL1/LyDfzL7EWfmeilzl2uc9hGu9PAr0+WvT1xal12EDGwk0Zl0Je0ubF2SS6u1S08PxDEhdUhfwlJiby+5Vkd4upoesrnQh73AIXYJ+2iV6EmqJiaymVqtXDa8BAZCV0C4JEu6vDRlWZ7DSjnha3U0WFVL2dhacdDrXcpQ5HDK1tjvG3Ev+/DwO/+LVLeET4GWwxM4D3Q0UtWZ3Nuz72lxdVadjD1cJawXOiIq1OV02V3AjvOk72PxyWAQorWaHqSMp85q9RxHhXQIZ9JMqCZUG9PTL6dfGrCFKoy97oSDBduk5cXiwrmIOsB8jTNwOLFeCJlJUsAF3yTQptGAM/fw+PDw+Ze4zttC785x6HrIDts+zu2+G+P03SkxAJfHdRCJvJzGmy/X2jo9qYJanaJNcWazbSebdVY7ncW5ldbUxMSEamrdarXqDNPx2fjrN2vbOHuM/kbtrnXeqYqiiDDp24Oe28wZhTG6g35X4LoNPG18//j1jz/4X+Dq9tuEz9f0RY2RwXG0oVvO/IRQKHVwgDP+uQwMM5mjszPcQpUIFsuwTRmxE3bsFT9kcVqqA1nS3dzObm5ubmzMTL1QEQuwlERRymbXdnbq6cKBOWQWhPkhAl2I+dPt6d5dX5g39u8u/Y+PX78+3v6sa7dQkLvKVzeKKjkyS9sTZFl2+wvpdD6f905OevPpXCYzOQKhKrKc2+9nX2hxodRFrxibUZGtslEp5oQrG3tdbLfb6VSI0mSKW9iMsyWUiw1hS7iox4vHPS428du3byc/mWsh724ISqwcA3O52fad6VNVbzpNHVY/UkWDikTwKBPNIPKoPyWHbDZ8YKFUbja78dtvb18ovlNvp97OvN3I1vf39w9CZuY5QvinKhgYjPNXg4vj+uCK9nic+Pbtj5+R3XLn/WZy5UADmrAc1wRQLQxVvZRqNBrNZRRZPdCV4/GyV8+8CegiX7xKDpm9hjKKOLaxoAI7+/gNgmc9CKbsR/hOd4sQ+qdF9fr26+119eXWvNAf3PVCQnLi29efCFbIp21dlAUN3bE45RFuSjVNql5S9eaj/mgOrgCZ6q3lWiQeKQ9jHgnnon43dGWz2zD9ei2b3VyYgewGCpo8x8Gguup3qY6YKb5e6l4N6rNq9Wyx1+3vbEdCZtmfjhaOe+6QUfvbw4/LFrzuLlr8k0DlJ54kygZwXkl1EqpAcaXuVI5E4uWadTI4+RR9JueXbah6RFgwGNSvY9ksyU5IgpEuCuw+8S67bRj0jqHLK4mur6tn64MudREuRB90wS3bbBz2Ry5vH/kfHcXpfKM7b3wS5rgnGo5fCVXpS7mRKrmWayjVsu7vUHUAeyHWVIhUCaFgtcbVr9diKmpOdoH6/FPg+2lzc709uOuDT5Sounh814Co2e3HAJHJEomjg7EvT4VPP2o7n3cLzPWJ5QgkCpgqgEueREeqQV0kEqnpJoNjqjBl7VjGhclSuGnrdBwz8wZrUleoGPx0uaE1wrrq5Qq407dF3qzPxo/7SJDDyIVnA0nCk0xBd56BCZj/sV6ctgmCjUk+8fQD8oRpGqaEHtWaQ1silFjLkTJMwXCdT5lmcjjDyJBpwkXLo5psJk5rkXw7fxnbtL9/B1NCuVEq+FSdDw3qanW83ruENUzdbiVP1sFGRa7YsoXV/I+sExtuo2D+Lk3FczjTALhiA1UF8ivHa5mgoqmzxqko60FS9aPdAncIsmRr+2Iyffly1e33lSrFFs8qNMjUyF0ex9e3t99sbqvrnBEvs2FSUvzg/Tc0CFDGJEvJzz/bVbC5G5ziSln6mSTTBGzsKq4ZmkThmmPsg3Q9l0HFFnc+xLJYS1c75zfvglE/OIAqyVKDIq+7Oxvuco2+8S9JrsGE4XIHUzXa0fFdL64uH7CPZ7SyGS5sQsBGoJE3GoKCscHZ+OfJNs0y/ggmUQI9T5Ec1aiC3pvJQFafYZYHIHVQqK9lY5BMYtmPQ59OK1Hhef6muK/k6sasA1dm22DKALa0MCMHJgFV80VdjcY7fSxz9P5hT3D0OlzJUqa/5SdwhxqyrYGdCAwLufss2YoDb0pmrqNRS4xPI5BEXzqDKALtFXd2dj6QZqdzfn7eap3siocmHlT4+485jOIU6UKWjCgY5WYwwOaOGz7FYmKqs5HjC87ITM34UVZulzIsU9Q5okQumo7iBw+xSrm0Yb8uK2yj3OafY5to+QZY3u9Hc99JElScR0eKZrpeXEOY9iSyrLY8JfKrlHjTYUfkeQuoVDrtfSbrxoICyZIYAQPu4eFrA7Z4gpDxWYTaUG3LLCiKUUaKtAzBJ3XQgyXr/KN3pcdtPp9Oo9YuzKSLZDFG8rqt54zj1qqng+PIXho+xNkYR0cZr65cfLO9HYuJOFjHkVurZap4Ao4mzkvhnO9tArQS/P295d5S6uwcUYNSorWNbIkQt/Pw9TJ0OZAVUNK96dk6VDkcJ2F3P4iSojKPt0kSfWIcEo72LjCnscnJbEzrdPPPsHUEVj1znSlao29s2N8TWYLd2wDsuGXGrtrrnJtwlmj+tslX7j2mZqVCtlB1tFYxgm9ubu7vq9mzaJRaFOKldTFjtCqDE4I79qMVsl2m1W0cG+EB80vnckoJ6ZUkrbqh4Pe+bbwGNec2G7m0rvYc29JqOOELnBySEq7KZhzVi6nD1cNWwnHbvG2WPt9a+PtEAuI8zhyBUsmhWb0B6FTvj4K5qOKbCsGT+rxMwmxBxqqwnoYdarA2+zKaiv6l+F2KQ1udgnWITocRnc7XrAZcdIW8TlezCv892pLDVFo53F05nHkBVMmPGkmT3HXCUWFqwyWJjhPnCQ9KptXm59vK/bLvBCXahKolsSsmXQEyXdBmy0dl/RFs2bGNO922GohauyBThKwLRus0RDPe6WkvamTM74kdpMrWSeZoIF4OMRjgWCtjS9AD6zNs+Wu+ueTSOA4/7u6iKpPJ3eUX9pVd/nbDznAlxUNR2l1ZPKFBDF9LibfcVJ2SidwTLdE+s6BdWMB/5HLG3niPgvpaJJjJIN6DPFMdvdU/yzn77jSKKIw7AzuwLBxQVgRxFxBWCSAE0y2v2qBiGojGFJsEX9A2xtOq8Wi//x8+d4bJsidR6fH9+BAoIQndH8+9d2buLBTP372rin3aP0bhK8aKYTeTYcHDuYYMKQPRTwhb3hxvT5t97dWfa/nLZ6eXi0UeukQjkS/G+frCWQBTnvfj5Gd1vAzjfGF21hmePhv+/E3lyspmOyBlEM5Ys0YXX6Oc0eHvHh/sgvdeko5E86pW2z1V4sEZ9WPR9E3KIGgJE22uW5WhbiWeA4utNH5xXixuO+C+98F3PyROEZI/XsJYZ7yyZq5bF/nF2JEC7WJxeTm7zDvEPXYt17WQoIyPqxWQGt7l7OLwHHV8N7ouKnA3vRstEmpI8Ff9fFBMxjIa9CYp/SY4FW0MN7FAih8Nv+R81F+i6ZFMwuytaV+9+9VZu2CfPrNXM9JKoMNpWTPCBCDBkrkJ8C5gtEO5zcTHP3wsmFEZ5y++ev3BJ48Qvzh0XJR2T/yoZi2ipiD74mt7iTDtD+LJ9CZgAEqM14SpWEipa14Exh7jUst5Mh4H7bbNxZ3E57Wz+6el1aqDkjtzF9UVWz37cbUCPqJb2ouuedX5vPqRZQlDNgk/yl988cXJWw8efPIwnQ7XFijt+4o1ei/plyd7WDZEZQbCUvxCORb8OhAVp3Q0rFQK17DWxMkp11oeZ2KZrWlfu3vifv5NAmefDn98dpotlRwxW2Tvo/CCv315iQo9dqofO0A1mZTR3z88INBHtN4j2OsBYk2bPD4g1nR6MFpKD65GkWhU4hajxXikqC2Vd4q3cZIiqbAikTXu8YTGREPZOyrGMq9sCfvKy+9+csK8M27KnY4ZuvmrVf3HUqmzahcWjuOZ3jcfY4dAME6gy/3uwfnDRxpUw6qBQvJCuOcfZJL3pn0eqD+5J+0Foe8Hxeh2Uk2nACN0GyEpe+cRxoQJSVxWzsS3pcV7GM4f9bjtbEwkBHKSKXEOWNwyyBx15+8/hDZJoxpWJqkS3RskkyMe1v5uMUaxnB740dtJUzHNGZL+VuMejwBbAW1F4u5nYtvRvvfKp6+//mFyd8RyhBuIcSWv+blBrP1e2d99iAsAw0pqZ5XW9+I75SvZGJdpru0tFuNUmAcDVY5+xdTIr0tmsl9mDLAGGcwocyOxV7ez9svXXv/wrfPdc24d1c8KCUSui2nxUgiUXmF6d37+CE8nej5ZSk3F21kDWEkKpedMhomSxh2lqeQWUxE5uvyuq+UbsCjIqcjxCLDCMF2EoEkv6TSzHe0rWMJ/iC7/J/ucuU4CS9X22bWwbM3TMffuPlKkCN3bYYEYho3G6A9NgJqQZWneaRTHm4lEws5uFiJcNknL8qptzWRikbI/gbWGuWjkgCso8va38/Y9svbd9N27u4+WQRAzygpKDMG5wcVnDz65pzFvsOrBA4xSCra4gzA2MDTjSaCKZZkKlw2SMBXe3laTfk1liRrPHH+QSZXLkfmUIfRmWHtZCYcLCpnUdrSfomGxk7732gfFKe223bL42X/5wV00225nhajW3FAUBQo5JRBvEG4wk14PF1HQRgLa210th+JYkn741ttvn+yVQeuP4CjOjD2yvWrJoqJwtSUt3mz1LgL07svYRzq4uOhhTYtdxqXUFa6jL158J9jNCqFqWHXgIdj0BM5WACtTlkGGcE0uFclc026C3iKQKdTi+Ye0jfs0MinjwcHAYMJyeSFrO24hQbRsb7u8fenJux9QPt57QPuwuEHDCzdYij59+uQJ9R0evKVhNefmNCgek6NiGDeDOGYmJpYGWN38rGoaHAcolLnJFHIvvskKBbZqARVtufgxSGUz+in2R+Qr4E+ZYVgWd7N21ajVDUm7VacGm1vnO2pfCmOh72NjfQd9NgjkLwMcLRdsSQa0SbDiVo+WcYk5IAM2tDvl3BRUo7h5ifOBEqZrEq6aVcVjoL1RmEIC6B6eco5FMUCpAfXaZ3sTepzSdgRa0zJEtsl5/cjlbFva7x5/+fJ5Um24dlFLrL6Fvszj0Wg6nR4/QlfheqPyxiJFSQ2x85C1xQyDtRLWs4fNes5jVsPBQyqWy5nUBu1N0jK1WufSUpwkpLqS1H+ln5H8PmOVqmGaDc9t2bkE0Ua2ov2U9V98G36Ruz1R2ZBg3Yd6NyAYaSSnJpPLmzRWdn5kQI9qpacw0mCAHdtOY1iyPVFJ2BY31jOfZCqyF1OgN/KVSOPn7yJNSdRsB/DXkckeSJUigyXS4/s8cwqslR3aJRqCYtlt0vZJn4uvHhBuOtqrWKYw10INLe8G82C9uCYRJjjxoB+ZTGmRyXg3qWBjknYEWsAyqyRYyR7aHoahRNNAdKsJVSoyuU7YVIg0JYOXuq20jYDuOfrq2lcNW75iiJmc4zrCxL81gezYagmUPUdUsC/elyfB9Cqmmxg7HtZ2XtWrVLqYJCpa1CIlBC5xxwYKU9A8mq6jr8GpS3PRZ9yQE8bGmPPC6dAee0jg5oIzNc9D3k7WE/4QafwYnipS3FJb/OkTbAvt7SFdtegu6tJ4WG9iFWMyXAX+/+xWtHMLLrjHUyRquVcxEnY74XW8caPmVUR5lwTkeErV3Fhqb9IlSkNSqhUEBmkuTk70unsdyETLTE/guI5se2zBjVIHyAb9TUTRBlKkr78c7OFiU+TJZz62haStAe3kEFfGkCKNocfynlUxLRTA7XrnWWQ8ErQs5GLOMjuFseXcYW5TmFZlPzOgw09GUzGAlrtTDMWP+3oCwpQqFcPg/ZODDdroUj6bgblsxeSVXK5RsTjH2XsuRypDk3hkAgaVtii+KEnSU/Wua5zAiPOvfAKFqVKBsxOY25W09aOCkR87VsUzje+37En5FmOPj/cFmQTCqslYtcqdBEPiMnXQy2lS/j/T7mQy8fflg/SlZJqgHX3mB7SZ4ysuYZkFMWGjJHPWuT/MFTiTtNO5ok0RKpHqLctPn35NhkrQUJkOrI10D+Etc11z3EAQv2mZQ7HYtgMXA21v0MdhCJQoq1bDGoi6bJYFWm3gBLiTbrfbw0xrBBB1MSQxrbv4/ommpcX6gElawOLLYLkCq+ZX2SGqp+CCyV4DaFMUv/7520SK3cmfnsBPwtegoXXQAOcu0L4M3ojdld7SxMyrMnoPic1aW9M+Zqa/v+SGiUQzK4mEg69a3rHbQtKq62QXjdtYis6W6I64ApVfipZ1D2KpUNrK16OFzDKFl7OYk8vSBkq2qmlT8DZ2/obctf36s5MBbL6JCUbaz90rT3rTntTFIUIZtJy7FrdMq+Dm67k6L23bS57vPO6V+1c0g8dwiKiUyzPLrXqyLbD2kflpzCGQvAA+XIZoEcl8eTgYbBSpEZeui9UwlxCsUIDDXn6IRnvJ5ea1t7HjJ0+IM3KTMjXwqeorMw+7xNm9wIcmHOCxbnfQ44wKoOue5SynmWvz021pj+Nzf58C2aQqRS1/4ArUWVExVd4KBt9ZMUqDKeEODgyGx3QoV4j2gGA1bnHJ1etQ75zlWsKy8IzoyyYKLv5CeTuHtzpqw5CybhGmVBeIh3DYl+xdEh6SJXXsWY1cleebdpVnt6X91k/2RlfcMFTbQ669K4DGRVUpCPWL9aNo/CtcWksbihZQFYGS7A9iuheBc3CZDAlulnA+asMzhOe5ZjXhMgPDo47kcMTG/FhsDdlVXkorDwblvQnslOpNRxCtz9QC3Ko1GoI7nbrhPcdpNP6oj78l/3RVko6Ce5OWjdJ6NpU67jKFqiN5dJxSLW9Sco+eBrSW3Wk2hw4zqo5rGu6dTsEzAlrtJVkpMQHauyAzBySiVIxTSUmT98vNsY+Pc80aF96wxe9sfzbY02l/SXXnmu26/cauJQTg9tPXbZh0D48RLa5UkifzATmrcKPrIsVdu9NpNs4sc1zzWDvP6WRtRTudY+oIKyHlJYKUvKSA1VZOUf6hx/nLy/Zs1bGf4QOJTldjeXQMwotZGnPhNqvc3v50sNTIUAaCeA3L9HwwMJp+ON1VnVPoYZeR1o1JQ6+AJG16JK0F7Sm9U81OWG7eQ63CLxfaXNOmVF52Zbz6g0F5jTntSS+xV55oNX4EYVhZTlJH52TzJuofM7LbR3Jm35Ki4rSmlsaxgNkgb/FQJK06+zt37z2cILa0Lo5T17SyR8Mg0CYwkfWaTSoFrDbk3OrkFe0kjlyFlXOfIra7xiQvcUrA2HU97MF83m7Qe9rw0Two5gHPmF97wJyWXbMs3nmec/32MGuCXNfFFdQCbIrW0F9C4Ip/B7t09tA773wQ34sMlHx/cHgSH2haXEHLFa3L6bXCAWEsfxNjbXXoSVpWHsi58SBySJm5bg71LdJHH3letUrv0vBwtk7VkW/TyC/u0FvfcAJL9khFMtkrEMdjl5nPdx7nsxoaKrTUqyhmsjnwG+yKHBL+7gOcoLZTnPu+f6A08OfU4c3ENW8S45mU6+COwEgmqmNWs+vVRF1Q1PClT4p0eyg+0FJ2rivrV3xTLom4qyQH6E7LoUDW5QRzAmTtc+r7kgVWyWYIiHDD6lf6+DkzyjvnX59ABycHvlRMqRzTy9/4/ErTJjg3Pcuw2tkaKwzrdbvAhUEl2UcN6i/BLaUqw3pNjfF+fcE3YWyAQ/nK2lzFzKul4QvPqwUTSuSxclRZSvSmvKhHRhgwUE7VtEB3WtBV6wJVKlPmitYwZkKMTbNWwmLFLAybjSOPm1QWlkJz6gzUr/FNKWzTCuSZm+9IcNst+7lpC4xgSIYUPA6E74M07mNirqUnBykwpggX7MmppuX0gTOsbbeHgluJYaduCy4TQ5ujrxoXwEIroJWogdG4I3EZZCVKR6hgz60jOjqVEApagesZcXDBN/vdbvmQFDkcHOAic9fvztUe3+6I62FMVD3hlAqlBBdmFSfiFLhBsMGozhT2eklliLAkbCiJq4nZ2Z1Vs3Vn1cDYdv/+H/i4pPaqvciPTc4MLQmuGTd2OJmx7G9o1B9Byz4CnCYMEpQkuGFVc60z2+KoA6UhrDWFHtQVcPC6SlgjBKslSav5Quf0hT9b2dMx03mndQ2sxW8V01GqQGgxYd6pnzU7BheuUcg62lodwfpuYKwZQpVl2kvMOqVh7oW/SjZ4SYwUimEWcIfw1X2h59Z8zWEyYXdapTyeyjUSnfVOrhFkLF0C2lC6gnOcnzXtU4TrX6dsM5FHo0f7p7HJFUhS3S4e8l9iANfJllCjEMKuKyRs4K3CDFjh6xrTWbQ6JZpF/dXqjC1TrI86TKsGJh3aUJDbQQKqWqfTkrZCvPvZxuwoZxl6UFNXTUpaWwpM4qzn4ObfolLeqgApINC02oGwJKzOP3lR8IG9wkVjbzVsLZCBQrJpMxWnttNDDapT1P59yi7UXFEHbHDYgZVB/gaLIFzlvaDWBiXI8MaCmpljz5RPEeakqE0UVsMjBO3frWy+GsyNJXKokjAViOHcDCY16jcDcp2ZpovpvWvR3wklctOtUqklN/9B5Vp52VyVSaqhA8hgOJIyNHRY5HfoJyrPQUnzPpjZKuX+LR8oe5qz660athw0teTW+OAn6UaNrq+hC8ShNa7mFtZ4Nsz9Sz9JNntkN9qFhOO5luQmmWuJgBsKDcNB8obEzGrb/neChnQfXg9xEmCrBnKFTmuSDYmwtPtKppufrUr2v9TS3yYnw5ur1qxWK2BpPfbGnhvI81CPSKrjUGs3S/bRf5AyHOH3j+gjYzqrDs7+nGnhBZi1Z7PWGX3A26rTGP6YO/23VKL/h34BfSklHohPCAQAAAAASUVORK5CYII=','2021-12-04',1),(7,'CAI-8879',14,2,1,1,NULL,1,5,'4',4,NULL,43000,43000,NULL,NULL,NULL,1,NULL,NULL,NULL,'2024-06-19',NULL,NULL,NULL,NULL,2,_binary 'data:image/png;base64,iVBORw0KGgoAAAANSUhEUgAAAO0AAABpCAMAAADhslRzAAAA6lBMVEUAAAAAAAAJCQn///8TExPv7+/z8vP8/Pz29vbn5+bj4+Pf3975+fmioqMqKiohISKdnZ0bGxvV1dXPz8/p6enR0dHMzMzr6+pXV1fk5OTX19doaGiwsLDb29t3d3cyMjKCgoKmpqd8fHzs7Oy8vL03NzfCwsHIyMhdXV2pqaliYmK2trezs7PExMRycnJSUlJtbW08PDy5ubnGxcbJycmSkpOWlpdCQkJHR0jg4OBNTU2tra3c3Nyrq6vZ2dmHh4jAwMCNjY6Li4uYmZq/v7+Pj5DQJSXwhYbDn5+5cnLx/v7/5eby0tPOwcHvQnXjAAAAAXRSTlMAQObYZgAAHgZJREFUeNrkmml/qjgUh9VjEgK4g4iIWtHWqnXrIlJvF6e3s3//rzP/sIwyy4v5TefO9giKVFuenJOTRFv4B2AYhf8PvMcK/xvMR6fw/+FTs/D/YbEt/H8Y1wv/HxZFu8A5cw3Dkgc/4anr645uGDrjjBf+K2gB6xeLa4KTIDIFnRDqmdDQDtJvdg3jqSuZJgr/TgRzXVdyEv3OQ1vTOIsJWBAEyRE3JfxYADRTaJowuRMYhr/X2b/LWTCL0+8iTLhz4d5d+ZbcQ9g1uuDJP+gW55qpOfvuwTIL/wYshxSsvajcD5feDEyn05m3Xo6OD5Xe+M6XKqn5/MWwAtdhxtVN67B3pXSDw9ttu9VqNQ8WlAM0gVX4J8P39kF250dvVysXf4NSqVyuVTfhdLqetzjXmWPf2U92u/2y6F1/+soXzLhrt9stH73YZ0R839w7/9C0bm0fH7xNKWcHYNho1EA1BgdoiWfT3Etujw3WfPw8ihlGdRL28L5+0dveNg0DpUs3yWS6r2uFfxhsG+6ics405wrZlEG1FB4oMNj+qqvb1/3l833MQ/+eNOv4/Dwcjoav1+Obt6u95TvCNLk09tY/KMTselc+dzyplqF5YjAYTGqlIdHe5fZNIB/Wo9f715Rhn3OzMjoej6/H51G/P7x/vGseDG4y1Gyh/1MirN9vSploMfNMXNFN07gOEibl2pb4IWAvvtZbjj4jlinH105TiLd+8mwI+uv+5wv/wIgDQfvCPwBWiUo51cQTO0ASZ1k82YBJedAlaXA5luzoDZ+HygubuvscLcg0RsNzltPPt01GGgf09y+Rg8UKkuVM9WQL8j0WtrtNcYos1vnTJbW95TDPa3RP3HxdjnJ4s3lXkgZM0gt/K8HWq8EVsifiqGa21cR1oNjsBuW+IMPl3Ss+hmwcxpPXsNMnRhfeKKM/6gNvet1y6O+3Fa3jpFj8pWvp5NpAr82K02SyG5QeiPtSu2tTfdXPlFJwOJsJjcYznDpjufRWj7ZFpqYJ8gt/F6L5EKVJfN5rE9FMFmSymxrqk2NYvP1kHqdQyjnFUewwQa0ZjpdnrNezsIK+a5oa/W3zSfa4LKskzqlmsg21p7W4CtdYtnpLFmRvbRp20rDlWUcGCbn2cJThYfOWUXXbNsnE9lj4O+A3x0GcxHnSFAaZbBbYTXkiSd872qU019NEFDZnWnga2sTFsJOcOGPdmNy04iXi+4+FL0/zq2mSxHlyriALrJLtcBRjSb7hrFepp5cDwuELBejSnmJ2xnpTWl82CbZfvxe+NGwxrOUCW8zLQrWRyE6SwEJ2RmRAdtvnXgTNnGlih33TI4u2K/hNM+Lj9aZWHm195PLX79eFL8ttPSrFrnnVrD7Fommf3UwGkN1NyiMyD66kbrmx7HhwgFu85/A2dcS22+lMfyY5xJpqUK08OiS67+/NwhdE9obVYk42N/A0Utl0QoHIqmH2SNyArF4tNqbTsANWYbiCdIoKItg8EyM2izrQzJiqfVXdlcuDCoL77fux8MUQl/VVEth8XPOycD3NFXfV2gVkpUuyVizXwvXlk9+1b3v3y2jXgeeJ2WRJXKM1miOP1ykVG96YuZy+e39vF74QcvFczc+ditjOi3GmCpIuG1Zrc7L2kHUmRbxm1yUhBAF+d4yiNIrxw3QzI5PTcNNRrFKms7BWaqybRIJZGv3wvix8EcTbxQxJnItsbrJ4GnYAUngXdVa1cE+uLnXSBuqtxSHxwLGkdGVg0kuYi+NmBSM6TlY/gyQelIqDB07EmSa4Q+Lr927hC9D89JAfY3M9No1s8uFEWZXlcm0waAw+MwyzUpJTTdrphjQF55zpBr2Fq0wVwdyFnBhVElt1Zlctl6vewiTBGecmdIPvvn//pvCXo80vRpg8nUhX79jPFndwLMXn4VUEjTlpvitdk6LkXJWTZpqmUHDfouUOWsptBcKNRYIuN6so3AyqqtGqnbpFZDK4crUuCJpC/PVjLqsPZlMEVpGplvIfsDVSVXU6Dnpt1++ZpBtSyXaKyftCotiVgJA+PU6UakpY8+m23S+h5QZhZ/18ceWo3pq6aoLcLiP6iydUQrqT4h+gXJuEs2H9TdJhr+tSSkbPcWRVbF06IRi1Q4Q22qlQqjnJ1IvCaf94MbYtk4DJlWsiS6LbMoWG4H5b+Muw9pyoUktFqpPdZheGYRSF4W63w4A6qDYgkolWo+XrxVvT0uBi2heWBAF9hmxW2SYhxtMZPl5+7mPCH6pcQcZOotnw4fFq3N7vY02hcQZOroKCy5YgdfD9u1b4S+C6TiQ4fLf13ovdMjRTZIERJmoNc6R+uBvf3mx7lfvXrxYtyYW6VMfdG2w+5xLQOC5uxd9iMvNGaB5bmhRjmpbFU01lmrqaJPwXW5BQtvR1q/AXwA2TSGOMa0rxZGlqiuRC0AtP/nELMEs3wF63rptMydqlvCyqN6YeqmNWEK3UUsscHcnP0ABcid3MbSjDloh++Auqsm4IMtXfFyorMz/2awLcEGNpMfWAoB4gq+tWc8wDxskvp4VMre5Xx4v5VfcgLZ545n8fV8jUMzGNk4m1xi9dqQnV0gQ+vOM6EmGFBjfjTqQ408vfQODEd67h+4ZCtxg1r5jfNYyoFHa8/v2neqX+1cONKbKWOznm0CRLLLOs0WRr0Ut6iEAOEPhG/9gy7JpqzhPwODkT07wqOD8DkMAHYOgOgqBZ/na0aF9dtW6vmEaKVu9TpfLi60gCy0k9Y9P4ASSKxDklCJMHe/tycX099nWkMdOgzgWc+d1HyjKdNAeuZqyaKkE+wMnM8+doO06cwXsDGeyi17r2vH5cTjfFKk4zJIemWsKV40+L3vzKcC38jlNQc31fQJDLgzT8pt2+fdkuHi8qF71xWyd3227daiQ4Eyq1jY9z1Q5COOiFmvrbShSWwEJIkgtNr1FLM5gzqcNUMstob19667DaUEv54ogY3qmw5H7vvvRe3m5s12KZYQJqXlLZuy0IjueLTxfX1xfg+tNjb7F9u7J1TiTabf8Jr2bMFNylD8vk9isXTEoHV6RUE00FTE/hANwBUA0QVh3SbrN19TypbjAG73bhajeRwklSXum6rv3WavqSJaVMN56adqt9d3tzOd7O54ve46OSW8y34+349urqDt/k2naza7jQI4XgHBVZ2Ur9o2y5HbVJxrIInDKVAKrQAVkngy+DPg4dHRfEmD6ujKarJXspN3YR6KxLI8ILgFLdS2k0x1dK73I83i56sFP0esrv8hZyzadu0+660jIkVyT1ODf0abgoB/E1ieSHyLZKz4Q+xjhUY1FXZhl84lSgLV3iCvzeZ8yKsDKr6jrWeavpeqZ6rWA8QI77sDjY81bz0m7aiFez66sBSqpsYSyrToK4rjvwIK4pNbWdE1cQTfVbFWRyPkBWvpUngukyDghMAQKbbMA5s8YjVALhtl+Onelk9xCVi1GfPUfebOlhXB0xClSbxDVNk9e9G6ZDCojfhrvKFT9mTEAfCEApIhmUCKYC0h/xtYH/UKvZZEjHiU11N0Nii7FSadzjmSmMxdHb1IrL/mxWG/SjSjPyRv1BabUlMlNThWl49YqBjMmRm0OwvaaOA0sEjoBqzlSIOK1xMrZlJIj/6Vo82zWGtHdhAtVfkFhn4NAhMb4fRbtBo9rwjmF5s7yvs9fZ86bUgStPX6VQSft4P3dcpsWCvwFUbh7bT80nqyV4ANPz/HVQnpS92hnMRSDIpMOftO2tNuWWqUuZqO7jHbecsALHAWnjUWcW7cJNx4smq81kuqxW5HJYLleIHLxzn70FL9bbxt5wDJmpIUyKc11yL8a6bRAXJs9E4+JhuYyUvVCYDHeE9mBk/TlZ04tKfYLsyfU8tCfb/Z4RXcxmnZm3mnr95Ww3XFRebkaeXY+KU4ck1AzYJsDb0VsYTKTuc3ZWa8U5Sk+lfLymjZd7yXCAO4aOSikazPFgdTXi7E/Z3nUmE5sgm5L4yV+hS6JbbzKqL/sPX+EbWG9VfiBQuWlPin3S1JoAvnuUdlXMGeAYyyB6cDhPhOFLv0YQPLm1h+YJS+NSZoMuY2ncIf7nxtx6tHy+duM1gEqgU1HCFhPP/FX570alwXp4/3mpXCeD1W6wqhjXi2BXXJDuG9myIBs0QbJ60aVQ+av2RBhns38JTCufSh0/VzZwqH7gcOWL4KcI3v1TtsPlJvLbo+PClpqg30HvGv5wE/WfR+i1nRU+2A4nU89b3lfqcle9JcwgFa6TTvTPET9VcybciSJRFG4sN0CUgKBBXIMiImoQl7gbzf//S3NfAVFn5sycY896k9HT9mj7eV+9evWqUBTBd1sLw6Iax3qUrH3I9wJwbDK1WFmq4ttP0eL4ZdthvQxW2/06nFP23jbUcfywaVko8niRvlwezMNe6KvLTks5vryjY9NobbCH5ZaCwkwwGdZ79FarPAgeeeFtrvoQt0V4BpTv4Z1AWjrO9fLfHW75sKAxBd+r4o02lzv8VGVxtA3WEibmRkj0sm4LGd4nzn53ngaM4RN5H06+Wmovu9pMhxPEc0+x8FSzkK5tb8u5Gyvl0lo6qcQFJY/YjxhzR6KTy01Nb1qp8EeOSzkP0XwQ6UWwXiwVqzn9Z6bcj4Zezc+EzPlV+3ohsEq93FkAMlXlfb1Z13XMpf3Kaj0bKQy49frk/DUbqkwTFLZLYJGSUnNvrJRtawWU12IqguWknNI6EB7qSsPEbSoAw+XYYFGyqjVEAz0RxNbPJGWn93bI5VbAmgbMwG60MhWG6oT6SOuW6oe+chzhxNuEMTZ4KaPl2PO8SbuP+n9x7JVYf8HoLQFWTGnpp3i3fC3kDkC9sVL4ctTDgUhTQD3SjFTEi78GMIhFnG6V5SKD8jjpK1efhy2KRbxeodjJgq+8dN/LeuP4LkynvU/Fs9XeBn5DI0zvwC1X1qNRub1dYoCrtm4FnV7ulayS43knDuXE1pS1KmmcMsm4KWvi6TdiNDf0VBwYfw1gNEUOkiwxcTGZqLkCihXrJwKZiVZVQu9YanCsSUvIlIVytj0sZ9JxPLSL1B3EvCiNKmVsvI9as0/VG3t+d1CQaG0DhHSW5d1X6I0SfFJKalJKShHMWQGakKaM84FuciW8WszbxIpYFpkPN2CHWPioRs8P3ENRrPLGfoFFLfiY6SPjlrPpmJ32unoy19G5eNSNynKpKAq6L+jrF6kQquLNGwYmR8LlbaomRehhJ+UIltPKKScnJV9BqsWgKWMQmJEZRSZuiRi4nPcg48XZMe3SagVJf76JHuAouPxKqQVQeXVN+5Wxo6vGxSw9zByoCW4PpJ39N1QHkmWgPfGGFFL7QPRRQiUgQ8rxlYZo7aRv0gNH5a5+o0aQORhEbqzonrdpmQeCTd7XpiAaT9MWT5ql1eTQuQaRaeVYyfJm03pLPeXYb8SbpDzhlm7NM+rpSBa8axqHWv4VsbfDU6liyu+AJFEylbTDxzdpGsI3Ug45d68Ddx6LgDku8cp6xEKwltvxPmK3MH96Sa9Hr2IgG5fLcvF1/FyoXjgYnOamIe8smvEey4Kk8gP1HS0kW0gl6KfJlEjzBfNrhq31nlfNAUoWkWJ0TQYqkd7ZekcKBXPnOg9iEW+Ka2nRq1Uh2CwE3FUukp8tpMygmg/cYG/v0e9DJ7Rrn0Jlf+l1eq3jJ07TSrcyPt1jvOFSxwgPvWpUSklv+aY7l9luKCRaucWDbuyIVpeJVYM4acLqxqiAHAwGQejgDqy4BW+Ka7lz1kB6KgtpMJ+MZ6sp0Ry/5oN5qHTRwN1P2+2vTr/hqIqtoN2597xFZ1tMXcTqmpwEbkqLB6GcBVoqpHZY3eVQgt50rFnAlWXd3H2jprZyVk5Kup4G4TUITo6DMQURLr+QRB9IEc6aVFAOHN857vLwbLfG0rdWaT4YK11F8VuZdnvWrmQa5b477WzR2d2qsy716VEIUWu0lOyrEm5SC4JdpMKHZn1Dy5c2woMmOc00mqA93Gw1U1agctYThLuQmuZ4H107PN3MxZbDSMhUMoJtLVlHAO1Ee5K22NT3bkF3bKJ1RuXRrN4oqeX3bKvesjHPeMvJgFFNS/lUk3MijI6zFBfBlvIH0MpS/lU3csnu9oO7uqnJpmuleeneVk56JVLHp+2TVN2tf40Ts+E6csiPtSxZK5NnQ+Bunh23lmV37WLV8InWXuJQTH3VqpenjXK7w2kXrUGNshXNkMabrFuv8DfFLcXLOQOzBF3io4u5BDYDpbhdMTIPZsBhbyl4fsd6JU8VRVUVRBPGD2lrO4FL3jqDtx7F76ij78v55RKFQNt5klaf9zrKm9dBNxtJylls3j9n2exk4zWERextLzxYcSo1P950KglQYWCPp/SdoJsoAXAgVzObxXrMWrnftu83jcgwTwYfqxCRpqhwFageSBWF8saeNg1ijcdhEOnGyYnkFfwsdwR/UJbKvRkqnvGTjTjkQdt+dYSXq4OPc3s1oxAbMo6ytc9d4Hf3i06QLrENEUMQQbsrMTI3XannMCfuxJIY6aUOZ33BkWQ6qZz6e/yIdHOgp2M1GawwFahJ/NLej70dIz9hsJKiOeVlXQv8qzbOgLYxEWbzoZmZeKD1nsvJYqAohhuwstBfT0ezVue8vChb3w+ck+74YRgOlE6YlLG+tvMHgYvg2sFW6monVzjoyMTFmhmJZpYb+071NVBT3LquR+4VBNxUkBIqDdXQ7pKpRDr2ncCZox6jlRQk0n7whxXg8V1LAO2ks9mE/lFQ8hXQSk9ekzZWDMNjnbvr7bCRjvMgw1kPXYzuyX3PVLiEij7Y7yljelvfcYxSjFsoaoZVzcuRa0irOIqz6YuR6F79cOdOkpbiCKashKHKX8z2Q5RxKD80KUkHaeVm+J6Nf4kCWYjYojJcTDuMtYUyYJ/R3JPE8KCKWkb4HfEjL99/02jaYxu4qqpe1LMa5Qvc2pquiTkriNw3lT+lTOVOudEavnBeARpK0TwMXLAmAUyuUlLYwjrUbdpOQjfr1k4FaE7c6SEtPfxTmAVt5pWZranDWM1dC51nF/LX7odmeSGrC3+mqRiO+Q6dhze6QACKjKxlslGtRYA1xRXhVV5wsmS82y8M1k1xy64xx3ZeGsA+j5D9OHQASrsmpbRUoZu8hMHqKRdc34fltW0HKgVypdWR0JsaTzLqLPNklZyfm58ts+grhfGfwWZNfcxpqcBUltXtUGclWFs8iGI0QJRKF24tYNsS84Rsl9GKNDZXPcxRFcYBbHsKKMJBxEHxCqmKVcsyB+Ouuvj6WlwUbFyjmt1u3SPRtsvIyuIWnQVj0n7SWikIB4t50Ve1UvkR7nZONXnDS3nsx7QoJ5eh1Gn4nPZNfB2cMCDd5ns87IXV4cRcoTJnZy9MCtvZbu6D9soD2BsPzMNr7u78VTEnaW64VRa4jnGhqjSY+Se7p6k3miW0q4W/PL2exWn5SVrtFASWFfjdLlOFXyul5WqJPmTHtMrYn1Y6BUxC2HaTB1dKPdo4foqQ1TcbVhIEk20y8jmmHWpzPxwggrtbJzqI+e88BMzIwXy7JM6lCjdBSYpTGLR36zySJ5Md237VXZbLTp+kNTAfRBHCS3ULfeEP1D4ENOFzWlhbDTcXjeWKoJUCh6qEq9RLKqj9QmjLbCUYDI27ZpZHScud4+l729GlfNLvrxKnjbA9f8JPgAEUU54/3npKKqo2fHNFtBmRGYFtT4SzI/SebdJ4AZ11CAJnzLp/YO0LBm1IsFvPQ5La54qqutBpLz0/cK4OFBj92Nq+lcU4RY85H6Ln4w+5ueu5a/s6WgVQXjICRK26/Dqfv8DpbYmSf5YppwpRysaJQlXpZIlW0KvZlSRHwswT7B9PagmvkDFQe1cLvV/jJv9BqmyTr/FZietYlvzxsuEjJzP0PLh0LxPTjnDcRKiz1rqgwtO3Lqd9cdxtN9Ksg+lsleXX5+fXEpgYljEpilZi5JD4ucBqgF+Oiiyv+eeNm+M00zA7zpRNBOlZWv3Ma/HxQG++sUFv2v7dI5itHZZgrt78eMWyT9NPZlXPlV6reUwdZuiEkGO1kumm2842WhnN/Vxks8MDkzMC0YaBDZQFuck5bZvnvGT6jjkBCtLl2fMUT1Vtf0Cl/yTNmTM1o0b9XT6X6f94Whe8/uVC+cE3ZakZ2WpnNpquVzg0nJb1mSOrUQYt4XiqbOkoAIPmW1WkhT2rOnQKCIZrmyRHlfKq8i4c68NzdikibitEW0E1rlwo1+63KJ7A6cWYfHRC3NqxHxjNWulHXqt+d9nUNM5elmVnmdHZErXF0yqc1ctiCeFG2YYobHTIjAZYmVAG+ex19PhwtPixQ6+FGjIitiwBjzguuT6GMxW5bjmmndJuIK7H63dpUza3cOpE23d8zJ02HY4CZsJJh8D2GL/nY+dzqYRG7nczy/eEWK9qjfJczgqDHz+hZRxAS7gMmxHWGExheJ1Hus7b11KejuNpBv5EezXUuX/lvKwkBjbNi7i5+kmd2GJ0BrN2emU5W0T17bZAm235W8puXEi+ZO6evgJkVN9s6FKYxqzV6xypB6jsfV534JzlD67hdxLpySWmvgjrnzvG6SyO56XSTZPhReVKKvYxpRC+wKYDXTZi1kETheo/xxnTihSP4v8KlCRJHdfZxnLe3bFC7/0dpu4m9EYbYbKcQLJTsCfaGGKfu5xef3G7MvkdZ67oSrDGpNf5Uj3fMWvd1FwscdUzPlP3p4/UaE6v1eEfLbg8ShcpMsfGA6lUEqIAoQ9RKHTpYJv7mfQDFzgchjWfaV4bqw6MyM2Itn710HvZqp+t4bpdSS77e9QLxMlJ/JoibBHjYq9z+YZLGv74C9QUhOTLVeqNzmKhdkHdjfni33tdiBfEUFzn2VGaks8rvI6qLq3wKDFT8fNrenzh2nZv9V6+IT6ApvApdUwe271aZ+6bP5mw+Fd8O9Pq/sqPbHlFC1xEOEDhOFfiaspJwjoF5MredmcJ7WIlrD1WGHi7y7rJGNtlUfTNcGrhmzTzKDyQ/UNVXh4mw6tj5X/eXPP317eV8vq6Vc/HXudM1AkwJ021hL2DYRJsnVozzyKfvR9NXEWiMw+PlisPoNnkJ/mFHp2+U/Kc9O1UGo6Y+2suoJ/cUXIJsZY8leXkaKycPzFZLL7I0Jv4dl/YT2jrjObYCvtcFBdlIeNRuzDlTEhjpay/HrjpsOXjlq6OopzV+VS76MYV/8JT59nHIjnJC4/XRYLa9b3LJ7ZN6Csc8MvvW+v0SZUiW+KCWaaMqPvTYmvh3tAb5qOXHDNNTps6n5GO50t3fDXRui0Vfvz1Eu9x0+3DVSHO2jI6q7K000zH99Rzb4I5ZLOiC6DKVHXdpc3tmTYdmSKwgTBi0q8NvRdRQgklpp46bGxRsvDGJ/0g0snGH3+bmo+4pE3hRylflQ3sUJ87rRmqgfXqHVvzYIRoZHHdZc2JjZtPNhNc1rBwl4I+JKMEE4rdBCefYheYY7HUl96Qdv92/WYZ1Fe2VAqg4iFKMjJBvCkmudFmC8PMS8D6wpYNmCM8cr7cONsPnGfq655MTarlEbf/lF5H9/k+268I9wH4iHifbe7M7RUy5Vo1K3yKRUZbcr9KQg9xOwMnViS24xo7sQZD/zmVcrI5V0f9yh0HATxeTX3P+D2RPBQACzYWu0K7U8vV6ZGHZEucG86J2u1LxTpkDs7cP8pZKL5JhtP96o2mFLJ9CtjHiL0Rpj8P9j7iqoWa7hRkhefjb0NpTpliPkG6jat/JKLX6j8ZuESKTpgRjJXL17HXms1Gwyl4ebZ9YMaIuwfn3Pf3wj1uuRUxucW7lS/JdfTJAD1S6xTziiVR3P7zKr4aZkDbbOrXsdOaNEbDen2TZN6EOGV+1K+IH3dD6AF6KPs9f3ZgaBdNIUPmfv5bwiZEUwcvFtYLVA2TGQcmh0Hc58R30DePH5XiPnahszCUQJGJxqfI+nit5f/9b/ArEDEctuHwEsSwuBETw+N3MD9CE/Vv3H4B3Y2XBNgRSqKlih6yJeb/W184iraTZOkuaiUFbcGYeQSbpzxzpdTle2xwE3k6qB94ydlh79MbaNJ/wdDfd5mYD7qLXWTewD8Cmsc2UZPXN+4UPDY7jeabXhqqo9X+W47+PjO//L2p6YGDAxHojMJqwk64OThFOcTZ04RGSzvs8vVXOEpn/v++yr4QXwtvGaYbOA52LfZdwKt8dXtGr//8Get85utc1duGgSHnf/w7+gV7PaAG0zPwrQAAAABJRU5ErkJggg==','2023-09-18',2),(8,'CAL-3893',2,1,1,1,18,9,5,'4',2,NULL,10000,31150,NULL,NULL,NULL,1,NULL,NULL,NULL,'2022-10-12','2022-05-04','2022-08-03',NULL,NULL,1,_binary 'data:image/png;base64,iVBORw0KGgoAAAANSUhEUgAAAO0AAABpCAMAAADhslRzAAABF1BMVEUAAAAjIyMAAAAODg0pKShBQEAYGBcfHx88PDu5t7X///8vLi5MTEzb2to5ODdIR0Y0MzJSUlFaWFViW1bX1tbBwL/f3t9naGZsbWvNzMtqY13T0tGzsK5ZVE8dHBuloJ13eHZcX1y1s7KGgX29u7lhZGJjYF2KhoN+fn3Avbual5XHxcTJyMbEw8FzamN7cmyCenRycnH5+fmtrKqRioappaGNjYygm5itqKXRz8+YkY2xrapQS0ZHQj6vrq39/Pzi4eDz8/Pj4+OSkZHJycijo6Lm5eSenZzy8fDr6+uoqKfq6enn5+f29vbu7u7Y1dLn5+bi3Njv7OrTzsgRNJT49fICDXe5v9OFlLtqhq9/o94zXLHEy8521aUAAAAAAXRSTlMAQObYZgAAIPVJREFUeNrk1mt30jAYwHGgDZQsTZta2mDdloi9CONoOAydN26DgcJ0x+//XXzSQt2mvt1Q/6OMdWfn8ONJm1UOP79b+Y/KWpV/JjzWDaa7VqsVPE2hwWAM4cqUjCt/eRiA2+l6fb3ZTIJgNrGh4H6zWRBsBlFzPJ1uwa7pf1kYA3O1nO14k8IE2br92cls+W3zZbnGgyAKBtcw7c3s2+TbdoChv8OMB6vNEnw5aQbf/ChqX56d9fr9Vr9V1u/1epdtKFrNuuniRbv3dvSai6yTDlU6737u29PxoYvH2+vNbH093cJk18vA/hq1wQnQ28yzoh686Lfa/jxMFv4i40k4PH/WfNFsDbPn54vF6ednzWZ0uGI8bb84u7hsNT9dzdNMKBUm0vPYz46ZJ2UScq6E6KSjeffNebNJ2JXd9I7TZtT+nIbH5CPhTLwbvnne+7qMnl0tWstDBOOg4yVCcMmIgyz659w8aiGEHMbM+OwiPea9m5R9tOCsRepG9aRetVzEwm7PtqPeoj84MC8OOGKcx3mJlJ7UTxDbBS/0T97dZJ377SF9szx3TlxPZdA8rFtHR2QkYmIaBuqcDfDl8+CQtic8Cx3CRRyDkBGIFZFdbHeUsSLZ8KJ29rH5VZmICx6GHOqYVeqaXpql85Fi1DSTMzy1D2a6eDpyrZDrUWqI5FAWOwWzMMOv8g/C0adKuOdabf/cOv3K61IAtShFBnJdpyOgzqg7knWD2eN15TDCVy6VocfA4rBYiUzoAOYQCUYA7+cJYDhZxhzjfNIi3ZuwynkMWiXgj2HGdUotylORZQKO0VXqGv56VTmA8IVnkphpK/FiYHKdYEjbPZZLnSKEvJCgW9oTFUSJvBk2ZBjHIQRcoXhKG4i6LM32pZ/qBPsHsJYH6oTCxPRcPa7faoGNrVLoIDggQCPGkFPGqtbSPj3uvaceTwotz7WZ13AoRWKP7XS6xBh8CR6bi98emUxfrMiRXPAyQbQWQcUyLrz6+ZYWGYtN+3j43UFcxjut0lqhGhYUpiK3wjHKan18Oa08aiveoLkVsb011HFpoSLHgyRDv4nU+TR4/SFKXSETPdv9UuYqM6sOsvZLuQOPriGwf/GY2xB+f1QlTFtJqDQTjiKO9lqm80ghLx851qwGk35y+hJJJQF758J1DGJZSGUlt0tdvPYfcS1vs4ZbLGIPRloGb5tLmuPAzPIIKnNKuJEObPH0JqlxlSTJHW0WniDLojIrL92RNHw88x/rvox9WifMIcgiXIVx7tzHHa214OHstFap3b8iDWccND++aZk179ZK5gJSKjtykUVJpsTOm6raKbZt/3EuXTyvHjGibzxSb5Xx7bjn5i6ouEcV2tJbiI1nY1slN5w26G2tEhBPURWWsgNwsfN2ahx/iezoMdbylhmIOY5jkZDH9wsdGIzWUsS0VWt1JRQiBsF2M35/asZug8eAvaPtsBP9CXHQ7koNC299276uPHg23J4IYBHjt8cq82Jp7aLlf4nWvZDbuBj4yrtJTIUMyeV+vw0LbZbUEULUy5Taa836dBD4s+ih78vj5w2T5bupw0PA3Ssk7g5rkTzGftE6NYGjl0+GTcRiGDMvZ1vuuCf5hSu42tUhtTb+0rb9ZeVB23r5KgYrZaH8TZTutIgUOYjeG61Z96et06QZHsXSM+hPLc+ny7neceGPOM+58CxkrYvXUbSOtpWHC7+k+SpGliTWncHGkIQv5hZc6qKCau35ZciY4+j96auhyzwvblR5rNtpueKgpXVCLSoVnMr3ccFrIV6t/NX15OHWMv7Bq7l3p4mEcXgRLxkUo4aLE1hRJEG5xCiiIK0i3q/Jdk/P7vf/JPvOoLbd/bPpPqdBkdO0z/zeeRlAOZMFAWg4VblcotGmypf1PzlGi7gM0DVjhciXCd9kGxVubmjB8FPhuVaTK3m5Vaq16LV+i/jCT7NEbat0HGTSHe4zucF2LvHcNvm/dOd3mTsIlpxJ66VK7eKZfnJ3lSJjQY3JK5EknnR7fc92bB2NkcYWqq2anGOr8miz2VgjsymDMcmyX23kyHjJz7IMY1Fm2PzdRJKkHZZm/5fueyGT9uIcjPpdTn4CUyqa+w9UunwB8iWkzuUcW+Ow2dHCeoYpPdWeqmwFDXie3JIVbG/UhLhhOcaU4S7VvQyXx5U8my31fWmn8MftOTyftof/Q1fPNKqXtd9dqwVzjmR4WxFSrhkXi2WmWKzcXQxp2Negi9BdFb3dFpk8k3uCEs4z3ZmU3n9eHxNn36rCCThbzEFvrzTYfLFl2dJ5G/P8cX4e7MIBt+51f/vFzEgU3613YcFUIb0om2UYJssUCoVGI09pwNtcNpNh84UUhkDfZOG6NdPnBFULVJnNMuUWtCmm0cMJXjoAFiSB9+9bT3I2W2YKbKHW1tz37ZqMRHxYd0w33u24+OFh8NsvJWEybLFAnECG/N+zRTbDshn4YfP5zBU2Jc/Qgym3V6CSy5e5rahp/h85Nltg4CQmFxsPDxrSVTUIfF/zEd/MlSosW2DKIzE+72JBANdkfdy+MezUicXA+n38S21nR28x9TR6U7wOK2PSg+E0Wilms9liscg0gHwKm2fZRh5kb0DaQJpxkcl0OeyNx3+O2CzYFu9LcoV9/FT+RPn9031z83Wagf7V3iueM39TiCp5YHQ4c7px2Gq9dm/y8PgrZ+5JEOYcBw/gBoPT6TQ/H9axBCOuYFs0kDrdr1YbazEy2+S2GRmOZ9qrAXpqTqHztlJmRxxvaGM/LmVglIhwJZt/ePwMJf75Hnybo87L76WOzn95X2MvFnhJismzsfnstLUsq/pompY/rPy6JRWsT6VjLJBRFlJI+6R/aCu9AUcURcH49uzHQACp0elUjTwAN/tc7PrjsSLmoSoYpkKVP3/K5UhvyxayjUymoG8PsRLy0ll1DpDq+rCdzdauNnz9XHzRNA0Ne59/VZsaHBU+OUoYf/MJQ4xJV3HBCOh2DcNAKTqgAlMQnHqeSj+hwEEXT9pCYnua5m3lTDELFMGwwED5Q+2nMHVpGyqhEEswRdVBcjwP5pIdDV9fh+OJrwaqak+8x97Hi6a58klyUBDIpqbguSTREU3wvImmmkQy8gj7fQCGundjKnr1viCIkTYO3sR8AVypcAFmdtrFmJw8Es8cj0kZdceOw+vrwemIg+Fre2hpQYSQ0RURDmzrkfsFru88n0ixJOohf1EF038HqlNSUw9IXafkCLx6F0S907QUFwUwadHXNo22WIAyJqr531/Hnsh/GQwOQkh78LyXeTaQ6ISRZZoTzY9UZNDHoRgpOnKtD7edkRom89LwFB7KF1yheK+RfhNVKdMUEqK39xDqouk+uKQ6hf1Fv+NipPraWEPhoMXSXJkGC6q5OlofDmtJUEKFxAqd6aA83jVnScccgmoQ6UTVdhwY7RBhrCpo9sGugpEkdKYiVREwsITOQ03/7XpTVVNf1RANHZTpDmz2qqvJHaSIegBNxkdY+lrKQP2CKZur++H6Cw9zA2OiSl2lZBf8wXHT5sswSOuXxmoDrhMZX3Qerz/UdaegGAYbRrs7xQqoguu/GtKtJ92g3ghy0L3pddebIuxaw0haQrBE1lAEO1zl7iqVXGvUDAc7HjsktlARLrLrNa8MX+VK9tEfo9T12iWgZgJ0Dn3P/cBSPjjvUyzRiSpObdJ/wfXHWOHne65J64aI1EjVr5O5G9qb9l1JU3UXaZo1jhxliZC4G8QCFg4cmkpLTCA1TCdsvJYw0vwhrDcmSNVE+BfTIYZfFgVBgHw13qkdXfqw5hSGJ2+zC2lTQgZOz563BnzL9j/oJIjvDhiKEtSf+nJHR6tR34zGkWjbBrLfeIGgYKW74kGU8gayksTjbgRT21f9QI9QpHXJMKpRRBaV2ng81lSw5RMh0D4o3N1qvbUXikBmqiMiyPXWm370NS50AdiQT0TYo4iGKMTOWC61FqIE6zBembZMqBSEHGgGGH6la0OqwsLh394E4I2UsWLD1PaDKIKioJaWCp4a8bQmk8lwOLGiwJNgnFRr8DFVrONEUlcSCRaSEIkrAD7GDxAlgiu6sHENULUBB1g6S2En7eVWvbPH/I7jToq+hzW20XUVUAVleGeTUL9M9lsBkibC2EVq4KmArl/K1h9qY4t6AqbZNoeW6vuxpGDRTD6kjI1QWM5WVkwWgA6ogCy1vUEliSCVo2DI1MUhDkNalsJ2a+9HraeVIElnjuOURbMvV1qW8PaGu3rkkXOng0lX+opGB1rUf0IV3TzVyAt8GmhnSERNEE0xJ8haxSpEbLof8nWR6UZcJmiULKktQbzSBWfQJBDN5XKJKUuxuxSEtM8I/Jw77pv9jiqdZhxw0GrFbKtZkldvQhfasu+DbdcJBQlq+C/FUuAvYruLCOB6NbVooL32VfSVQGyHUdCD3Xb0ARN37m7ua+/71YiTlKVtg9YPvsQTAqWaIQUaN+zRqwPYSEdutu93Rug4IKonNHqCBRM846hW+5EDFiAbeLphhzD3BGn791+qCK4wT4jrN1OiagIvr6B5pUdsA2vSNp977Rdt9vPRJstmtj7TV63mCuE4Vi6yNqYVKmDHpappwVLgVaLEUsJxkt6pa2duN+MSo1Nq5CvlUqs/erqr1Yc6uFLbSO8uFUkwUMg72NMxFA1VDXzajW61CwG+9IjljbY5XvSGr3BjpNIbzn8+Wl5xq4wULp87q6Ysm2oIkYGksYcr2IW1QqGU8EoIopTLzaTdeTs/DaDzInOx6h7XGzRQO516x7KqZbhRVy09L/rNKLjZIhFyhVazdDGv7THkqga+/82UVi7l8aL5QgB1c9zvvbIZ4NOQ/2nb92QpWKzgidrLPFFHT89N+g09azSCl8mw3V5sxmhLr+rnp9Mg/TqjELqG69ho06mPsGSMFoKxqFXrMubPg3297+1Xtl4fq9rVVkW2wsdSzIeO6GhjW4180npvpmnZUp5fblDbYfux3cgQ2Bfn508/u+6er+rbVbs2FqA4saotRpbadXAIgfKSgO1NvW9uKAuzDRX32jQ3q405rBflvdO12qtEqsuoXYNn2XLL5rC4atfvS5bh+7dCNhyBfL1VcaCCJ20Eqj+YfpfmA9k8XgDbSa/3GS6fSLp39k/bnq3p0ho9B6HZf5hIgugsQ/79kCi2CPMVyi/ZDbi5ai1I1Btts9nrLn/YhYEVRf0VLymSt+I2FbatjEoVeFLwTzPnoZ64EUVhazQqaECN3kQRRiBMNZZtikswxgbHJZuevP9z5MyAHTvtyxfSzq5Zs4tZfp07d+7cGcjWKJWIrNUq7ekJcFE5nPGMjGe6vcKgiU3Pompl8pEUoG+MycJ79TCQCxqzbRu46tneSTm/WK5aw8Jg0r4c2uP7FFJwHnPFeQdzKY6I39/fb26RbkUk46w40u71eaXnFM6OcosNv2ukaiRIxNLttSszWa/qlFHJbZ4VQYtVKu/ZYHmKPvj1fQaLopPKuDAZA/U96Ds+F1/NV4G2V7A8mxCJwtxgX9pRabWK2omnztnybLTU+l9lumB9vPqEXts0f7e5/ezq6kp0upGhHh7vz5eDZrncrzQawfL+8TaRPo6GC925GRnFTosSuqraJpPi0dkwF4tVprFt2ZlP5GMYuwidUiUMkhx1B/rBSeAly5w1uRVo+8kko0SViKYSUt2T1sCB+MYiKn32clQ8qT8uWfKLL1LPo9HLt1+qtVEn9tZuK/KU2j5pzTRp7pfOGyUnuKlgHPeSg3EnEQbZYBlGVctxEXC20kqnutnk6VE7zefVbrFz4oOtP4kdlU7HQbI/+IDafCfXEahvuM1CWSJ6oqgQiZDsnrTF2PUmc3Wz9NeddL59nE81yxsE58t3X38Zjr75LhadxNppHtvn7Up/TiWzMK4cr8PWIucvcumHsT8pfep5q9RdvnroVJetapPl1rXWUacEsFr4BSZvDNmzAcZf4PcLvXAajoNyD6wfQd/4yg6/dd3dXQT2jFiP+XSCEpm4+9Fe9+uGcQvjzsPlebd4e1RC//bp/in15ZcjY/Tll5vK6WRyioWJ3yubFj83EK3rxwv/eKivw4aRGFfaL58qk5cvYt3HRPs4dn71xdX5MjrCjl69cZXoLzL5TrEY9vxx352Ve8g44zDwnWRfkArG96yAdBzcuj+bW06axF9cZJaHoHX2o8338sblPcpXnnxv2+MmLbQHrj/58ctvDWPx9Q9XnzZPqY5f1u256azDRRiu1o3zjVGMl27Wibv6pDIZDCZhsFzwSXoRLY7zq9zpU7sew5Rz/rIZtr64SgW9sa8TSJ4h5yAXl8u9wivhO1CB6cySLvSz1WU53pK7D5UVknJ5P9puvz0yPkeuzIwSk4Kpyt4gnAwKyen3i2D29dfflSrT0qRXLoxP2kfhAOvCzf0tEnWRWo1FZRUtebrFqu+8ePUg3izSra+idD4W41XxU7GYuI+qt6fY15DJVhQhPBiA9r2fO5W5krPZq7fC87kzI9U8iWLDR5vsG8nrQuzZAO7lZmkBlW9wzTFW5oWnsar98H0FKXJW9qfpT8XiS2eezX9+yydgZKv1RQm1IErIzf3z8y36THkUzdfozx6hfmigPBQqpq7DpD9xyJtoD5OK4/Q47HvMnVxOu0UVc6+rlG3V79Lq0L6LE9Lcj3bZLKVGfMq0ZFWSVN6/l21r5ijOpLJaT9y5Zc3cJg+omeU4EgsukcSxJXSHMwJ39/cPD7e38PS8gXKh0mmHU8ynsXY3zxswsJovep70pEvead5v9meznojSX8kFbbkpSHnV2C84luvZ9WAYhss6aHt70hbOOjC3JMmSigaoRplJqalYc1NPFmboESrz+W73ivEev5o8NzLgxSSc4UCCiK/K0SGPfTrt+embdB4VMR6REf/UHftzDNif90HUQrM3mxXg7G/AwlMnKUjFQqiQVGaOrGO6O4xdJ4K9q4tVrxJLGKdEVflW8+tepMQY32yWmC1OFDAqaXi1EB5Cz9A7FLtD59v9vuOTChcq/3wnmPeRla6eNw8cFgv27mnf1/DMeEZGt7zzQmFmIUbdX7i6qyZcrIEGvKbsIWGVmTMn1uazblyJVr5MTvarLYL+6fQxJEDZ0XBxMgLJRLjiqVwa+Cn1EAKtVL6dRscMnKInGIanYK23j4rFSoENjPsNYGEsLK+XfN8mMkLGZsy0xbNqoJ2D9gOqK1AL8LTQR9KGqw7GUFmhSZvEq816OktyC0Ie9uuYN/0wfaJyZ5liCwd3yJ633Yb+LSXbpYrgFKScdcq3b9CQmPYZSRvPt1js5LvYPJiGgx4hEmA1PCUTuHIZ3jbfwb6hclMnCOGsa835zq7lUtOVZIeSeLojpS/Ias8iueZXTmxgmaaH0ckPxdua5nHMHSrZEb6Ci80562wqMLkqFSxe27x12mmchOM5KeNUMVjbMb6WHwxMIiGMVRErlBLIgrfJj4OVm9r3x5OJ33dmM4EKWEehTV2V46p93MKqMqLGnjvw2eAsC2dlmtM1ykOVOVnXUZgtAXlrMn6LmUmFXoFt4IJ0t1Bvd4/Qh07HzsJgMpPlyiPARd46HfcLsiwxClidApd5oFV+pnU5q1jFAnXs95vOnCncVa6yJc2SkizHXef6YRXdONl93ybQmwQMDJpsOpSJrJs3Hp+L6cZxGAXDQ4DrzHbiyNK6AulWzpH4o+i0fQrSaQlFk3gPJjqIZ6cT3y+oZH7VBetJJZyEgz6spbZKzHYmFSIhS6C1C9bc/WDrgLvac+cIrrkOVHgbt3RKs80ZUrlyu/RH6XhJqe3p7fVwUoZjHovbzKaQpmWMdxo9ZopXIX+EJoQsHT+0KaOENT5NxfbUljXdRscf7gwGmKXO8tMz0ZyY9HsarNVI83MjwJpfJhLPEDta1xUrOs7qY6gqc/g5080ZvJ1TzcawTc4tGbTZaslYsAs23Pcsie+bnoxL7joaFbRq0filEjLhGRmskEwVCegSoU+36Y7ovXLYRn0KL4NB39dlOfcJxvLuGvySPcqI+ximFt3lMsITEUILcwXlL1hFDAcTvzDXwSqkI3MggZuzZDM5tx1GZGK36rlYRPPeYt+l/KQgwTiJSnGdMkF7Dj4nZly4D6+0RUQ6pXiMhBtbV4EOm4n9srnJY0MErJhqpien3Nr+oCyrdv0sFK2Yfg+BjJFyMTxs5J8Xbp0RSea0OqzdBrE/riKCgYo0LEz1mIXCzXV121QUW2TJVUyuYRVJuvt6G2BgyBJKJkwPnFbCuDUy6mOM1C5faVOqrAEUsKgyqILrImwm+uYzsAIWcy9CF+tW0PYHiPtBaRLxe4WCJ8PaxZo4y8euHn02JBpom7ruAlY0nfrJuTkXqI7FUMWZKNPLcxQ1uo1LLyZ8MhySVtiokX23gS4HFGnAo0oWzkqC9sYwbpSsnYkZbtZIx7a0qqTt5Em2jTvA9YiTKYqtwFgJsMJavHp4K89KkUAvzGSNqerjBSGty4isMnU4JWiTrkjFfVfRFWGqySjVy0jVjm4z/CeIAS6Z0+q1KAxGljzak9YoeDAOzlkWWAVtxzDuiWrkoiNS+kwNxLhFrL+KmhruaRBwky9p3neqc1jkcH88cE0McpVWJhy2V9AJrHUadYXEcYAoKnZNvH7WVBSRjEUW5uHLJBs52MkmMfWBU8qaZCdZmLt4qK4jEu29u7cNZFtRqcmYoE2jp+hkDFqtKkZc+szggb2l1cSN4pi7MYz8OjzixxL4Tg5W8qfjJMOr41O1H3LYZoHxgqIaNVrESdhk0QgcomIGms/5MqeMGHYsmyJs42g1znSgMlx4ZOBjcfDmzVw7bLRUkth7V0RR4QVjNUu1MW4huQ0+DNnR9aiYwDbkJaclKjhf0zKNK7sTqsCtps+gE8RxpdJkHioPqihUTlYAi3WOpDJVCt2oaq8qzrIdLXKC1pkDbj6f6xyuhhZOck5RRlNPo7qV9X3soQVhxH3lvyDNsolj7E3L8PrAqBxKBOU/YODtL5XxZBVW7kQ1TEDiyCZwZW9cqoi1wdlYQY0i63Fd023ZnAw4bFnVGFFSrdyilR2OLlftqwC0rOeiTrIlqiMn1XIIX2ZvswazTYbcxBdhpuLSXTDzGdKTSP5gX11JuHDIhFQzt0sCQn5Ney8Rjb+Y3chmFFPQq4g3mZ5y2JynMklDJOKSUdUbDHpNFAeyREk2VWp0gqyVXeNgUVVWMQOVmUdNyy0kkZMoH6owlYkV9C5qIE+z5beBi5+K9oY16ry2UTXTkWVxuBrAzdhF7Kb4MDLe9KCJSIY4rGc5tk2F8DeebIYcduCZbjD3qJiM4XnBB0rT5sPWv2qsL4LDpu5admvIafkHPyjNbHJLqlGImXD3F6LUk1/dxYS4N23G5SttTZVd4G61yw2aaeEExarUxRGKIoHe/l0lWtzW3sYxymJ+1q3QO42NQqKJK6JRMvOboKUySmofHcmLaBXlVBKP+TIieW5aSElAZXgSj+5M/bWojoXiFvjvOPa3qcnwQfUw3qjHjX0TeZXsmUws6PElHuBR6a1s5j4iGrAcOOlgf7eDunIr2Rw0MaVqMhJPpMqsucpcnAckdx3gGcRBXZNJGNRAxpf0OxLnveFGtn2/PyuUJ8x37HjN0QQAJt8d1gdqVeg1M6majvB7DWyQyf3SpPH81Jk2fDyWUhBoEk9STRXdLilAPdVs5sIo3awaES4XbN02Qmyk4d9D5QtMyVScqPvZ3d91wNFwCT0yMp+OTppsF8OqB2j8huTfEtyWFIVRiDPjRtYmpdhdsV45bccc9bWRyitDj9NWVSIVu9WYEx0v2ohkMfh5x+t3TeWXXXKCdWr0N3/w1KNEkunL0Xn+U/osyCWtt4oNXm6J1a3e0XuwZRf2qviTsEriLlWf1rub0dGimmu6h6tCGYUhLoTqRXGiPhjHo0ULW8A1XqhQMVB/DxWiZuufece8UaekXDSub7Fv+YIOS3satppx5pGfBSgYLuSBDnbKBAL2lhlf7MR4rLfz6Lk+XhqjO8MILb5wlXgvM0qHKBVKxsryq6Eja5zz91EhFnw2OvinNGro6twt+Kf17jnO4r1cYQs93z45jVr9w1rcRFZ9Tw69uwfaHW6AIzeZ5+erxNP507UxTaIKbiZVTnu4ivzq4tGokWqrZcmU/S6qB1HFTx38ozIysYgRmc3LOX9S4cdfnl42my++wHHpFxy4m2I3fTDMobugM0yB23arrcQtDHUPRQ+WoaqkmsMgrKCI5EcWfbTS+JvheFiQrGOXFsPPExaJX1VUDNvfcVXVaHyZerg2Dv4FZXZuYVQpVhld3UkFR6w/PSWuwA3hLTIviSd+qiudPjoqJp6vrzf5RdMdtnDEL45Jk9d94s3jMI/hO9OigjYeBMuABEULK4NA1hj9bVZP6Yz+xXdRHwlasgtVsU1iz51mrhpEoegY54sgv9u9Q+iru/vn2y/u2gNe+1HmefruU7OYvRXQdxU9Gno1YtV12mopKtXpb41Wu1q/PvhXlSe/GqACXOReWK7PsQGWGwQhP0Qcjge5QtlysGxTRW3n6TtWZjPc4guwQjk/QDwHuWDRlDSm/3q2Ydbi4eBf171CPkg2Fbx0WEf5XL8z/XVTRwjBy9tmIldJgOV/vyXYXSzRfA51Ul3WWjcZXdNM+tFULCAXqc8P/hMVHfldwjV1gcQp+C3gREnhcTRpm6xEYx2FD1U8/MAuY6u2+r601hZ2PJFzh8YSP2Z+mG2YUls/Hvx3Srk6U8GiwTcUeG+i74X7YgnITEmGVESubmocVYjaFN+KX5Aq27GMX8tVYxR5l+1Ica2oEj4gMf1nurtZDeO6yUzzD4r1N3wetrw3uF2tUSDbFDbz2hDmgvUVlzj51jrKMo+pbBfomhUcxzIH/50u8y1T3TYwuH1/UhR69y3jgumSIBWwRKWE5RaHTLVhrWhbMvdiv6G6f0XlUk7694gymbzrKlEZI1wyPZnygR4PHxC//6U+y1G+3/G3iVFwCliIaCZDlvNkuB4PGvfGwX+r60MJrH+jqO29tYMh3r8BNFOijXHwn+s6S/9uXKa965DiBnek+Pr/8YGj174uid7E34hrax/WTXI8Kv4vWKHL4rqqcIOB/LdFM9Veu2habp0Y/b8+OfdhmXUVJlpCGrQvNd8Y5HUXXXa6/4uP3fyVw6Prx0wjqlpME1PvX4bW4CpAJSUX5h8P/ucaJbBNGQ7F5yztFnJ/XrvPSs5G64vEv/X57T8BgjCh0ldrtB0AAAAASUVORK5CYII=','2021-12-04',1),(9,'ABC-6590',1,1,1,3,22,3,5,'4',2,NULL,15000,57000,NULL,NULL,NULL,1,NULL,NULL,NULL,'2022-10-12','2022-05-04',NULL,NULL,NULL,3,_binary 'data:image/png;base64,iVBORw0KGgoAAAANSUhEUgAAAO0AAABpCAMAAADhslRzAAABFFBMVEUAAAAAAgJiaWkPHx8XIyNWXl5eZWX///9SWlpGT08EDAx6goNocHBLVVQLGBiCiotcY2M1Pz4JERE8RUVmbW1BSkprc3MgKSlYYWEpNTSPl5cgLy5udnZ3fn4xOTlze3zU29yTnJwTGhp+hoeHjo+Lk5OarapveHji5eafr66GkJD39/dyeXnIz88qLy/Q19myu7ujq6vw8vK2vr+fp6fDy8u6w8Ssurr7/Pybo6O+xsbZ3t/d4eLz9fbt7+/K0tRfamrn5+irsrOXnp7O1Na/yMmltLOnrq+vtraWoqK3wcKptrZPUlLp7O2Ll5eap6avwb97h4dzf36Yq6np6eqhs7Hl6uv1+fqVp6S0yMW3y8nA0c/X69agAAAAAXRSTlMAQObYZgAAJMBJREFUeNrsmml3qlYUhgsRAQERERQUgQhxjjPOYxyTmJihubft//8ffQ+m42o/dK0mtx/6ShBdMfFh77P3Pmef7/7X//pf/0RstTpgWXZQ/eW5/TodTAftcaldv9+xx1IJV+3229hxStN2tTopHWf41cFy1q6y0CD8HPTdf1gsVJ3OXqvTY2kyGY/HJTw5jtNYr52xU9/0NptN8OYEo6DT3277/WZwu6n3RqNN0Ok07/DGXbPTGY168/l8vW7gc6XpgCV37D+GDcrZ63Hanh2Xy9djaTZtH9/wevrly2x2fDvOjrDkFD8zCPcDxn1bNuqTQXVamm96daf0Npu1p2D78mVK9GU6e1uWJtBraVJygjXs/d1/Q+yrU3otzcAAexJrwpjzeb23GcFkzf1+v9qvdqvVvt9sNju3t8GmvnZKzrz+5nRbgt0bfDmWnEZ91Fl1hzc33VZrh1/GR1a7XWu32u3xd3busNeb/BcMXB11V5v5urHu3fbLj+6DJz8Jz8ViMafrIlEqhSOUeJau54qWoOuVJ4lXhdm06cv2gpOYBLeo2baYsnP287Mg4CgUnuSHp6fy9tS4Sb2Uq999a7E3VrfVu3Mr8rOdy+V0MQUavVir1WyoZtm1Yo6gF3Oh9DM/TScSNpPl+Gbbp5lETkwlRLvgEcO2Hg77fScIgk2PKLhtHvzDrvyjnDssv/vGmiiR3NNioUM5HGAlsCKg6AWQmEwiEQ21CM8JvHx/oqVIJtOaM5Jly7KVE2m8z0icXmOYXIInkiSOSyxEwRcswfIcOfeNXZl11UTL9Ie7VvfF9eXnIp3h8C01XlOUvGFkI9AFFI/Hwyc83hVJp2OMXtkxGUHISKpxmbyMR7LpdJpKS/hk5BKKEKWv8Q6fuedTLa73TWkHAr1m27P2cj267W9bQ9f3vIKX0zjVAGo2mzbyWUNRFSIjjdc4iIB6EY9pXs5O0M+MIql5ReUkVYrCMahYVFHUzFkMk2FSESrDp3K66lea35J2wNlsG3VCY752wjBcryOdOp7KZ0NFjHxe4xKZTCLDRLW0kTV+VT4bi1tCLcHVaCUhuwfXdX1OkhKJRZrKSCDnOYbjGIZjJEaiNEaiM3q0NfmGSWjJ37Dt5Xg+dwjrvLe5bfa35XKfIwaFIoah4jtLPB4Sp0TSkey7YOQIxbsCx+dyTMUUQnlFVeJo3aAWsiCrEjEsQ8wrLeLJFM/QokrXv12Yaqs1WLYxb4wnDnLrKGj2774vX50e4LOaqirpbN7gMIQRajjQ5i8iEXgyzqFiaU+m+Wgx58qe58lINoIX1bRMUaEkOVqQOOZdSEt5SmI4Oqrnn+rfyrhTRWarpXljMj6zdvp3BPblR/EyS4ZrJJJ/H7KapkmSZMTBmOVVEreATN13a5wkijbJvzlLFsAr24jMGpWXRVvXEu+0MLFGKaKUoC1V6ky/+yZimShgG42J0/gFFl5cvrrqa5E8CCEYmIc00KUlLhuPXEQMjsuGtLGk5aZ4Xdd4FdJUvQLjCrJZiGpU2ipGK5nfGZehIkWeQ5LWTOebGJfleHawdMaTxhoDNrgNYWHZq617DdOqehQRRuMZJNCMcRFJKglCe5Fn+BD2guL3Ms/7GZWXIF6TYNzQvCmeulzICy8nvZsWD7gys+CitGXQ/dl3ny9Wzy/Z5bgEWFINIzz1CSx0qkQwXrO8RpxYDZW+iMSzXEircLA0HrG4PBSVnK1IfChJLXohbSHFUElJpnMCw4WwUDQqUXmLYWgrr2zXn5+E2EJkzL6OMTdZEy++JfHpDPvyw3McWZZUBSqvgo+ImJPPkisFtiUvKWVf0DSB095hJS1aAWpBFlLiZUwT7JwvSshcRFE6s7hMpjKIynTE33x6rczukit2NiktMXGpw7LvY/aF0J6kOGxLcoyU0QAWCsZVs/GQViPwcUpsikrK0qRfaHkOsKAt5IoRShUqT54MTiIayl1T0RRD04JBjz7bldlR3GdnpQlg54ANmr8EKOj7shHJKmEdpTEKoT2P07hxps2oF3hN5fcuzwuy8c4KcYJMaOWicE3lhYcn0xWBB5FZhqVSkpCIigIvNZ3PdWW2dHGPqsIpnf0Ylt2+uzF08i6yWSVLpGby8TPtb1Jhb6BTxVFOEe8elV9ZOUnwkXdNuejlKcM2hceuzOjvs8OipVNpIbrIFRNaP/jcqDxV8tPBckJyz7tlAQva87BdJFFIpTFs04T2TPobrwJamPZy+Khxtc5O4c+oHGK37nr+g1mxzHvKiJbl8vd3Rd2ybcsS8HjIUildxPQx3Z2XPtO47IJy2NIEmRZ+fM6zKCp+0UmLZxGkoF9oI3j8RpsgnkxJ86e8XqsEKn9GZRCMRNM0XdcsHBKUwTSHu2Z9WJRDeRWvxVG8nRME0xBLnxmVWTm5Z5eTcb3uzEk4PufZX1T+XrlI5w0CG1EyShxu/AcZCbxHxW9uo9pNRuoBNkQlw1M0r75+ffla6eaoa37f2TecjVABv3s4uIc7i1JsUfaGSPNO+9Nw2X1MQKIdN4I6lhBJ7iGWffmFdvsVpMaZ1mDU+MWfaLOwN0xbr6j0jaIFHJMhpCkxV7Ny5vYKI8L93qfSXKvRxNqb61+VcQPL5e9PQypdo73W0NbG49ln0bKNCM8eMQ2o9zeN3ogk2l/H7Htt8U6L+Y4kgfWPMniSfmo/JVRfv9A6KQaketG2BURj9+6uf9cvn66oS314HM2WbM+96zehTmfTiV1atNy/utLsevWTaNll/mL2pQTY4CpYb8JE+ztWBCkxiSl8ONFBCsoYyT/RZq8xH7g+lbVMl0nzeytVtC1UUJ5vuodygNXIUT8IkjHBPNZn1cEUmL1Q88ZlUtBz29MpwwTTTyowqgsKg/bozEf9x6AedJokHP8OtvyjFEufp3VpI0JKiT8pQkxbdGxF6KoS3/V12QtJX+Cwd53mKQhGvUaEenBfHTQQ2MlmfZYzicSEWqpb39iJoP05s1z2ifJYZ1qqb/pXX0fw499FKIzd0w+nMuZ1oCVc2T/n2lDEtP2yxuwKhqUOu4J7+Pp9v98/nW6hEToJc+ftmtoGy+NsMGBnWHUej1GhvrEKJdfondPwmNHs+N0niF3FlEGpNHNGze1Xt3f7B8t+7Z9M0chC8OF3tPjFX4i6d54Ney+pBc1tPpR/3B4ey/ughwWQ9bzRaDiTaZ6Sd6/tNgsFY3YwGFSXzixPmTK9GjS86Oj4GbZld5H0sY0vBdgr2ezBsr9EYzxhLMaSCqY7ZJHt4m8Voaivc+5+6BtFcyF0+nMLgaooyJWbfX08mZRKy1cW8zu6PZiy0NI0fblgFRdM9J7jePHGbz13Sp9QX7BzlfjxGmP2+6+m7vfuyoAFLc7lU/+Rj2dpU0UoNrLpCPTXtHFK7z1rxU7BkLKcsOoJnNfq345uVzeC57y+LmcDtk1d1pjqrMQS1VXbkytgLpdl79ByO43Aqb99Am2UMo4llBSd7RWcyv0Jw/SHH08/nvo4VzJknULL5tVwGZkIvHEIgL+SElilvzIkd6TEklTaa5o+Oz2Oe/uh/8To4y8sO3V2PJWRo9XjhB2wEGkXzedo901m6Jg5znLm3H64bautPEX5g3qjHmy/+kKR84MH+ym3EBaaqiby16qmqZoKUgM/4CX5ljwb8WQe7o1iIwzHMVU2UwyzGlIXFBVfNG/8rqwzqqKiqIp6va5XUCP+hO347HHJDojYKukQtsOuZvvoYCDV+42PpcW/ouPxWOunfsX3ZUuMcryWT2MxP5mkflEscm0oBDN+GU+mDUVJG0iu+I30Jc4UFL8wajcyzdUeWioF8pjSkiO4J4qq8QrmTDodLQrddXXmzF/ZpRO2uqfTKtQ+vqJL2js6m2AdNK/qH0lbbbODdtVpNlcLJX55mUwmwRmJnUEvJVR/DK8o1+n0JYR3YlQkgosYGH9VPM8n7ErXT9EpS7jdxPDpGHWJKC6d53wLudIc7p3Rbe92dbueDdqTepV0e4+vyyXauGjhH1tK7m20D7Yv5uYDaZHlq8vxkowiS+EMrMPAGHBcRWK0PHoavKoqWoa/x1yVYzQyBS9y2SThhvmujeTlNc8kzFbzZD6lEmAtPIxdiiK0Ec+KSOHapMGLeX7Xe2zd1tdIPe3S63h0fMd0GqQL4XQkJi/2kftMOfg4WjTdyR4JNtTgtdEL9uUbU8aiSrfTXHVc2ZUtXS+gBCwWEDtbq2Gr65oPFeHZFuknuShWrrqH4cF8EjE0yaqiuy15VKhkQo/FYtRZl+KpP5+QXRcrfc2WGhtQNtBrIZsXMNeaP3Nmfd16ObimsPqoCf2g6mw6p836uKyvw8A4RR997KyDzm2zdfPY7e6be/Tf+61tuYuml/8gPz09FTzT8x4P7uPjnftwMM3uoyyI95xoPcuePyyfmrXMNQWli2ky8DlLiRvibNqYYsTM2paS52t7p9kbEcpbNPf7ZEXTdNBBQb/It1Orj7Lt8qtfwZLC4cqrmA8PJvRAppyPrTL2C2x35V0ZVzhwsd1udzjKZVw/moeyW3EfZNk8tHZuUdI40XZ12vTdp+LG1GpCFE0DP0XFUFu9/RT0qiTftOG70308zcu6UG+BEe2Hu2047zjso3k+oncFr5Djdh9EW214lul6BQGd6NRZ71sJcqThjua7BQl/FvrPngxDH2CgYUHkNY4W/IdUBvie2WP3kpjSBZuBgaHWeEzqptkSey+QWd2W05jt/VPlcPXyCB3cG9xfs+Im/HFg26isEjcfQ8uWZje0vOt0buFR+/0Ozop/7PuVSsX7Vbiu4BxeQT7sf3h8XDUx33fqQ53jJbCKonWvuS0fq99QB4vkoiWoFHSxZOHAQHXWvSDonIb1+s29cdN5rrhmKN/3ZFm2b7rmWhBrBaGYOnzIuGUxBXimU7Z32DV7jTE2+bSxI+gLkuD7XqDj21sp1ASboyDHwUEKgEapPS01+jJ6OFwiyqD5ztOFfmdXqgKN7H6a7CryvklBHKw6cZx5uHrZ//5kK6bqO12hKJBICMFVcFi63LWw/mjXbNr9iAnuMRBm80VKR7iFxz6hXB22Vtj/sdnU62HMCmdjE5Imznki7JIEzTu0NRvz24MsJhIMrfNqhk/sgu7dStgMlssZuU8DQLOdmYa43GuTuBs0m6Tufhw+dDdW1zFzgqjbZ9WwYwVbVGo5WiymRPDSH2LbdlFkd/cprBvpORCf+zTyrwo9FxHMDUXiF1zckz0YxEfz6wmlUZRO8Son7+qTEjtZiCbp9S6h0rLaXrKtxihpdI7NTpOs0l5hhLpkxrNaOWYUFkzpvypHTiReIGzotr79CNrlba/kRqOWCQjCIBCHst9VzEE4Qbj3tvUum8iSfbmYotHUqInd5qw0ZqtsjxcPp9veGg4BX1ivAmd96Dr1yZis4iEYEdIK/otg14YeuHJRWvyDUuEp9ywWUsMP8GT2xmncPchd07JJUfAke4gY5gMxIew57La6N9DhbFefyINkGT4oWDk6ChU4Zt/Ahs0pOzak7uHqLqjPScmw3iVkoeWa21O//HL+vEdIrdBz6Shhw72CW+GEg4gOfUwePtN69wNoNzZbK1q3OVL0QChtUSOfhdWYfB69yuvra1JHQlpYTEKapJsCnRPx5fTKQYkLDQczmImRaeEWlZsB2cSJXsqj6XWFpxuQhhEXfgPMXO637XPwjN+Uen+y5MPWLT7f/fsderY7YmV5UYhn/ShY7nkVdf+1cX2tYA57jWsUzHhbI9fQ9btQHud9D50OKaO7BSrK9rDOzvoRF2WU+3LXCbAGvX1xiTekiuH4gP8jEhV1gIYiOR2s0egfWfG66Jnl09CX+x9AK7cG5uoQTadk5pKsrWEFJnkZAaOSDwVqDmvfDIf5wP096XDgVcIa8VSMZvIqF00VDGpVGmHPDZszMBZ89+v3TWRuFPZewbIt9OxCUAx/HQoxU1DIhsfvBdhMqmC27h4KnvsRtMOIYa8qz3lu1OapOBTO4JJYkiAi5fxfap+gKFrUkHoEhhJZ6MuXn5u58r7UjSjaiUlISEISshKyQEKKUkAR1IK1UlBRS7X78uv3/x49dwK+7u0fdDnVIe+hr5zcO3efnBt2ZmLff/9wOTo9HT10tT44hsu40l2fC/RXimvJ75gSQnlYYuYIDX/t4vzgbI+fu0oyK7+00IaPJBk9RzvYEaxj69oB2+MXtLddlGC6HmV+ccDWU20oeJPekZzBeUWvV6OPMGLeuSrhS3xFrkY8gTde715D+e2SxiLDUDcHsSpridTeHHw2u3b9+v75xux+WQaUigtxMZ9PFtP5WnN1xU4Da4uMnjZyK6VOXRjynTYsP9myptIbq6GrS3WRMdG21cf5WEo0ZEbvT+++RmBxc/pQQIKKBaZ7c4v/fgFZkmUuVku2QkDC/Up0E6OyUWYdf3hotqOrz7/dmC/ak8f2Im2kzlboo0OVbJNYFXZ+tuA2NQH6oSLlzBG1sKWGQjKup62L0/uuNZo5oZYUg+7J9O4DypI7l0+ZLCgWEa24/hIgallYiSwQAhY2eWwOTKTRsy+KDw5upI70zmL9UjworEGlf7JSR3ul9aLaKmC/i8AWXyFPyZWZ5yTHXdcOHs3UB9vy6Zvbj+5Ws8fT49sT04X0wPLXXMGQILxN9vILNMcyTSjMJImTYbwoDl0//6CQnKepFg2mSwayYhsKq8hLWE059JTaavjZrV2vCqdAsw4wjjT3ui3HkOKg6fa/O782DTVTUh860Jt8XrrUyXa018+jIWQrvNuafAHogiDzVidFijDZ1KEvLP0FITv+7E4nh2Z7Hd3oJ2fql08XPoNksTsNWFlkBogHpj239rhNfJpjs6lYDsZvdL16Pw48Q9KbKCX2hkpQRxPX8RFnRxspT8PYl53A/mKm+YokvEMlSVnYc3R9CuD2zXmEWhj/1NyYEmohuj90J2g005TRSpLKzhfsKLCNeDCb3v9420HWc/48N+Vax0Tkn/V1yXDSNvg2K7a5GnRRlZN8lTVbtiiOXdO0Gl5/mEUYoXlaXKNBeJLZrdjMFKkSJl8IYBkj2SGDVmqDkznwtO5GphajpKsWA1kv1EA0Eu3gw50LLTRvpqExmMqsHuBTg7C5nqwuF6NPzKw2zW7OHr9DhWp0uXqiAnj7qMnZpqnyRKJ1YcqzuZLn885HfsPox0ViLxcdVLSuHq6eTdvOipBmECrClPAMM27xBi/dNcz/5OTTLhKiTLcUlDcBeeDLQ5sBzvLxwB6oNtNq96cLRZnEzLaUWLC321bqjUXYKgRUmH5Q7CCthvtsyLbJdmgHky/anmEZcD6m20RkHSyWdQN23P7ix7Ori4vPv5ljNL9wDE2wiCblzxqRRMpBucYGU/tPkZnFoeo5nKcHB2fJw0TQUsZhlzcHZrturj+6ObeUXpcJtzYL4FO2W0lNU89pBYGtW3JM4XI6Tnl9mTpwqmoHARtfOoifdYfVl1ONiQ1jfm/UpSQxiquvPh1ddE3aj0UZ21bsFkSyi7rOycnDp5+uNjO8G7tL6K2TcpYSaFZ7Gflf32MVxOVHB2abMBUtAleRL3M2Cp2fdUBggVnuqUE+rtCiJaBWQXA2V5n7JDqOIaO/1RteJm2vU5s0RalQlrPo9YfZ0JUFX4AF6im2oM1Orj5//vxzzDNMngaabxmeTfBUilZcd5cNAaAMumjGMI7WYY9TfPikG2pyUdNs4xSqfFxTmvugkYYyqfdBMTN3PbQ2uUUe4x6xx3DsqEuIYdVZnXYSWO680TYSHep7orkSPFAqZG6m9R3VnDw9RQMNbSVDpeag7YCmTE5nOIz7PnjuQY7XlezW0pfIzTfmh2T7wTzuXnVjt9QN+/EOwW+0QplV7wuK02Z/gDxo3V/UmXDXtuFtRSauTbvBCM3UkfSiX07i0GEcDuothWwbsqSodotvBRUWWnCJJ69C+a7+RpZ8E2Tt20zpeS2D7vPykMHUnZeV88/RKL9+kpznicg3y1j1i/V8s0b6Pdx6trVtUeNHyLKiOhlglhJ+7LRsI7Ef72+BZ2nR49msZx5fm3oosh3Gro8Ca8vhpw5CsOTlabDkJRnS4SrCqsIpOnMiWSHbliLkakOLvAOGF7UL27D8pJgvRpePsXtyWYZ2uk+AAgclBOJHiwmXoSXuFm8zQiN6aKXjQMlUTw2T+f0x7zhfdFezxSemmrM3qLFeWAZsTyVMiJPSPqBiyXcrDzes3akgRU/Fp1ZTdvgmsjsHlO2jI0DJFAMRURYlQjE7u1xMP51HQ8kLmux3UQ9SJ/zy4RXGNFyPTjvf3qBjdLq4mszLni8kvuLEKXuHZoggsG8mGSTKixag9w7uTqqhVVEFFF10fTFB24G16qx9WzuUZN+rTRyZx+J88/hJHGsDVMrmnz7f3V0sPp2Xme9TIOtWwU9mltHrBJNsM4rtit7meR2RvieupDoILB3FgvGp/AfsdSVhMR7Ky8wHONHfAExBtSJKCNXUzIcmU7sMbk68pubjgdjOPLAVAN7zGdLUbKYB5qDswmugtDQFUAXGGdlPr3BqlgrBX2i+HlMV1sUHJc3gM+WAIvPAn5RC6Q6KLysZq0NZ6r/ZInkfKsscYKqAKkHhMEIIADWFXBAcqLKIQPkwZMF27gkVeAqSVZXzXR5LgU8PMDl45wI1YJ/QH5Kg3MpH4sNJxNhDYIV9EZNov7wNg0aQ2QxIEfy6FVG+P3cIOWij0uueLfaU1zdM20k9TYABOTo+kCKTgsw9GRY/BjVUySq2BTIRQg8vnOkXBaABvGZOboPA7alLXMM9WbCVQ8uFAjuvDt/i3InkS8sgUe557lkSOMn9qwFATSAA1faaTrRlsIij9w5Hd+JBMGKOCJCcjBUKOkWzUGaSK4rnHGVUVsTBGYS5A+kvBWJb7TuwNXZsJdcBv36L6et+zhqctOGqUki7s4L0SyhGJVMV8Gg7qIYv2slYjmw2ZvUDsx2mlamtI07K88b+PGzQpmDAMxCok2CWSx1A1XCHGGyXRHcpyODI2TqqJStLyMNrtbqyKpU2E8lS2ZlqSDv/QuCCVQgSYKgGgf5EwbK+dSQM2wnFJs5ZUK/fHcz/gK0jF7vQ0GmBMq7wTRf7tbqge9Fs7O4DgcLlVgvfHJKkVmwtRc6ZiOryCsZY93NGbIOY2ErVVwUuToWjyggEoHK9kWuPsRe6JUqA+L9CtgfDxHa1I6LTbrS6RBux8e6oC6FBoFtAGfzvoJnvcxWuySr0VWWQiLWNxyxVbZfRb+eyYey5Ej0OqsHz6iXKblWAQV+WoBZhaiMGU2LZNnGxqB1OuKUda816M8BQlPikshwy/s14Zp3GvUT8FN7KG3SCgL6PkM96yxaroIacrSQtbYaCzaitblmqpHqz3sA9UcgoKKC6U9m9NHnNVQpBdV91lNVwOG4pRjAfZSjCg+3FAdlGdtaH2nRqEktflqyOnPyIFJfqbXvepMBczlBjbOwcV/hqNo1laNCgG+iwVFbVim2AveDFtigxW3FSkdjWkcWSASAQI+EXCHdVOapqCJLz4ottN4NBlHLcZaYesn4+Sb/UoYgffTRripnWJCnWPVRMcjEfi01QokE34k5TfjvUWZ0WB7vRaO72d0v3KrZKE//EllmpxRTdgZVq4m2LNueugmpx7HtdWHTyZX1dCBUEi0p/pdY9WHIkyqH+RUM66HNNzmxNrjO7jOdivuyNGbS0vlgrSTQTelTX7knKEdhB0DBUxBcrIELUIT/ozlrRGvs99R3OVvZATnWZvJVsFcWlPIfo67Ik7Lse0GGALyTOWEfcpLskfCVEkV0bFAYbS1LvOUEpVG8WB2U7tbWQMSW63UDfSpnlYkP0QFodrzE48IgxPK/ZEIGdDqOxS3LGPh/LqiFjX61rxxKZXcdQiS25M2ELgspM9lJoASm6i94IB3c/IFyVWK3t1qAiTV9L/B7mcwZF1tN6OhP9bNwqJJ8xdtgRopmtWfg42jxnTUczEQ+IDdaEgNnW1BOtfFaZCLpg+obKD9WVJdgGLPcDqU/TfPwUpsTNlg8Bb537Yd4UbYbtIE7PDJImEaWNauAH4aK9rZtQ+7PEtFI5KIbIOniELorQZNtU1NHwsGxra8eUWeVnm+mwp7K2uLfE3M2C+RF/kxfNIddqEx+xcaxCKg3oxbKf4FZlVVqgBPit4RniAjsQ7XpvDT2p53o/lCmzhP+haFoNffRmu+vZZtI1hyjl+JaALoGvU587mqf1lAWr0rVqhXjYIda1N1BYsy02GsFR2i9kmJjfoJnzGWuoMW+NAGBr6DCyHoWFi2cDL7FEcZ+C+8VEo48+dt8vzcFzkVL/QYjJB8mu5BlC0Z3NaaZwjhlRnU9YZL5gwTdZQ9MyDI+6qZLtrLeBt/ad48OyNUqnKWIzBqj268NBUNEVgX2QwTWZIAK7iyMx5LkZacXYY4Aroyis+CcytNpcfzzzJ92SqOOnwbZvSMLQXJM4Z2CJtN61BH041AVKBiy/KGfTzoc1cWfhFQv6Ijq2ahy2eB5JkuOhBkhtHkeWVp0G24OrLkD+tyFSdAHJYiXpMi9RDRipdyGmr1NEbyhjyDbyUXYObCVndbuFX2oJbjGJiqRcR5pOhjgboqUGnnLcmz9OFx99clPj2LIKqSeh95AiSakdtpjsGJlWaoJiyP1ZpMrHqxhtAriNX6AJVYZ1QoRcyZeJfcsAtbzZxibA7m4wgVyQargpfVZK80TbEiLzU5XhvAHSqiKhyatMK1BMlixqdJWb+xHmAwk3mDunqzWrkMeOmrJ0mJaHZZsFSqytV8+L6ax7djmRvcEjTSFjam3yRGWK/jKUsJfaCJ6IVYVG20VcbKfLFFTgYghWZnvYt+6YQbVb2gr2Z3SL9/MmNFlbRyXsbpHEGFdHB/DxonNMLM+Pr68xwfvhMU5HEtvjJqtAPQTmF/XRdwdlexwJkofW/+TiYl5kmo4iviLoGfqZ6HudTS9B/HE1of5bic/LP7H2JTI9x3Bled6jBo6j0kmQvmxTDqSTTe5uXrYtU1Nl2raNo+Doy1VEPX3z5aU7ORtdY8qbPy7v7hY43QN/VRPYDn7UUKJcrR22DfRh7etPLuKhhrJg35JUJJu+sJRDBQZXFcnVIM1NVfiPJYyKZlLZpvgS3YUiWl3OovnVDOPEr/PX2WqugK2h+2ArxgyLCg+Uj+V646gtKiY6AloRbVaPm2hg9l7ns1ca/52dYNL8pXyZPDx8+oTZu1HJdhDRorfZpPPxQWWLZ/Z9UHNYPk5ttLZyNhfYWwobbVC2QEdVHgc2HS2m1i2NKgRjNDPlEkY36r52q6nPYuOnsMl6PMYul6DcTpo8brfMbog2pG+EMpytscv3FKpj4FKiwJlye+rnyvhLXQvebGT7iNnzwd1B2X6Np5TUYvaGrcT2CGocH3xcOx0zW54tVjSkbQ59F1MKRopdipLWkhp+uLRl1wMPyxzTrsOiC54lSKw1xvk3fiYMLjto80ta05SvNu4x4AA2/uAYRkWV5yM52sgHbfHxI0e1S/Z7iGrnBPqBTxbHnDmewQjDcnr/vNpsTKuNPHCXFsI1BTSoME4ZIKlIYSxHVBQnGLebjR0oUxTfQAYe/PdoAWna2hehG+Jy1fnog8PuWu4BPq551R3dL3vRdnB0BGSP7+86tzhkt3jtli9znBjwBUhVyFrsD5AqSAxUu75Vk6CR15uE6qAfrW9sie6OMBYSLXpiEv7xojvfwDwdHOcV2xHRfONbvc5qnfvF9BnPHXyIInTU4T4sCcrq8XGTgIKsnPwP8JtBOZXpW6XO1HHcQlFkj52ECeI7kBmEStMcj+72td7kn3vU0ofE9rPrmvJb+VxcoX2OWmvsW8jl+BQCzxh4D/cthqKr/eU7yqqUBtAXlCwDYvsOO7Y5vkmotJFpvs4A094TThxdHN/8kyf3cEoQ3u/8W5F/Us6iknKSIV/ZjQ2JoFgJ8Y+wF+/+e6SIYOus1Vb9V2yPiK9IXLlADQnhBpowq8uLzg2E+s+ig1Pii/ur08mvmNitnfHh0vs9cvt789sXwEviceCUkXPE9nTxAp48zWiDJ8+JzO7m7PEWE+sfgOi/gPvX7qAcaHFCQdA7NBp/JMJfcP9jYQ8f9e70MqIkCTdsr8NtLlBPcSHP9erx/luQ/DcxHZioH8Q6PL9DIQSfrqB5C4D9seq+27jV1/717aqpJv3JlbMrvHND3G7ZhuTGvta9oCdFv/cf4PbsYYIDKy893tPq+0gCaELII7fPYwKRCm7cMnGwvwvRCzWUlkmiQZsGEWhou3w8/fYc2/O/Aj3auXOBA07Xp9d3lyscU3vYrAc9zSxNM+MFfEkhp1OxDzh5BJDAn1Ov3gZRm9qcsEQvD5ed4/P3/lPUar9YPjy/+YAeev3ZMT0Q+qMOzvOcLhbTdc+Eyy20vo5SIYSvgj7dgPYbfeL/a9E3W0Q0e3nafHqy6Hxy83954PVfoQab+cE5BufPr0cIqc5wEncO57gpNTR9kTNR0EHRchX02h5db4ViPtssbjvHmMv4x59E+RMLd6x2SyRfeQAAAABJRU5ErkJggg==','2021-12-04',1),(10,'CAI-4933',10,2,1,1,NULL,4,5,'4',3,NULL,38000,38060,NULL,0,0,1,NULL,NULL,NULL,'2024-03-18',NULL,NULL,NULL,NULL,1,_binary 'data:image/png;base64,iVBORw0KGgoAAAANSUhEUgAAAO0AAABpCAMAAADhslRzAAABPlBMVEUAAAAAAAAyO0YrND4QERE4Qk0WGBhBSlZKUl0bHR5aYmxRWWQiLDV9goc8Pz8lKChia3VERkcEBQZrc30vMjI2ODj///90eoQbJCwhIiIqLS0ICwy/wMJLTU1WV1iwsrNRUlPKy8yDipN5enqEhomJkZhrbW1xc3OXmJlaXV1mZ2cLExvj5OWqrrMTHCW6u72Ki4xhYmKQlZ2aoqff3+D4+PjOz9ChoqOmp6eztbmcnZ2Oj5DDxcaRm5/Z2tqrrKzn6OiYnKTw8fGRk5TR0tOhpaq3uLilqa37+/vr6+tfX179/v7c3N1sf4CarKzt7u719vfX19fz8/PU1dXGx8e/zcy2ub6aoKC2xcWsvLymtLbG1dXS39/S1tm1TzTm6+zZ5ue+mJDDt7Tch2HmysKEIQnsooyocmNzRTtNFgcxcgcZAAAAAXRSTlMAQObYZgAAIPBJREFUeNrslmtzmkAUhl1EBAyXRYjKRURU0ErBO0QjSbw1bdUmNdq0zfT//4sekrYz7ad+i53mGWdd+PZwds95Uy+88MILL7zwwv/Du6vrD6kL65GPsP3HGQz+ePFme9G3Li700HQ51zRj3zLPZm4Yx2EYmbGum3Hoxn6kz9vbf0/enP7cXVu6HtbG5m6it+eRv5v0Bx/0br3e7XnR3uzBrhYsut1el+NEVswX8g43mwWxP79K/Su0+0l9p8twZtujj9fT/nb74HULbK7Q7dYKIp3JZnN5jsuLLNAQ82uaUJniCZHNsazocFx9Nq5xwSjUp7epY2cQmoPhKBjr1+/ebNvWqgp+xAmQJtKwpNNEAhjTuWaTZWkxL0uvsoXLaGJN2/ObvWXN308tPzoczmZjN/SPWrkvKGe6Hpl7ryrm6Ez6pMi8fl0sluDHPAFbkCayWYOmc7l1h9LYblDjbMdptc7ObG7ENQIPrvDVe8tfLpdh4Mb65CJ1jLRtb/vNK7CZ4uvX1CuSJDVNegL9QkrQNAZnMuy6g4rVkWNgXlEZCWG7Uu6QSNLIEt+Z7eft6+ubXRgup9Ngmjo2+qOg7vCvJPRXSHSh0EGZy1rDqQHBGCOyxTU6dmA3mnxJk7SSUmkcrG99K9RPXSt1enqaOhoGAUeXSNDQSKokpJUTQXqUelJ7LPNvtsQ+X6aIS852z+CSuu5ipyB+3CkHUWx6q5FrtwxF0EiB57z35rxfuTomXZ3PpVVBo/B6nc+LIpujaRJUNS1xpYQEuLoU+dOZeV/lhZNL6L6Hw2EEi3tnI8FuVOyVCxwWnuktDq6MBYQqVnxrsYOjsb2yc2LeEBijuqmv1+Caqxg8BYKCwIAjo8K2BA+qKgtIY0iE3AeDT1e5WTxahItebxGGuitpLdtorA7A6ACvV/G0/HZuM4gbLm8j/Vhs52X2fJ0tqdx9r7oG26S0TVWp8DzoyYpAgu0TRbmEGKyizjtaOKmO3WW4WsWL0Iz2e99kUKVWLh9Wvd6ot4g9QOcMq+2gyo3ffrdvp47CNs5wm3VGZTf35/VqlUuKC9UVVEVR1OT8kqQsqyoYw5LWkMwj5sNYzbAwlk3T81amruu+v5zAxQ2ahut7MeAlmCY+G45RcbK7bXPOm2PQbZQ3GzHD17/cn5+DLhQXgpJoMLL6iqIoOMKMqqR5XuEJWVVUxFQoFLezfPay5vsR5OZooidEDxUk11q4ZpnRcu/7+sSyrCujdWtKUnRjQgozU8/OEDv3PZEQ7+8+bzaJLcdBn2JFTGFoqYihMcY8zwuJOPxTKKMg55QuEfUg3kVgayZLpFv7vpO0KYX7MP04tya+OZpxjsMYTZjEBzcJJOl26pmxZPtLj82u7+4+g23vvA66j8WVBcxQlKTSPOYxplCCxmOJKiNyu5Cx6I6Huj6Z7Cxr+PAwH06t/hgxTqPchHlr8HKJemrfWIVAkmfTGYJIN1PPiyt7X+ti9vD10+cn2/NHW3HdZHhVIilNobMZjDWUpCqEGIwUGZlbrGDdvBlaOyhh6AbgVzE6mCRLDafBI/IROAwQNJGMIXrRbJqAkH0yTD0nY1kHWXbz9dP9/S/bajJys6pR0kiNMowspmUEMVIjJZi8FI9ap2yR6PrlMv+YGH+MYE2Gr8N0nE5ZwXDJFTnpbIJKMgYlSZncSWJLNFLPx+A7cWainDQUhWGzkH0nCUkgtyGQ0CQUTUDcGqxULZZC7RIHpbV11PH938Bzi3V5ANt/hm1gMnyc/56N1JoArLYCWBDQ/gmuaSVulhFqwvqsTzezjM4ywGoqDD1qmbrQP4S6uwkfFCbgwgmcpg87OdKR7/ub026RKh14hkFymFYipfMH96W+j6brqL6oLlarFabFuLe0qs65fNb0RZ8VvSbDZFnGZNDuu8bLY1Lh2k9p4KMghLdSQAzQJkGQpnGeoMAHBQqNFGgzIbZ4ZKzlD+5JIzKfV9A5XV6sKsDFtBtcbGXODSyXb/IJ53M+sxHvZrxHIFtjlHpf58HHf8mCVOZjWhQguaf//g0QEwQEYYkUiYNLsScP7kVtvTevykV4cV1V1a/g3ti5DOVwQVoJ9BWGKvhsYtEby0IXqfJe+8NAF8Y9ANTBr7+FXyG+mWDabZ/3fkn13SAnmp5IgrCXOw/uYzqYuB17VYZl/6Ja3+KuPkIFKofDMIylAPEqYziJzwU8zYNc1QPRz0cUlbw60GVLRzkKwK7YsZg7CHLXQECby+Ym3FiKi3TToshBNpAcp+kevQPau8Z92ezaq2UUXV+vQRvcqhRYtlbjFkUpSqnuuAykZCE34dTewAJDFu/VCT3po7QLNKZH1QIkxJ0UBSAUq0YAtGlq4RKNgfUAMlau0MN9uZOGXbkRnx6d2rO7xT0rCNmulsPw49X64nK9HldYEbcYLsu6rvoL1kpN1WVo3lI87GIGRl5T8XnUHzZreeuRup1KEqs1urCOY8N+N0GgpOcRQQf4MKLuo8M0TXzTc016UA+LnajYejOU39jfjmezu6Q9jokOhi3Dqj+6vrq6ml5frlefwrCM5GW11CjTTFIPuqGMoQ3DdfHQh2EddXzpZNp22zC7OSuxHFcjJUd60+6kyWGSxPsWXtbkun4YYGsrHlwBDExyIstpjTAuyiKsj+1388fzu8PtCsahvYbaOlzZj4+uLpZlT/hULpcfIdiiEMl1X1FMHtoJwgA1oSvicT1V+GRbZgmh2xsQLhJEicLCG8ha2uv14hwhxkAvksR3N9u6gUOxQr0RFjDZP9xt91ut2XR6dGb3T+bzO4K1dwPF8AG2LJdRXY59aIExFu2YNUoUWZ20aibD/7uCorGllfRZKRHsix5FEIwpvpIFDArtr0PGSIeUbLmeAlmJZnA8WVgPyNGrAxgXJu/w2uLxdLJ1vnWwvdj/+uOOQjvZRj70eeMpFNZV1c0Xmm4QjPeHq8lbJm38g0pg0ZZJiqwjiZFMSTR0wnFbFmpAy4I0gIQe0r3pQRyqJsKBjoY7D9uj4znm3BtvFTGrZpsOk/n++f8PutN267w1Pdm2aMYMtXpxICMBj3YcS1I8kTmOI8EXxUWRZ2gcT7DyZrXq5boo1ChnQLH16DlLUQZBq7oswrwAn4ZkZnqm6dJNDAohlRvhMwCdzubHk92dQhaUAb6KMaB0LY674fDz9//LOhs/3d+a2rOrZ6GIPaaFT1u7B8OdRz7Oqo0G3OAuLPaLIoTnvUaZZB7ezkiwWDZyu61x4FqxEUXDJ5CYwMkqLTHMrQngbGPvcoLWiN48PDk5s9/vvX5WaPpg8/aATIrW7utJezYe919ff/n+//5AOD3fevi2fWrb5zInDSit2Gmd7R3vHU1G/Xf9kz5oBLp5nLRbsCgctn7SanbbTQJRFFYiZeSn0qIBzVgEmTYaSFpIUtMmNKQQjLK0Wanxygfw/V/AfcD4dx336ipdCVP4OGf2OZlJvj1nvb4DUkcHZUthjs5Uy/CFKAxdevH8FyYMzNF1hJTejiMvXH2ueGGfMizoQI6sGrcl9+Yj99wLx+54OU2rb5++/6cPfkN+44HjbjEIFKcvW1G1WHwO8cHUo9WV7YBj2aFePnLLzDeZwuwsKuOLJw+PgVpjQLLel2zDNkAbu5Yu6UcHzQTUyZKJ1DSS7ThNc176qtSr39SVUxF5aTgPh+sqPzl883Wdu95gsMnTL6/+B623hE3MPe7l4lBihrte3S2Gm5p0MAFkWRRJlmF1tMh8i0m6pNlRupiwDlgpMcGp0ETWnZMoCXw/zorIi+VWy+kA57hXn6TaAsHzBkWgKnoNiq6jW/JxOhymWLAhzV8ftdvpcu3eDyZjPOZZtf+o8s+jaureLL3V1Aq80Wg1zD2+dcski2Ph++jjSL5hm5rkOJJmRB4lNI+2k5mpqZoiQYiezKwiEfEsS4oknpm02+c0WS6booyiIru2mNMYkaxZiTf2KHtAtVN1fXR7cuR6V24yQ+oYk/l+Wcd8vgqnbvIVBMOqWq02fIBkpSW22pEskknrxrLeOz52mL9dD4frPE+rMJ34qgJMiiqqCaqmb9t4OLapMhmktAgBAyBLyoT9RmocF1M0mIZVuBrf85vB3+Ic9ftZFKMCqLBF06/2GtdBOOd4iH7CaTN1SQGdCREQJQhVjcSYgqrSO+7oqhikYZXf822UxIGJhOx1+lILkjElIYxgAKUXZJUhxTW0SBbgW526siiqkU28dH796ujl7XSyLJaTn3IhTJlJ9/VVhP+MYTTO3uO8/ejxtKSO1ErSIS+RgVmMoFqqVtdHHSISXe/3OkDNYGM5jzKBMxhChxed5ycX/Ra1DiQaBZHxagiopSI7LE3q0+R1UJayrTcee3zwLXioXQ9uo8nkEoS1ysYasngLo9Zkk6M+CMbM5X7aQpTW0UZoGoIhs2jIY4NuzSRQmM2f6h9g5klWtnUzn8IEJpAiVM9fvr143X7Xk6VG4ITvNqQGbdUfKq0+PEqXVctPJpw2t4mrzD9od/k3IdyoW0BJjSkE5gBZA24oW3JvwO8LRbnZC2z7wYh7BfmI3tdneYacJQy6ZdLPo46eAatMcBnNVImylgMrxspMcNs9/8rbp6DFAIhCCtImBwm000PuanYcbZH6KM8kIpu+fvzqycNHSZkIYNZOaBjN3NGQIbo1LC45aENb7+6Htr3gHtcYzTLDtRQSq6X8kgwMSmYJR2CjYQQ/tbAHR6fdsWcY3ZtqODp0JMrkmlQFqwXj0h10wbLM7CAuEM0km8WzWdwIx+SSdn9ZFAuDOH+bBKOLtjTOu1euCAJ3o13sB3Y0X1WpTZewY4tu1ISaa5IabrkOGO4Af4AZDPjmwOmty913l2fdTfi+qrwDImU0ohknU6vB0AQXgRUBU/wrJGzy7o2ZuQLxtHecjO0ecGu2jbrntS1725P9TNvFeMHDzKTqYFu4KLW/zaWhBleRgdpgE0SvA9SzAN8Wyr0rvl60ofzu/BGdSrwkhiNS2RcIZWGowoAC/PyUHzSl287cMqaAajXozuJopjx7ohVZJHxhWQazwrPVXmiryztszAAR5aYRZVVdWaHdPRADAFBq+i8OL7r39/zs5Vt3NL0m1kU4H49e6kDVaEgzAI/PD3xbMQ1ha4G9k2HvZNVpu4vnz4hSF9KSn2E57tXRWSzcQEKKyEyJxHAvwb28Go2W7ZIhEgZx4lfs/xldChOkolb2D56eBMvpBBl8XvIqbLvBvN1+v9mkn9c6A2BtYY1khibjRzNnwpS6FcVxQxYIkIRIghDIgsnLJkqibAYrVCwq2rpO25kuM12my/f/Aj3nXlKpXWdKl/883zyeiPw8557t3mv9hy+/h36u9EqIQkwKSlYJCD0XIoLYNGQnjWTTUnW9tC+dnLBQkVYhUOyPL7dBO1yFt41+7Hq+aQicqKk4QJDoOyMLCS0GXlkuHGmW+4l905ifTfzI98anjV7gSgNY+b3GaCixAEBKR54Kjr/tvVf+8ZtvrHq9hICIiJD5EiGkKIx8VZ1VYQYHL+j6sqLLml7Fwos9YImOyqfdrRRRgd3on+lmo3HTT2JTl01V5ERBFI5EMv7GcwWFcpnXi8Fy/vzV5KnRG8zwXQVyNmMM76YBgonKUQ2rRBClJQ0deIn1QwoWLyHlBiaC0gaiContQFQcwAtCz/UjFTdOMOYX67WTykEVXg7tzp5upZhafnE+mAx9xjwl73s477l93x974Xgys18Gd6PleOaJzYPFt9+efvrNl/e3973eLE0DP5VXNqdNyfioe6MW98qIwFPRdSvtL977EADLRcTMOanQc2FbTNQdX5qGy1VLM1NT1g1StmGHDMG8BvmdF9ttgeWPwudt0E4az8vHRh0qIt0fv8wBBg5m2V0YaIIeuv2rzLUMpVw4/u6rw+TLL58ebnqjmaVaui4NuqPEPZ+PTjvPFi9tOGeBLeCBTmiaIM3swSd4SkoxeWJRoamp5sqdZtnCcwNf1kEkqRMVWB5qY77KGwxRtVrbCu1L47J73jhmQEgcZMFwZOpOF5r1bLEyDBE3nKHhZr/++uuvsq+fLu4HfduRFWcpOVfzaSwl8fQ8au4RXyW4OKCBzIId7PuIC9V2AVCRk1gUSPHIG3hPhr4bp5Gjyui7LK06qYrlGmzyKQyI9kuXW8g/19nk7qbRqcPLthkiazGcMb+QCJVu6Wj1+ZdffvTZ8GF4bnd8IVqeiaIdSpJqZZlaJJma4BYxPJFKG4JU52MoIcDFC9TFq7BENTPy3SQMvSCOfT+2gJTVqkiao+a0sOulMYwcawxIYDt/G/b26fn4g0YvOaqoXBtocV6Y3Z81IkKJj9owLNyro2WOPv3uy84AFvejbU/M8cxNkyyU4mAayCUJ5qMATFqJUpkmUWyfKlen+9ABlVhkbR4oMrhuOJWCeBWt0lVkmbKmNBH1LWyVLVV4trDLxM/385SMcey/TTu8uLQbdvUAQkJpJbdaHEJGi1/MhZUPTrAdqfD6J1/d3fUuhoPR6WQSStNptpxGkBhLe/v1PY8WuTQ1k7yFKsAErw55CWkPxCDxcLPLWqXpCkBpI1mgnPixqQLWqAeM350Fbs+Ft7EF2sbD4yg5apLcCO4nBauVZbQUOhkWFK7NGat6RTp5B+aq8/wi+2QSLsA2uC+pqqaqKaJSh4JzT4IPIC5DaqZ/8vjMlsqlElgJYKcubupFluWASemR5Z/FvlW1CV/L6J2wxTDmsrUFWtB8VG6zfF7xYZsGgr/9oO4Hbi3wpnUWRqXvDqFaxY6TtkM4NW/ytSLMmYpYNgAt/P3usE6qaXhWAZ9SoAM5xGb5qgjlC4BCOq2C/gAU1TxoQil50A7HnOqLjJ+Ai139fdqzqyZPKnkaT3OVqMAh2SrwNavlDw6hpqzDk1CkXa+QXY4CxE6IR9CmSIcS+cIKZEiGqN2kLRMP+USQLV0tsDnoW9jqpllhZFDBoQhjzpRoHN47u58YTLW/hYnqu0LxSHNIq1YChHzUwlOhC6IKR2zYha5tX/L2pVoJGLDeo417hbSypfLJMc4rKqUm86qDIsUlM0cAxVd7w/lLWkxQ4DX7x+BHApPEUcOXGpdMsGLYLVSOnWO+yWhxCgHSiT6B9FcrR+B4dBRVKOXU2JvUOqP+exKWwpvi0S1walN+VwGWEoTRTQnF/IeG0G9s+mtaQIWxmyfV0YvaysJKujAZSXUzZtT5NmzLCwz0ArLpqH4DdX0xGHWWEwhFfmWTqtDkATT3RJ5/pcXuqABRHZ5TZJk3qhYLOW0unv8N2kIBUCHv7EHxhSECsi3juMHKXE0lRZOdg2BnC0rKTWZtDqXxRj1ZJwfUDJBSBdeFwJMrx8XGF2CBtggPCrQgg/rBVxgiDp5IaIlxqX5lWzr/4cvQ/Et1InAXgfFdmZneDTparBryyzZoH99t0HZml6d3jcfB5agxBNpzcnB8LUMuFjZRN2hxblys4GfxlVpRktnLl77fpsbNaX+PlcZ43A089kj/i6atl3lGiANJ98/7fjJQ1el2Ni7fFfK7LOq5yOmyMY2Y6MmOQ315x1Dh7RauLRLadSVASn8WabFogv8rgX1LLXiyHCzGi8APsrsxwT1Awg3aN6w4w2WhOXz/GDx4j7J6+1Bba4xmBfNukk36Zy+WtaXbfmGRY3YFEcoo/eKp15nPJr6RNuJY15Uxh2bPxdH4isbEUglSD99kgRZhgZQHP6awU0sRxZa26o/JV7MbtJukxKQsj23w+54kISkOiWBoH8MUpLjLyFY4sefzZzt0V9ZwO7TTsoA7jYqxazWIoNXr9roNW87OmDUtsb5YJDNxLPxVWddaigy4GKR43K4twqc4hA09Yxe/QBTVbsyAmkVKm6PSgN+sImkNVirg7dWAUyLjoaikFuRSrXIEy99KvOl4HHrRwre2tFmd1MQ1kzHrXM6vG69aMpvS+WKtXD+uNTWjJYqKrgnaWbFaejUtC2s2nrotRkkSN4JjRNZSwySUx2TKSSwKyx2H68CHAViCf0JmkwtqKUrr0nvvS6UjEuzSOHJjzw5HfrSlnYJuqUpsR8WJuhPDMLzz3Hto2IwgcPAH1RaK1dq7+v6eJut041l32uF7B6US9W9IRU2m7XiewViTMA4aXZERwymNynyVgpJmnaekyIm+i7m6AItELkZ7cMzk8H0pqtK3ozh+tBgFYZgdBv5WRucQlLEgaLeE9ttbaJwiQnRqc1SMUWSxIGY1jT6zZRmK2meBEwSOjAHZCDyVCRpTRv7kASI6Y2Yi/FhwVlHd2Bpax10swDCraXIx3pOOP7g6gZ1+3GzJJThq9GKFvn8/jr0t0KLGlQq4Mh42FUSR+/0LeWyxAFtWJUUX6amZIPNcoVODBENDdBFcxHT9tnnbSNqrvr204rboWUiLRWa+YUKr6lqFx9DO6nKlvg8bitDxF1kRQQU59c7d9Y0Ec/ZsRZrUjf3FNmBvnx56cZll2sSYYgtvarUEcv/urcBC5eM9RceLIBzkpMXlctKenBytYTFGKbGnaVJ4ttpdTFyp7cdMLIEnIxgGciTFfl/GCbkhWzXp+P2TYyi7C02OrCI5GF+STDOj3qWkYeJOHWPlxvYWaK+HveduzFd2udejXmBhkR7KpP/iiHYhIhdqh6auKlBvKPDTkcarRAw+bhJaFCRs1xf9KHIDP7OlIJJjUXdFpCWXqIGTpYMKGU9eQH6tgSeLHH5Xw3Iz+xFJL3pwUXuUu3Kgmo2J5npWbwu0t4P5fBw0i+Ku+NaYWFBwAuBSak4G2vf3Wo5qGKqGYUqD3lxQT1l27cgF8uYci7P8m9BvnJm+FshCoGN5UaLTN0E0SNLZl3D7D/b40V1bsh+eDZ6GTzd3oxfYohmNRue9FkPkuNpi5Ia2H2wlIvfC0cX9B7VylRMwTv2+2tAYlY41Gbpxemdnl1NjRVDGpZxWYZQ0Nlyz3ZIaS/turMX2hdr2ZaZZgVoB6hCsI3CPG9op+q3agqFGAZSZ9mycZTi+PrWXSzxzMTAZIiVJs9jtS2pnKztetzW+vuh0D09qvKoaHJjzTZzKHxnQ1u9FgqlDn0B/KvhckVvUq2tajpGjSE8yN9akpe2nC7ilFrVjmWHLWErjgs056X1d6LssyzJVlOlEkFz9wHWlZBqGfWn9zZ1JmCymjrOlQwiHR0cwFIEt1lP75F29omoKjUFvHJsrQqqoGBq5wSL+bHClbZarmG1x2e6qK0s+63ZmXhJ2x51RJnUCIdUZ3PatVpGTIgCoomn08g9tOvCBDoIXB3Akd5V1DRdk9kzS7Z3tFI6X+EbIiYhSvPfe1RUebw9SB6hFEp/o6tXV6hGkGkElp05pwSGIqAN6/Z8vaoygWo7VHy9G95272854Nh67kWFp7Sr8+HLO9VUDpdWCfxEpKAP0C2pVzw9DGlaqBjsX11u6Hw0u2twFCzPtNjBHe8cnh3jkDY4Pefm2Zn2/VsEsWWgqWCKYPC0USuSYCTVtUWRaqqOm/SQ5T2adRbZwAydyNUtj1q5LOPGytfBWItEGORpd+PkHJOiXg/lwW5e3XjLvvB+6AeyjkQ03PJZJ95rhLggclrBPDz84PcODUXAl+AoevY8Hv0gJXwFeemqAh2yrOnI686TEDZMEaC3gViIDlqiIIDkn97vCTwprQfzIrRudnc8fwLbb1QQXVBOF99HaeA4GwNkCnb/GNb9ez7fupdr6GBUNyEAL1WdLNk3LUCUtDl1vavel8SXaViMGzUn/XASYHnTmWrrl2jf3F8Od7cuBTo2UMKqgqORsVBM+joD9AMQdoPAkEE5m4BP5fhzp77H/0SG04m2BsyvJ70yyUOr4utVqCX8MuunP6APgx/hCVhp42fL5/npniHbdvqBraZPAqcktjawyUWdFkUy7AbyJwpk4Nnn0ARLTqWwTKh9MKZK5mmXZ1amUer1ZP1XV3wMVcq0hKaYMnCvcFBvDFuFj7+ZpeH278w/J4xiOVMy6Y2DJ3JJVjtEu5l07gO77lRYqhGrev9HJMpaSnKI5kcY99l05mMn68+N4Yjn6rzG5NeQrJnIS0CgNpCSbLc9Gg/nNBRj1H1XcXmdaUTVlXTa1XUa52bl42Lm2EykgdyhJLaBiZgTJVBxJjbuCYkWGO/pgavpTVzvtuL5jtX7LoMgJIpwUVDWt1He9RTbrAyna9DeX6vZxCS1aSsHaWentdDr2OJzZWThNPBcq/jgFbMshsLqGWQVoaQ9lmsm5dBoHXizLpjv1LRNMSbRpUFBuUUIKJqXO2+8+D+b3T2DTf0lL5RdllD4O45RY9PVOoYZhFgRvWkRBRsxzqpH602zKWPcN13ScJLU0dFyqV1CDgOYmjQNpGk5OYZn+u6S3t/C9bieWyOQSZLFN7JIvsZySimIA0M81YerEY51zGw3ItsvAMsUN0Le+61gxOi9Zpue9m4uH4e3Ov6jb4dN972a+jBX0Z/I7kvCjnfviW3E/C55LaDldSmOuldieNLG9FZgWMJE0d10Mu8SkKzApcd6XyzsSkMCm/6auh0/zwXNngte6Vfr7SP5yPcARWshfQpCkrj8N/azvxan+6rrI+UuTTpY/O++/alPqxE8388czGw+5pJEDERmASfGee+sf4rbXxmW0aQJ7BW489eA1WqLx2uXIJMXEAY1HndEdcd6d/0C3O8Oni95zH7pJidKqgIvxli5S4U/rIRrboN7TF1kQLrw0dvVWi3IS53UgxQQSLRue7/71ZfqW9n7QtcdAGwCttcbVcuBNYuENKEpc+zJUt3Ig+YnruxE0L5CziUmtlU8ir915wRzz8Dey6VZorx8u5oPLzixMMKOuABd4ERh50aURmUD/tvKLaziv0/U0tRROAItSUtcjpJBNe/OLhy2s0y2s24ub+d3lGdh3mtuXpFlq4pw5h37LLbYEZo0LrSzp9mWHFEjSNJvY/f8NKdX1NTjzvIc3yzr2JAOPjnNiVd5kJq69iZ3zCj9PKIhUKwoIKdySOx/c/H9IqW6vhw9gXwSGu1fLGSxiegrRssxXaMSm3BsOTsN2PpEhv8swkLwQbAqFw2D+v0PNHRosjMR3j894q25pT5CZLGWsjZ21rVXKTbBzJ1+b3NBkJ5Yy216CTe8wnz5A5fC/Fbg0EKNT311edgGZMGcLgKbUhBsE3LnyeEQKpIm9hBs83UdsZR6G/2fUV2Rw64cbwjyAi8+X+Z1UsHUYLqZJknggCeV58Gga4untJd42POuOgBS89+Hf9d6fAMfHPa3xs0b0AAAAAElFTkSuQmCC','2023-09-18',2),(11,'CAL-5563',12,1,1,1,NULL,5,5,'4',6,NULL,42000,42000,NULL,1,1,1,NULL,NULL,NULL,'2024-07-18',NULL,NULL,NULL,NULL,1,_binary 'data:image/png;base64,iVBORw0KGgoAAAANSUhEUgAAAO0AAABpCAMAAADhslRzAAABUFBMVEUAAAACAgItCxAaCQ0QFBVICxEICwwcICEjKSoyOjpSFx4XHR0xFxwnMjNSW1ttGSEQEA/+/v6YN0NYZWWMJi5JVVZASUk4RUVkb29gammlr7AuLi1pdHRpChKSR1F5HiOrtbVETU6uanSvSFXAeIWuWGVSYWCFkJFxKDF6hYbNi5ZCPz8xQT/RrLWVoKBTKzBEUVC7x8iXWWO0vsG0urqjqqrPm6U4IifX2dmapqhmOD9zeXlxfICJlpfGZHK3iZNzgoCUmprkusTh4eFfX1/F0dPGysqEiorz8/Pxz9ZySVE4LTHo6enR0dGRkI6hoJ/mq7a5maFRUE/29/j0/f7W3uG0xML13ePr7+/c6erK1de/pavonKjbw8qUa3O7Lznq9/r99vqGgIB4V19UREeag4fqh5X35ep0cnDk8/KxsbL17fHU5eR6ZWhaTlPdytDbh+UVAAAAAXRSTlMAQObYZgAAI2RJREFUeNrsmmlb2loUhcuQMgYapgBCgDCDzBAERBRFBe2t1IECYuuA1qrt//921z5BvdOHO7V3eLoylECEvFn77LNzTl9813d913d913d915MEQTg/PxcWevF/EVhUst27u5v9m5sRqd/NKdeZtXg86iiX5Visk1Fys/7m/vl/EPzw7u7wXDi/uxn1+1+63YMDRVEyUCwWwyavxaOkUFCSlZwyHc7PHh4eLqGyLBP2l93/CDJM3FQBsZ6eXpNi12vXa0+KRt+/fx+NOuzNs9ysO+zMJVcqGAxy9pQ5RbhnUlQqd2b9u381sfBucwQvwcggM0QWR6RKElaHI+pwON5jcb0n2BQnTbunZwUOmBxXLxSazcLDcD592KsXBnJHllJSLJOb7f87iQ/3P53FlNNTBdF6dvawdbn12eaGip6iRxTFZXF5mTaTyZTNAs3KdUZKiuPsIfuVLbHaboRP7lfFcWWS9nrdkchV8/JyUI5Lkhyb/euC+rD6cNZ5M61+epNvJ1cDXq/TmUhgY3Iz6GIxEhEJm0kv9Q9S2mCoUEi0/aXe5Ph40hvfRmqVamPjcNKrtANbV0uFQfmsLMVjndzK+Yt/jfbffP5Y3TwunYT9jXZyHbQ+5wLVxkS4gI14PAxX5HVr/TinDYWy3kbvuFcibVcqt63WuLbdLm1vA7/nT7pNV1eDS8nFgP8lIb39sFMdH417J+FaPpleBamPyUnE2FRwxmxzF0FcNFhPT+1aLlRw+nu9k0rp5KR0At7KSt72LjwJ13qVSjUcrpZK4aQtuzcoD+wp8HZy/3zW2rz4+Fq4nYDVn2+nScl8i0ESL5ms+puwqcARt5uvX19zOnsomy6dAKoCNtrAWxW3J5PwTi8M+f21RsMfzvv47OUgZQ+VY5l/2uBN38WKcNvrlar+jZ2dZCOMq/e3WyD1en2+hI+iGq8enQXsW7fFfCBrtfaCu1H11/z+8KMqpXDJs3EcnrRqfqDWGvl8fiPZzrdXRT47SJmDUXTX081/jHfzzccSfEXg+dvJfMNfqcCRcMvt86qBbAusBkiUtcAbiRSL7qKlcBrVWs2FRL7RBk+j0QAcMzLcqLgDt/lJMuAn0I12O5lM7qTX0zsBkb8aNIP2ckbpTA9f/BMS3rwtCR9W4GutndwIn5SqYIUCCS9YCTbiI2sDXhhNb225PRE3YB06a7DgbbfTyWQbSm7kN/JQMp/3B5zvEL2+PDCJdGcnnV7HzQq0fMuGq8sUZ48pse6Lf0ArHy8E4XiyXQlvJPPhElhV2Oq6jVgpdp0BBgstkpbPbalfSzorV0gk4RnTDrCwBxfY1yOlcLuSXsURtL6+3mq1AgG6Uz6bxfMwCHFlZf7tY1n4YWtTGE9gbCPZrm6fUFphqlXTSEkJBgtb4IuKC9SE04cE5dLUOXNiFe8FSDAYpC3yL51upcV8JelPOwOqvIs7hW8r2kTR6ZnHOUkZfmvc1583hKPjCZJTEsVBieVQVeEGy77Y3IEWjG353CQn4Tp5K3PW7PYBnSkA9wKtABIa3RdnSwz4d5KrNh9p0XvRd1FnLRp97uULPEdkvrz4lkKL3RfGqArC+WSjtI0Yfra2ki4mIPSsNsQgcCMeSPSgF/byhmuHpq7lIviYZCsmAiqXzam2dJ9oa6OdF1kKZ3KzUyP0FcaI0yTaCnB398W304rvjXB0v1Kq1NqNKtrtT2EfrYUbTlhLsBHiNbm9vmXLmqTRarmsyG4AKeFUgz4SYXAR97LHayu6IzjjWQAVTSiwlzwtUcMnspwj9+1iuZZ9jYcdRHE+6d9WgxjrY6tNFlnooVIk1oDNA1ai9XhFy1pUo7Vq93iTuGwxWAyG+h4UKXoioBEjIqBEk8nNbs5viTdt+XiNISFy0uwb4b7z7ghqFG80KkjEP3O2hv4HJjG3Ei2KYzejpUcg0SLFdTqttm7kTRZrWcZoRdzF6XQ69lzEL4B4UxHnR+iY/zkqv8Qb3m45i6aiN/utcDezNWF387iHesKPavEZVqWttgHLWmUEaQcCK8EiEg2DNR3FsdHCW7TX/X73GiMXnE7LWZd5E2808ktGHv+YihGixetnEakRZ+g9SHXova+CnDx78VUlnG/X0lvedzB2ZbuSz59sV6tqEBPsY7MNFJmzEOtonU+wfGHNqrNatUbeYtFmurGoiz3EW19xQSIzMhF0BOdHTAbjQvxiIVlMSPQ+7+dgUJtSqi++ooQDrUajuUAUb062w/laaTv8FMbhKhaK41reuYAt2gLIrSotwtjE78XNOp1Va+WNFk38wGHnOLO9UDBrNdrrgsVoNFgsBIidiEYbMaFV4/iJGS/YG27PltONkAhKSucruiuMmlrN0p3wbjx+XfJvhFFWVCskGExVcrKBx4F8tR1Z0EZsgPV5EyLTMm+Mp3R6nVYHl/TWaEqL9luvm81Xn02+7pXeAFjIQFS4O1lRNOhxrFf1Sq8Kb7md7qwrGJTQ6A+GuRdfSYJwyum2BGF//35SquWrvR7KpwYeUVAArq5jpAIhlqyF/YHiooP0gDaA8iJC1iLHSCkNrNXpeXhr1upe6pisnq3s2/KeHhkaKAxYb0Jezpr0L/U4IG95yIQRALRm21tbAuNYjliMBia7w9lXekDYnTo0bwThw+Ht/evqyXhcym+AsxWgKpaKu1aj7Yw4GzW3jcCp/3EGfOhL3csGfhmXK0nobaxWvcEIolcAh7TYNEwW/Uvs9SS0TbdbLLqXRezoi7Y+f768yrIxOgQ+G7JLleVyXI5lFKXzdcqMXY11UxBuj0v+9nogmfYWeV7PuxNMThqAWk86E+6EM1IUwQZPloxLS0aD1Vrfw3VesUu16nQv9ZpnvSQRpwWG89AyEN22t2/fZveyV80CwzObOVVaLe04yI5/UpIkyZmDodz/23si4d3K1dvehg2NCZeHqLMY97J7TFms2ezV58FVYTD43GSXVyjYUylXyOXCYGrUITXhiFb3SqMB7BMoa4wsLxksvK1YtEU+45akmqmU3W4PMnFB7qegKmsQ6+Nrc9Mhd6+vz/9GUAz293Pzi7Ob2eVgcHYx7yjDzJNiTBgzhmhMXIoyvWd7ydGEpTD0Sa9U2lewVKNnDdXAGw31AghDoZA9BE57EKuZBBospGd3KYwfD+hYJ3dPT9/f/D2k4ETbOOj2Rzc32I36KAnY8L+ismZUUsaqvliQOhwpM7pWEhKS9olWw6SvF+qc1mq1EhSB2glTFd4AJIQ90YJvsYDZHsQxzneFcHoQuLoHQei/P/3rlvYZ0Wl3QagwQjKSAFVEUCFWMQUA0UuXy/U+KqUKhToZChgOIUxhaEYwk7RE/OrlKytZyaRaygRM8NE+SH4GF3I5MLyqrLnsnBmADjnGroH9dggfy8LN6Zrwl1B3u3FHVFbIzS6cVCmf3FOF+Q0IjPhZF0DpuhzSoFCnPEsJ12xONZu41KYUdwVdLuAAl9mM7sccUj19Bl2Io79uOsBhd7miaxmKLEG4Kdupudo73YNcLqcoyjymyPE13OmgDHP7fx71SyeKu3n6pd8FJSBlEDJGB/mHFZsrBLmehNomFJdx1Vpm5OXZ2VlsLmOGMofJyU8lYSQHgyEi0j3J/GtO1jzL84t8STg/mkczgMrlDrqjG0XiSJKcm+UWUjq5jCzHpagrJH1RZn8S9S4TCrpimJvLwMkoiQCxuWAlE0gpL9rReMBM/uBCBkN0T2fSmdzp0LRlB9chNak1lg+F+6ogCHIQZ1IoP7Zhq/kZkxYm3JP8GGf32u1hJ9PB1CdYc1JQh8iWOrPZdDhd0E6HOWWIOROK58K98KfKpc1yMBiNZTJr+BJi/Il7tIZoT03x0RgIh6nhCFc46s+UGCZtmqng4tJJodx5pSbc9UdnLA09J2irlVPTLmvZODvlKMv4ab0lW3+pqUtx1Ibdu/OunOJ0nLkcG+amnXmn84yLeM7E4pLDFR2Yjv5EXrpBvDlg6RMl+Ej2J7lSZrqyZ1dI5REymiyFnnoHcNIEZjmGi6tOpz/MhN2bUZeSKbxVzaXHPMrZOMKtU0FpahDByaHdW6Nr5eHNXV9xUC0xkIdTpTOX5XmM4VI8d6dTnC+Tt65Mwf/Hi/7RQOtC4DJM0q/ald3FWGEK9yzcIAf8gbhCczC4/HhxMd/5ofXDl+3pxQMmNFIpB8DlaZyyDPBI2DNxqIiYocQZL2OGlxZXyBHL7Z/POkhVVCN2FHy6ELmbI82GSo55ixCMy60/GMrnpweS1uVQSZ8onwXGlMuq41jg4UAFpKw7aA4eNqql3v34/n48/oCYPvpQe7h8aKoBaqaCgUTe6x6Fj+wpKb4WY5xxCaCQK5UKhRxybgRX44gsR5l9Xo6rKpfjZ7HHWB5SKMfI22g8M/1DtJv9zPVAh1ZJoD/NklYOC1aAOVJaAmVCBFrffvyh2vtwdAS628m2vzZ+HV6ZTE4q4946usY6BStktlMBSQuE8B6k0OZT6EOjKEhYjy0RpotAqakAddTtxOPoVucxMjxKBZqkKopHgUXT7Q7hscJCOR4bDs//QBCv5PFHnJn93iMoYUKEi1VrdplhCFNda82K3sYJTUXiiTbZWt15Xap5TcnJ7e0x3rtkdwMBwGjhkIoWQ4Y9PTiYAxIEaofGBFKXi4opuNrtzro5FA9km4S/c/xciHuYqyhTylI3I/SRMmg7SucPPPjNvB/muLBQ6JlVXSAtlX+I4JD2lbW+tGTiPQle9K73Dvd7+fUI77Ft1Ly2ZLgklFZ7H8Yfeo0tjv4A2xNsOY6OV0HHCZRctyPH1ggVIsvVLBEEaqw7ov+ZksshdiV8QJ//Qg5kM+rFh8pslJsjbQ0PDmRHPJP7A8995xvpidDW61TBlscKHtKoelUs0sMdzdl5TRFvoEStc1WspD3Ohv/Q6fsUaOQrvd6HE6+Z3R+kWyuLersDj2UKMGesAoWUWCa+YF2g2oMh1A39Q2GkZOCpg5UtZPhzvmQKUQOIE65y0Cmb6a5SEotGO7nh3e+mHdV6x8d+vu3TPEsPzkfhccWWoEn1ose2YzNEEuv7wu5RxRsI76d/sE0+JcXip3a7cXJbSWZZEAMVoqoKoVemNjjs3gjnufx97+SkimHVZ1QkMGTgmYDasDuU46h8Q489H2vI6tMfKmczhXoItMDNZJr4FZjC8ogrmskNf3/pOP20O6m08+NeDfLn122Rj2nnRnq1RZORPpvbsxNuJ9m8YymfNTidG5jYOzy2vGwLO7yPL7aMFs/q5Ai+tgZBggUrVuqQKAExJuTf+Uo/XQnX3gyVGKxd2BbEpfaBOuvIZSqNwRgiUIYJRGpTz0ISo95sDV0yqmldfcmIPdK+3J1++d05aj4+qlQDGAK1kSLJLX2thgF+JjdGsb0r98dq11Iy6YvOdYxNbZ+4xZPDHd6AKBCT/snRbcObHcTsuN0kMtbcpL4biUDNzOhsO+f9bh+RrNKGgoQ6gqk5GaDQTx4SVMxFsUVSj4KEG5Wo/jD6aKI77TRoOG1Qyf1u2v3tcamUNvF4rMYYJm9I602trNNI4/QYBfas+t8dUi/zutbCwGfA5+kdCbtpcWMz7Db5VpN+//2kkd6q61LXMTNgH5WCreik936k3Ny/EyeiOO6QNDNDSArN5gXINrUSIkh5dEUeVer2oaB71rZbu+va0+Oux+fR//83v3cSHtY9Ur8B2lIg88m9c+fOnUE2vahz8XaeQ3Ix+uI7zBz3kJZSxPnso9cYNXszmsBur3Ou+P6pzLo7gOVBEk/CMJweJTZCzM7zhxYff/+4dBYOI5CakC4vuvr4RApV5fO86uHN1c3TM4wvOmPyPInksPuy9PVxeziZtu+u/ri77riDHLnTZ70cy2ALCrahGZYTTKjwOEmSQGqI+s+/+uR1j2yOQXL/tob5BC4CEEn36Qpb90W0KvvU49jt1EPqZ04cFLdye3uXD4O9/f7LYTs5POtSXfi3wyD68vSZcU6V4mvsYLp5eR52hAGHlW5YdYJAhu2zJIjj6tHp4dCR8yxtxthMrBpA8Zg72Gls6TB9ldZsQ1qUnExD2PfxR6/3azsfwECPyLfzKy0BCwtWNdZj1E6PlXVzGk/CThjYEQquQdWZBjktv/f0QZ12r/Z5Pz47Kv96d3dVguIguhiz8xLpCoNqeWL70nfrYejQArRTjayT9vUQRXGYVKPpUB5jzWLsykR5l6hPqXheTYVgF8Qehu39z8iNs2IMlOLlcCzyGNxp/Frc8HEYazJe0G5pRXxaGAlG4l7VmbiadvtJ6SGm7fV6Pw378e6Ls7Mu7UArD0+CshGWLl+envXLtNdjHNZBCVYlJ3RaUX1eyKEhyqgZYMaq0f2gtq21AizXTCcnnlqs8m3Yoj59q209+rDxmIK0Al0QEhUh0S1lzUKduuGePq9wc8wObEewhQROM9fy7z/Al1FUqNVuy9dPzpPhbr9PW52CZGyLpNvfbR8fnU+nGITqivIEP1AL9/wKBxNcF+0lkyCXzigX3IXGtubDruOqy1eNikLHnUoN5Zxt0JJN6QASacG7tQIk2oUK9Ip09lXQOGBNtpIJ47Lclna2eSn2h++RbPevBWPUCULa/wKo6YRCy2QSOK4vpcWFT/8L3VbFVI5K3qtAGzVM3mHfpaituAoWxUu7yNYl7LAecG1bFajIUMSgKLL34VjXYP3PgpoP455jnmPTwGc1m1JPPzgYV1hO+2ajaX/4/uPb2qPbju463gVnhiqNc8FVfZwWVPHAOf60MBALSl7yhJombTPMN2uNbWWlXHpAVGkU6OeTJoOMosn1hRHQDWzM9LZpDM38lTjerXu2hZT9NV538MmmjOBvjmSkaHKh5dhG2k8xofi2li9UmM6FqLQkZClJHPQcyA0SN1URMas35LZrmHgCFc3OZoVofCoYzYzsk7EgViE9Wqj3jQVuMNdQO1W2Veb8D9FH/vsprenYBiwrPWkJy40YxF2noG2kLX3eQ2WgpuX+FJI8VlLhngtTANOSqrkGKxZ13HRkv8q1NMrEUVXZrzWIVGnBCQJlMenaoaRkW8iWj6TMrtqCkSw7dLU0bdiASt1/WcNaf60WORVmmMKXJjlgpKzrOXwjbenZbW02q6HM9UZaYTDucE9YTd+KfB/k0uQUmCIBteiMuMN/H+29fv7Rniq0wUQq+7lvhErHq6ewgnDhLy038JRf+/WqzCHEQf+iy8yXhnWIfkt7TpZ+KL/irgvTclkxTbUm6Au6ik5FY0830M5HvRr2L2DIlaotYpzEh67dnraTiS6tVdTjqjEFWjd9/vHnH1DtUZVVsCqANqgpYo4Opa0WViIJlptCSsFJwoexIeE6do5yXxV27/Pik1bWzGMJbGeGGNrrNWgNDefbxgUQ9ZZyGo7m6oy4DQqAkmlfbqAdbDXwcZ9/UvsosX5Jzm3dtb1jpMLupDqRkgtaIleps2rF1vuP97/6+QuabN++mY2agwFftk2xZrjCa5LjGrSiVeGcxltTNyUckDIyu469YVAa0ZZmXXIC86AxqhElCTWp3k4DOhikHUnWBTN0SzA5fHmTFNGDOczhPoQW7tHb/+Sv0faP6J+mMMPrsZMEzknVHu6i+154zSZHpGn2Dg5QTsJ482b2dvR2DkqWYaa3ddMWWn7kqxVLE6CWQO8yaDFP2ia5T+TMtQXsgnWJORqBEyJMqFebjch5aFXJSE+n+ZHODG6xsD+9uYxjwbjARUT3LVxuos0N8pj8P/9Jm3WsqGnp4Yt2MkwmWHN/8QrXLJVfeLPfoJMi7pFSzAVn9rDy5QKW1E1FKwBrRsmwnLR0sNM1YKbvNLVCVgFavjMHe84AWcPUX3He9uA9yMFxRnAWs1NSt+1IcmRdPoncr2/CYWwwS2dFT7J5aSNtfquBJZ/n+XzAHduzuC5odxaJltebUgrDa+Yba1HkHYkiiR6zGOX7vqFMKwSX8bB/VTo9xnhkig5XkwtXZUVEq/on/BY5ChVRyZq92Ww0as5hTDVY6zltJXqDcFVmoQcGq39zNTw6ipjgTAftxUZauqookr2eaT9auqUkFrJk6o7uQQ0x9B7lSopXsdKNHLkVCfVO9Hfr9DAaY6ZhH7Z1prc8PI+UeaCBl94Ck6rSy9KaA6JU0v4tdRarQ6HJ9HcZi/pXbex/NXTQtqxKvIm2qVFKhBL1vjZ6Ji8kJ1yyKxm4JbjnSd2d08BaWAZNNS6so69aomw18KWHBinTinZgeNPLL+P20VGIVvn4B5JQqdHnDUY1Zc0ZbcqYY49YSrlB0jNoS4p7eMLkbsnxJgFnCFtIYqqbaE+o8XlMvPdr2symTQGYzi9k6obgZqvS2FkNjgS3BF09s25bq9VUTlHkwnxyDrrJ11/H3Xh87DFTCrS0ZTdxWq3x4R6MCcrMmIb2IPmScidhu2VdlLuG6SRVJgzWkkb7vQ06ZtSF8tuomoy0g7dvLyLkeZ2oQ9VFr0VWng8INr/uuSvmjBcizsy2suVRkIQlhX864RXpfPO0fOQmSWgUhaSO22mqYMY1g6kY9H9kehajTOpptZPYMS7mbukGV1ZvSf3VxvUQxsiXkbg+/qCWJx1AartPc3RA2t55tBwtFNICskAHKUda0aLb+hSRDV3w6nDoWW69f9nlFjaQWYz7RdB6/rID4McDpdNDESFZxYRW6codotMaKH/eVdBtpDA3Tm9LwjCpjxHxY1Sr1drDToPWZNSNZt3LsVEZJIX8ZysJedlzORyiSLSmiAJvN5FJ/clLhwmnHp6AlCOe+qDNpsSb8NZFsBiu6VIyh+qf1aPy7iv80gStxc43z+VtLvSyy9SZgUW1P0DuKDWy4igRZsoVTYOBBedbl6EXlgmGQIxTT3Fzsss6XdsP4jaeaR13TzmzREarYB+AamqZMo8Xnk4fXi8fvrjp43t+yWRyXDEMJuLSZtopM+Zd18ivigVbONakQcqmAxLnhmE77WdcX+5BhLjJdPAugpQvMtq4NGT1YVydDJuMP7kqXXmKFq8g57iPV8RE693oBVGpDATXiujkvpfWBUxD2Nevyu0nQriWwY9vHlKC+8Wy9PN6EdkDnU5LdS/IZhEJxEVRZO6R7Z22MbxwNctX2xNBZmS4BSkX3VaUr+6G8vAbN2w3Zffq6rJ0ktLKVoFeek+5dRvSxa1UQCk92pjte27HlxJ/edaCNvQmLw6rSf96aLETGHazPv3wTQc5EyorXFMuuXJSg46iAWkagZDdkecbzW4cvmovPJm27mFobhaoOqPTy1pS6oAFrfyj1H9x1x2Hx3H3+pDqmQETFtIL6evv9mL4yhzVdj/dl9+SEHLuyHVd3xIyLeYLg8ZbZGV2+fDppa37R2dNNn7YV3ryH/Y8c3AA2CXn6ueKXKNc4OD9LaBx57gdqJmWBaFtI+TtaSUuC1KKFv93y0PKGnf7d4fHoRMj+/aYEIq2sGbMAocVYUaC8YjMVt9Kdm2nmsTH9F2+v6s5398lgTiOd4vBXQSDGHxBWMut5ZjNcurCtE2naVsgm2WzHjXXA/NB///D3p8DDemXtX6+VQSUg9d9Pve547wT0xbjK07tHkijQaC6y6zB+82y0WHCjDjbXTosFT/1PsB51U8GLS18WiVZcOQHt+/eQpgiFKaFNBWcRifKLtZPzkhBSrEk7VgwTThP0u6d3qRBDceHgmgteDLuoGS7CcNBDTDKqYzUiRtEYxAOhxivTwOfl3GE/s4mDColgXUFtIqIty9b3TvObHAvGAk2vYjWfs6uY6S7ZFUh+SZXT9vSnYkXVvjwGHS4zUStfINE6ze1grWMySHRKpI2EtQ/5k0wcbPV6Q6WnYlR0ooP63ZzPZ8L4QLR8aNJqyNnoHaeLMfHuZ2uJ6jbSN4zYkEKsQPBEXW2/vJlMH6/dFtpHI05W1xGOxDkS+9wYVDBBjhaSnKQYlFukT1QPB8AEpSlaKUac+COXMX1MIU7KFx6a+I03r6Jx25057U9l7Sh506H6JTvBIYzxfQLsmI8iQLHhRVFeQt2X9yH8IYwqnMFYYAiYlEVoKTwVtTaJE3Hf9qJRoqSXjaxf/m21X4umlF876HQ5bhoCIu6ZDn1BIWrSg+LXAc6waP48fCRgLiFiyJaE5cX9xpZYxMzzXDGDZNiMuPB2DEd37+vNGMfVpyb5KyyWHpNlFliNmS81+V591ma7xVWCMAadmsPG723sTIOGpuhxzz7Mtv6UQNOc2VEwUPyH5yWzgt3pJOVL/nDBgZLOx5ymhPUc0E/U5rmfO7MMeYctcN9Ek3Uorkeqg5a1bhnsnD6/n13YD7pcnZluvAg2aviLCdxHDmAIxviIK+YeBByMAKHHaWNpodZWtglZCRLoVqAOlh7b99rysRv2T2V7S+d3a8booj1Ohc4K4VCKCCBw8FLzmPyxFV87/79e+PxBKKJBMVHMAQONkrJsGp6iqTlV3EjsV/53W7UuvNSoUY8aHVm6V6ENIPIbVL2aXAAihAVWc15b9FPXrx4UQ2os9kCBVbSwpX1sd1gYuLG9k5hgwtp7fi+ToEAT7w0qTL6nSC4/EBE4PdHfmA+hAWxt5B0hBDfxlPCYuaTBlyYkHfsTSTGiA2T6GUnaPkTTTEQmgWE9DTrHFIV8/1uNMpns6/2lOYlLTmIeNrVTYzl6XPOnl0+EHmmF2mAGgpD4juTQU+4MAdSJS9Owsa5kJRCzjbuGfeHvddzI/I7b4dOK0DptWAWWYkc1T4ssiRJt2lqfz/MsE/G5V7DfvHE7iseatvLZSO7cbRSirjl5EngEZtWSm6TmSviFVEmGaLoTUV5B61wx+bgTq9vXEXReNNz45DBtDX92PjE0dG4lPy9RrpZXpkGTHu5XmiKxig66CTlqyo+Q9yWkz3wdtwod9Mu9egmMvdF/LoxfBoxD8W8t2k4jCuByapCifsxcaZKXDqhcKOJ6Rosv/ZjtlWXM5kMwj3SsUhfQZbnqu/Dw5Ls7cBjakGrUx+vuXn9amixJloMd97abdVQdgNehW0niwxKsmyWJrNZ+uxM2y1es22KkpzMkiTJFokvbziKOlfRaGYjU2bp9gcc5LBCWGhLWB2q1bb1JjNOgy9J6Do5QwxtsqOToOA2Y/utydQgctyevWQGFQx+Sp/66y0tJAlSW2BakYeHXHp4P0qQQkjnSnEolXwJjhxbe6a/zH5scPImywZMl1X6F6QnCdlgRllsVhir/q+az5J0X9Bq8g7Y9Vp2i7mOOXTeZIyD9byqoVYa+SWE+Hiu59UNDlGS+Hr91gXgvG3uQfujmkpchX2u9CxnUBM+e5Ycpiu/LXTAyaeieSEPNaWk1UHLfTPGEMGG2LxtKYag4FKpdVSCtcosq0a9kMixLEUBEtIBq7K6LE2Y08X22s9oxMhOn8Nm1aFkySzLeofBaL8fzQVoTx5tna7/aFzhu5Psmd0fLg0hNLghcOuyoGNV8CXppCL9og3PIHIJMR9N88Mi+elZi/aSPKOOq/bQlMkWvX4emGsRasRW0EGWYpU6Xb2uHI2riOUEt2SxexVcwURqhbYGDFWLRilFqkxePqlqDOejXS/5FX/Nc6D71xqsWK4ByQFAp67rfA8xl5dMxtWMezH9SYkpNPLjGmsdWKkKW9hT7iXGtblf5fkBTZFrv0wLzmrCVRc68X1JFVzpH7Isq9SR47lNsFI4/QattBxUbqjSjMQYzvf7Zb5Isl/IKAvkIN8HpinI386l1hH1M4/D+hm0PKQgPrXMNK7L3d+SBSF7qF9kPd9Np3l/schm1369tqtmW/Bj+7WOeoKsSoOwINWKGSVSEmv6MeRajGTVAdWSEPUuOjP83QDD8RB2fq+2uzbV3/xYNMsrqSBq35cErtUTijxWt445VzCWNyGhEB6MmOd9akhd+4N61h3kq3kb0ETNv4nFSVgW73hUgU+49VbYsSB6a/hpfuj3M7QO7Wt/UVs0lhaN1QjU0PPwR8VJBE/MKjsWxdDcrVb5oJ+hvfuP/EthnTrL8im0KrVc7Xzf3wdz0rqUuTapw4ZKnPyK1HFtCh/NB1mapttr/4FSahgXyvBa9KHDAMpPIiDsOPQXSVX4Oo4F5va/AP3v9RHObhou1wmQ7gAAAABJRU5ErkJggg==','2023-09-18',2),(12,'CAE-5471',13,1,1,1,NULL,1,5,'4',6,NULL,39000,39100,NULL,1,1,1,NULL,NULL,NULL,'2024-05-09',NULL,NULL,NULL,NULL,1,_binary 'data:image/png;base64,iVBORw0KGgoAAAANSUhEUgAAAO0AAABpCAMAAADhslRzAAABLFBMVEUAAAAMDAwAAADi4+YGBgYRERHl5ujf4eMgICDn6OrNztDc3uDZ2tvo6ewWFhYrKysmJiba3N7O0NP9/v7ExMXu8PNBQECJh4b4+ftycXHr7O83Nzd3dnbU1tjR09ViYmLKy80aGhr09fiRj45nZ2dsbGzW2NrHyct7e3tdXV07OzxQUFAwMDAyMjKkoqFLS0uzsbCop6dYWFh/f39GRka/vr25uLeurKzy8/THxsWMi4ufn5+Tk5JTVFWDgoGZmJidm5qXlZTS0dDY19bs6+u2u7/e39/c3dzk5OSwtLmorbK7wMWfpaqPlZrMycfQzMqFio+AhYlnbXKWnKJtcnfo5+ddYmiJjpNWW2D59fU+Q0jRg2ipUlSzmJbKt7bv4+Torovrv7RoFx700NR+zf3mAAAAAXRSTlMAQObYZgAAIflJREFUeNrsmIlymlAUhu0wI1W0rQJeIIgOoIC2yKIii4Aa07p1S5su7/8gPeeaJu0LJOlMv6E6tjrTL/9/zsVU/vNU4CV9IYqKIooLXeIr/zw8RYJLknRUQzEdLl0Sq5wmHLa3HA5Wu8WI/4wzry8UptFot7Uhx9QUFFNqzD0sw7L4xOJTldXqwna3Fay2pnWHw25Xq1uWcBCsRlV86sa8rmjbY7rf7Q+HNvuuWqVyDNq9Y+65e1nlutpuJ7SvmFqzVqtS6IdaQ5C2hk298mThlcP16eRuhe5XcQGNvWehLwD9bxaiovPd4/btJWRfFSWJfgQfxcsmSL+76tatdlWqPEX46vG02/VZ+G9DlVtaHQp52O52uz3g37Kn7HY4oYI2PH08rkWFZRd809pfF6eiOF0fj3uhyym4uGrVdzARrWblyVHdHY+zDduwtvtjWmbJp9C2VVWWBwPzN7178OXgi+289HmGU3jrdDMedZDpaDIe33z+El7vtwKjS4vLd9yQeWL5SsL3dDb3C4PkeR6CqB3SRzT+GxkuCv1BkK9NbiF+G72ZOCb8hTyZ9ALTdJZBMF4ub8LT3gLjGtdSnpCvKOzdyM8MSgIX/CHoiWZ5Qv4gOUOAPLcHa6m1UG5eBigPb87lkbPsYQloFZzpeHnzcctIl41W7YksLMm6Ln03LYoVAKrEyFYrQrODKzR+axpABv9UFEVZpqnrp2rEM5f659cYKwDZZtOJ45gIvjQHwciZTG4KTmIbDbHyBGhel56flsUqgxqHoOoWIKjK59qGJMcYw7MtdaWmkTef++WVyPKnV6ZsUmTVzHoXveBusGXVHo2J7EyXOx6O8Mc/f/ntN3/ulqga5kYZzQStXya0vXcNNpKsMBJ0LUoQRdNZHH+Io/cSJ1kXgek4VG+gDuxw5ARnVYqqvu7ltt27OPFV7dHDbZ4MLwJZI7cTdy6stXp/EyU5gZjJPWE6LxJ0dV3f82az+P2H9WYteFcKw3+5sFVYZjm8P8nlQTaZBA62GlDh2e69UW01l1/avLJ93HB561M596HEJF9FApywcRzXhSKxE1hBt750Wl2vzIrUdeczSBVMN5tho+7FOsvvXvZCKMUqAwoCVXYueksMlvrCUzid5qpM7Bc232Yqjwh/tCPPLQsjN+Z1zRIEAWw3EVYa9u3KhZVFktXK9Tx8G85qrH1A10Zj01hb0ZXI8J8vZJxYgzad2Cax38BWprYIzu6oZ8tyIj/LeO0RwxU/EtpiQqJ+OxaAc7RETQict66LswvCJPW8eeR7GOtwQ12Buj/XGcka9WQQGqiZgeSyTDpjmFzEhC6Drj0ehbDujM5ywV5WHgs2NGAXF0a4mmGut7Zdj4RhEtpqEmWEbiYoaTSbgStM64Z72wDZrqb1D+5bWMjh6/NJOyAZvjlXTSPoOIGDe6s3wNGFVo96eGx31AX3WGuZF9QSW0xyv16nqtTW6qdEJgQWS+FjOWEzldDhOJ7TzdR4S13X8JHSk5hFfeSo6ITZAVjlZAA3GM4f4ZrqeCoDL0udazzO5PJH1QfZVU7mWnzraoGtNiehCpea+ykGCycOzqvwHnbTeoOga78/87I17Khvr2RExXDpiR0OwrwTBIFDfQdUV3Y6cBQHF5bIccPHuKOSTmEEI5uFhrCmpjPhdkf5uZwTyMqIwBZlo4iW+Czb3aAr/Hi8xJeYprKcwNSaTg8XVWjnGQ5u0hnfV5lOrtlZmuqbnsJyHNd6+C7rn3LcT0ZY9OvCH8COynKZ5GC7ilyoceqCK8rCKga0NXWFKU7VWGL54yvYUYEMHTCIOZ2Ow5LIZjae3to651PIVKeTwfi5pzc4jm1UKw8Kzyu2MaeybtvCXOlF6UahamO0oev7q1Xq4iZGWWpbr/ctUJ17XiobEsPyn18HcmB8xa+yl5tZOXCIofYMOrgAzRayH6jL6fiFLWK0LNtYVB4OqSa11dXcR1l/DZ38O9s0HJAc6kd830sLKgv9fo+6H/oQK6hGvp8SJ+bZhfYTSpvwUhNQdJ6/jO0gNIkMt8oOcm4ypD99NTLEZoulcA93AyleSZZaomz2W3Z2fkDqsyyUE/wSn4FUSns8A1e0ff9eoK7w0ZIEtl5j+Y/PJxNzI139/j2VwosZJKl2cCnTNRWMJ53psidnsVRrcewD64qcdFBdlF2F6d0yRlfEehuFcki/2BplUdzd/2O4Mc3Vw08aRO64PFtVJq9HF4UOmlWkVqsxOl/2ZDIJwHU56YwgejmLYlaUoMbsHVztx0PsKomTfvFqJupJA1EUtkxLIAtbGAhhNUASoIDsWFrQSoFq61q3z13f/x08d8Ii7tbqKYWS0JB/zp07Mzc5ybSoz06Sh6g7reUUZEpChVsI5CRg3U7yFsKYOi0yNUTdFcY2RrQaTNXyCy4ZJ5F0OHLLAO0aQ9HlUrnYrCf2q81853b/GKAoODNJWRsLSeabV++u/XO95Pce9W7ipLGEdSTwgfCOqszU3LHTB0pRrPPG9DwSvgpjHcTAytjJ4UEyU0kf6pKkZ/Yi1e6hrvnNoVdqHHI/fx6Go3l3dKMwswCqMQ9xyRmF8Dd/+/o/4Or3MskiLWVdzH28aoubylcQdOFwJJyuo5CGU6Wx86B4OAEwBlvSYEC1jUP8yxiFqkotcdNgPJa+HiiVa6OYc3p2fvDIfYxyVDWcH08Gx1NLB6j0hYhUhYhViTLt9etXL6/9W+mn1Vo61MV4SKsTjPqVSq1aTe/vpyPXQ3uBdLie3g+Fu4l0uNkW+bQjqk+YNKfKaJNas9tFc6TTgbKO4Wfi290LR/Z2A9d3fWvluQ5Q/xaotCSFrcLkbHRmvHn96tO1fyWcwhBR1Wv1CgX5fk9W1fl8tpjN8eqfcs6nT+nNXMUCJyfLxw7yFvXUeIGiWPTYVqshRKlrVEBq0uRGJeDz7QYCkXSi2UbzIF7iOt/CpJ8Nq9gmNjD2+uOHa/9CHijkZ0OdSvxDi5skzXsmmdwT9pEMT7r3Yi0lNpEMBkmmbuRa40omOerJsjpbTLmFPV/AwkqBRiJWRu+9DaoZ+/ju6kEpTwjSbxX8rjY7telUo2wa9WzxDoL9dPFHY0KapXPVVqPYiT1sgwoihZFWuCC3VWUq0bFUVVGzmnnFqC+5fyFIfxN1I5CaGs5UtXGKEkjIfvyKxtCsQoEzj0WceEyWYzlV2ZAC34/A4aafsD1j1Zxt2yCmdzZCO8uvEnXImdAfYkJExaQodTWAghvShNAIGuxWnKhJFjP6lGJHo1jc52wQQWQc0zg6AX2/IkghonVw7ShLW4gZH9OvLIDNFeqvWckxeqxRGfMCkexZk0LAJkSJRU1zaa2IUjLTJtPIVEaDL7FyptCmldAWtpyVovgIlIsiPxpXNIcIEujv2UqGeRK4y87HgLYUYWrETXvomPg8W0pRYO5qLM3awlSQWpbmFFTKUhtYiF7IVDJXVqNZ6ypYDW3lK/sdYzfyYFeWci6ekYQtTrMkgappOOpahAk3JTzbiF9zKG5UGOL7bSfHhqotODcS45D3yNrRLL+qGAbobzm7zUq+CURPdO7Bwj1cq8XEUdU5PrA89gqWDEMgI0H5gUoamhTAuZhqO04Obm4wSd5fdjYq2kfS/9JWTt58Dzb4c9blW3MpTi5xWz59Mjm4PRqNUG7Kj7TgmnRFC0kiKS1nyRrzcls2jkvcPRXcJMWTxLzUl1UZvoghQxt/xbpQ2eL7xv6YdKPlhEPjOkiVk9Z5cdS4IS+mL4e5s4tSuRu32JeShNg06LcgIqXxSsQpvI4VFMYEIeLFk8nR9yXAaji+6jezsb8J5eFTeUa+fgv7a1JiXRYgDL8DS89G/TtchwzNdk7evikepabaNiqkaAYCfGhqGFftLFBX05Agjsaxna+FeBkCV4tGua49cS/ce9pi/he08UXhW1DSr1k9gW4Yu3t6cnbj5lNwTudOP37vxt03b169ej+qzSxpG1WsZYKaosBUcCqCEg4Cazn1tIZoLW+qatBGjmYJGvpJqZLqlEuOXrg8LH9a6GlsBfuHzEGYpLPThxedMxmnyI/7rWJx4uJugpP3r6C3L3q6As4tUQryco605ORAEqS6J2sI12kwthUEDWiDmFuf11BoT6J8ZTmXp53Pb95QgmwtP/sV9JqUw4L4w2eli9vx6Uul10ApJlm8IceDvXH5cf/9a8CiMPOV6BtoqmCrIpOvlhQeKA1DElOysQIkU6kyZujo2xiPn3cPimINmZdzl6edLeaDuEGYq58V9k+78RTnFh1dlEqd1oPFsTwQt5UkcVlPPZ7p+q1O++Leh8Gzhs6+XJeD1U+d01SyquTnpgdriUUTDARmTiZIObaWk9UtE3Ps0yZV+cooRNZayuVpszqPD7jJ1lqD47HWFrHfRNCenLuP3Un/zjzexxq2f3BULuePjrrJYqWTid/Oj0vtUaq1cZbmgJplgc2CU1xhQy8FWaJbsqgdE5Q50oZVBq5kBTUpmyl1Ms1wKNAtHY1z1qVpe0OUcxumR7aNvO33ymqgmqePHl8c9lU13jgc52+Nkpn+YTjdrIYCvlJqb9+X6eTL7UTp2PiCVbJ0++5D1314qplsaFgGgXMaW3KxFSe0ghTwEF7xee28Ms6kfaREvu1Il4VV7w90vVDO6UKbO01pZAn6t9gJlXFdPbvIuMXB/cIkEbiebw0ytbabj9TT4Wp9LxAKx0uB/Vok0Sk2zKGtrEpL0aFx4tZwD1izWXMLfpsZOlVP7Rx4lqAbU4lxrZhjcxZDsbnuE9qtNQeLy+Yo3UzK+mBUfnROt961MJDgNlK0tI1ViRdohpC+FD87f9gMFftFt9hooyZV6R2kIzW3Uu0GfKGdUNjXTQX2fL7w7YXFsP5eFh2YEbuo7ze9u6FqpZiEGaWhxAorS2MA3cjruxtzGZ8cjbu+pSKJA/+labVeMd7vUqPt7u7s7IUCAdTUqMSW7h5VSrCxM34EPXxOzXHXeexynY99kVQ5efuwHfL53E5kz1dvJsopXJQX7V+vlxpzK0j1FuBCqmY9qYdr3uU7EB+lFMkxWXwrelcC3RYttmTVcjsfWtHuVMfZS9IWjKDUAyzR0q9A3tlFjSyRhkXbot2+Zm82573qbr2UR40xEI6kq+lqIp9MZcZuqZ13G/E7yNd+FbCCFA9uPg7QtVnCFapNzFyssDZ0G5W0TSud1PL7vp1A/bpnrnt8OVi9h1FgUUnjlonEzh5ph2B3Ku7AxX0idfDhrdAG2XVyT6fJ0O5RObKXQKU1jBDNHGBWMbjJxZjJ7BUr4dqfmzkXrsSNKI43IYERMBMFBiGBEHmThEB4qYj4qrpb2+5uu4/6/T9I/3ci4KPbnkPbbf962BWPml/uY+beO1BILVi4iKKFtyBFmFhG+R2gVr/CWqvJxzVu+XPPUzQeOZGvQkZpywX3Ol3ZOahpHO2/QdwPH/cCk5XQOVZVlt4RgNtIVXyY0YrqU6ypdxEcwBRe8/R89nMmITd7ZerApPAQVzBxdyWZ9JjnLTwv7AXct4SHyVZYL/+xD8e0K8W0lYojuMq80GWCkSs7W+bkn1Lp7EHFAhMbO83OGY6H4MTiIFAnl8K5XfAJFk9bHl+iw3jIZ1S73s07GAlNb4bFSfp2h54pU+NNCqDUY9rbKFn+wsIQrIGhybAzkQ+iqJYg2teoBPuCNvGmN9Y1MVZc1+AKfkU3u12td4ueT7l8FsckPSgG1pLiwryZR4NrTR11TovyFMU5qtXz+fKs5CyExaKiWAxucrTLSbUqlQpVbGvCDa007cFID0ErXHUlQywisSzQyvOalWBf4JaXPFDYmOm6pptk3HFiK9qrXKVWvTn63pQ3fR2YbpHy1nihF63HZ2Q0y0wm1fTG2VyyhZahRAWs1KpyS21gK4U3NBHwLCW+ofSh6pixOK3W/l/Ath9xEw2TaYjccWNs6Bw/3zvazrQHhXQ1e5gds67FFDDFbPAVLIzzTgRY19QVyQpahTEXi5TqNcTHHEhJEhefMeoNlW/YB5KkX98kHngoQmt9J+Os6oViukO0rxNxjNmWw9JaGw+VtDB1vcctNAkilRZza6vmRTq3cwRXTpbrAue9lg5nTCcbQpol4DSQzMib6yTxkvj5oFppVVaSxl2PBXbKKWDGMbx/8M7FxMtSyK4bwVLWaTld/QosQKutrKyXsu128p6Zisld+6LSdrjmwrZbOfJlLlHYxdp9UB2r1sI+GUGoZJpOFFrG48oLmz7Kwiz67GTZP232BrlqZSOgyvImVnI3EZPi2dZdO7DG40BRFdIGmIVWI1WtvoYla+5nqVaS/Sv4SXqnozOF83Fp9HHoeRoGg952YZvENDVTrVwnzjWZLXtjD5mZzhefUGpanmLySqJj9POb3NF1KpOe5MOL3BO7xkbd1E47O+sgzlQPbXcseoDVaZNmMn1t3N44n6m+hG2302jOocqSbbdbdJ2r2UolNBCufi8a3QydJkO4LbZbbU9z6GhXYuM+kUJXxjmngaOzPiGNiTIzdFV0i7lMpbViJdSNqCbcaz3CprKpthUIy2Q+J1Rmmj5/5DUF7+9Wn607hJqg4UqGfIUmmK19vNam2g4MnZkh58VKs4O9qbKlbXPNdi6VwN3bKc/huavdIzbLbhy/9Ag9CTiVlUaFBCI1NusGVfYI4X4oRQlVOnf18L0hLEyyTcPgJOBa5uMqxE7KsOw6Vtv7NFJBgruVUQGrEioqlMO3hquYRhjxk4HozL0taaFzm8YuuPbDigjnzZABhwRCItMM2kpqCn3S1xCz7bsyTd2kWTekO8l4etOqVVYHB2CjquA9y9Tx63RD1hsmM3tyMVIs1tldw7bTe+gVA1VGBf1gug3SfHoP5e8XBY6si0Z0htU/Wuhb0+a9OVopuPS7wtxyhvmZg6UhMF3Y9ZVgctcMGvZVoRqzrknRMGtV0KTd//7+l7fZWjUTwyYrhXvDsjiidiWXfNIShMtZM7n/aNZKareMUN27SVCjvAKjQu1KIrP/5vMn3zVRSOpht9nF+fTQMxQ12o423YyqhynMnapHyS52wREdmKgv8YKts44tz0xEIbIMLnkxqNWq2erQ+elIunEWISpJE9kWuKs//NL50uPcVe1yrZLJwkC41sIH0DJtnYwVsrDPA4GvmRndVtOSNUlWzaRi0lqbSFupROv7HxsPDMs7Y8gjxnjsOJ1wXHf0rWmnTTHKkStji5HvxSbUGe8hOTVKVNkWZXbG3nEwqHeaotScHMawdxhj0TzjNplsv30HUAVMgRdwtVNoZ4HaqqBkD3hgUhDoftgNA068im6aPYFdiy9q2XQtn06Ud+WhCmrY5KFaNZVs/fDLrx7X4U2MuczQkJS9MCqFod0/xW67uxXsYfZdj9cOblq4tGRhGCjKa/8FheG6rvyO60wPKqTsbaJcTrUSyf3vP3+ydOQul6N0fWC9HlP7O7VEpQod/aj7PkP+7S6nfZzKr5csmfhM7nHcAGuSqbWrBdniWNk0nUlk029HC1+H2zOIHnQNyaNb7KCgZuMuU7akvT4oOKqTS7SqFeCWJ8Vmd+xzhrAlvSLv2dOjeN3J3MLTEtVfPlj4224YWN3Su86v77+Mfb1nKrW9dKUC3sIHhXNNc/rTSRftlaLZnHUMwmVWpKig3avVEkm0pogUo71MIrVPfuJquMFEqri0bDEF0hb1zjhaOP0+09TplkVBrjCyfjrK7l+ilbBXvk3jZT2T2UVxVGpEXihD1vexbiCV+mJRPy63YtNiXp7Ze2/RGiW4OMORsNl5yf7keV7DD9RFuUawN1WLcc09HS6nJdVvTBeqFg6WHLiaGQnVtCbZ2n6ckWpXqZ1E+s37hqBAdYGqkw+IwIBxXQp8l1vntuje5PKa2HIMNEnkjnJXx4nEbYXa1hicprCRScjR6uVPeTq5N8HhJyn8m6UK/BE2kR4D1eTcUHs/fl72l8XSAnbmD7rL1YtElUx7r5uGOZx5ZxOu+qMZLW/e+dIErs4bqGomWdmmqOCsTfv+3acekRqg02FbLrzS7LKpGAAHLUpb9fz4vGEX5mrxu+00K5YPyoXE7eOBlkpVJskaeiMgipfRnd31EYtyNl0lVW4B22aqrpMdmKFQjOEqTdHFafHZVUvp5CoUth80xvp1zopTXxPLcw20bmd4qqu65nZDVRy3LjNYvtrD9196hqLpRIblyrC8Zn2A82Uzu8cNJmszUKtiOW/4+VP1fDvYw35vieZKfEZAEt/Ex8/kTgl79tcNMbh89RaWv49TmMG4iJoYiMxn0+Orj4c50pewsFtFpZ70FL1bwlpzNunyxsymHxgPhhNbxfWbCza+Pszkf/n1i+XGmVBHBcIx2RrW8Nq3Yb3k+aZluTo9DTGrUS/2+ElTG2w5AdoNg/peal/ua6kfSno6eHzUbfapblPZdmbonNSX/cHx1c3dxwIh0iRuJ5VJHuw9KLe5fRRzN21umOiaUcu5adkDD7Sij3OeU4u2G8ISb98tAkM2dWFZ1RB49Uj+8io9XdpIlsgVjJ7XVEmLUBifNgOr4WlbTvjucumA9fq3+QkWPcycUuTMq6oGkhbfaDWEzWBrcRgTYq68I0+9ycNOGCn/cB+ox7lqDV5Q+EUzGa3fppiVxLCPdSocHM9HxcGIaNnYNHSEKZA0hYWNs+H0OD/AqhBaSIs8gG9L94Ekbc/z+8Kzm5aS3HIon87tW6KWuUzsf/4wWr5980O6RTs+cu0M/Jm0tnpird0CRoxJCQ5KcCapbkm/uX/3YYE98CzXasPn0wUb5hLM15SgfubcOcjI03zRVM3GkBOuxQ2qi3SGXvT5bDY/c0JhcSmvMyvM1qxxk5ex0gVzsrZubXuO5jibw+D2svBDqJIUlz94Xxq/dt7/eP8G7yzSytAsWR7bk3BwaQpoqtNbtE+miV8C5w3u33U+fHngSDEwUz+XaVM3qZoZa4qY9esdXWkOBxNL9QYz+juWP3KI1gxMyAojvLStGVo+5z4UhN2zCb1obwnCtej/1mnHD/OOfvbdlrrKpHdb6fJbFGEv6wCFmdx6WHz60MFMZDm/p/lQGwip9hTn8KZv3vzww9v5j+86n8YWj/OIrJasQS4FWCjb5rornJNRg6mLvi2c7qCuU6nXWdpN+gEj4HBY4aEk5JAf4IuwUZwPprNzvLxzaTeiSDwBNhvRom5b/nRb2nm2jP7l9xzJVZF3kBS3VF5KLjY8GHfayWOqOhGfCvDW3qbQ7rrUv85V8oCFEm9cl4lGw14yldsOb9a7nuV1zgeTwk6RFhUd0bkC9amrLt8cAYhSCwe79HpRV9e0RtAtzoXgR9vS2mKWylUC5E19RauQ4gFJzP2Sni1z1/uo7yaRAlJaCHnolM6Gx5c3SM6JdLsW0xY+a0xhUcPudAKvVJ/NRgrvz/ACt/y8f2Go+EFY1gcocANLjDFMEEL0VrKkxkxbSzctT+Dj4Pq33Ha0Blt8wHoASZI1rQSmR/LPZwK3VzlM1/YLufzFKRahyfHV9cEBjQtQrqXbK9jaQVNlWncqLLs4HJ2dOlHRQRlkwuDeomHGgRuQYQl1LAgvkPJJfKUNLbyHC8u1p/mPB1tlqSjg2NQLgRRhMpcMDK2zvi7BjZjcADgJFleNNwfZWm2/LBfZcjIDSqpTQUpCgrq6KxwWkKTCE9tqcse2Qt7jQa2rcLqlQfOEbEvbznh2KgH5RuZajLsbWkXBNZr2yfRuK9pr4XOGeSQ8aIzbK/B35aLuopxc91bXBpe+jfLIwCDVPtyVZG1SXmJiOHV7gwE3Vebpt8v3DzrTGtNGc26KotNhnhmcnDRNWT+P5jpoXdPyXxGy50JoY5leJ2akirA4uCpsd0A3YCahufLXBhbmdyTCBjddAYOInfxZksM20u177dwdvSgtKU850l46sbePt4t6+/nXT4sH2Vh0meYMhoPhcJCeTkZMdNwwf2rQbrN+ClrNZWYM9AzU3HxAHALkZpPB6+2dbU85ThyGe0xA0lkNJrG5T+C9mFvEGUPGE4cer0t1l0B7e//Lj5/fve/8+uHTl8VDgN/zGP86biEKhUZxVBx1kGaHnehqaHneYCAwX5rYuHUx7QZ4BRlzcsin6wg426RI3RtcI0NtreulQVbTDZK+kjS3/KMxesw+phMii2hBc+dIBFx7sVTJWNeNlVzsoZBFVaGrbGg1bkuDjhpMp45ychzFyXxjzLVWoMHG03py42GNu515+m+/7gmH9c67OiLiqZRYMTrZaRVFK38fh97YRJEW6xHPZSu5BqT1BqzXFXVT7eawzioN1ENiNrwYnAu5fMespGeg/uZPeDi70Gjao/r5IH+LaP2HdF3crLSSNv74I635GOdMWZlyA8piX4cja0Gemf3ThibOm6K/VPQmwjka9udFakNS2f7MtBtSAl1QH7BTPJ0PpxN0Nsqw6j+oibbSmkp5Tvzya7kbMvTYqjHtxrp4Bnl92FQVlLd9oRr9pmF0BUbDo4t+Q1v12KCNUTekXQc1c70/AOfNDg4GfvePa/Zi5kjcfylmusD9ilyttFQBO2QaC/NCU7ySqrHm+YWvy6IWiu0qUZ+SwqSD/CVA17umfwH3KyJun/2hXyO9KfrXhHtR99XmgKvctQempvoIYVEfOjqTjgy9QCXvRZDOcJzj47/9xo4Tpn2FVxENr0dzOsrbz3GlXoZ2vOPUXN3rO8MI3/aHtL9XTor8/LJjchSGRjzz26AuIpqlXqCmr9yV4bz/uj46ivaHsKa/WhNJCMkV9SbUAfdc9F3ORu0FwDUnv8AirC6mg/Lc9DlNEc2YFbFKqF2kpBMY9fLm+gik30Z574+mBQSIz5hypc0CTaz0xYYekpNB3TLsuqnpzrzfUzic4zQ3QGGokGmlB69RcQZ02r66o0D9Nsod3bSnI668go03RqSXC/KTr1dFA/R0Gx8YpYFd6p+fWVxR7GH/gouuqyJqg0dUr9uwi0tE6s013PcbCYdna7Ni13KpQn+1P1pttWLcVWg+/c+zQvGJL7NAD+fTi7N++qJn164binAYjfp8qkXIqjZ6Uvnq3Td8s9ncYTI9OC0tLPOZO77YUKxhV3wv/qPLf6ENLsR8g41L83w2Mxl0aMLOVJoEjMUYVu2czAfH2Y+I1G+ng2R+Pmp4wqeCSBK9yq8glayvbLshfsa/waUtiG4EVFjoCg+FQbCm53WbnfpwSv4Lo35LFfL1RhTK3bf5uMclutfaPPeE7bX058kacNzVqQrwA6ZIy8KqF7M8khKM+q1Vzp+WnMgj3oADWBJDL0hf34KY7RXrBpfCnjIYY/EsVsEzus6bxX4+u3MEo/4HOrg7HmLw3l3ICeamigfyV/UUWX/lzaTnay9Bg57gRXHYvvuG/vs6Id+0B/OTThMWJmDZBwSxZP6aXnMD6GnMg+2ZVEnNnH4bXbT/VLmjnWx72j8t2kQcCmE9Isdif6LX4EbMHJ+/ei5FnOTv/g9vmntweH1TzU+HF8VOqUFeLdtT64anLz/WMjd6Bg50Sb/hldLwqfOoOPlfoK7fzeM6dVWbDPoXJyObjg958j1XpHpS1kaPrd8NPfsDmdyns5Ol4nz6bd5M9XfxSdLuBSfeuQAAAABJRU5ErkJggg==','2023-09-18',2),(13,'ABL-8695',8,1,1,1,6,1,7,'6',8,NULL,43000,43000,NULL,1,1,1,NULL,NULL,NULL,'2024-08-16','2025-05-13',NULL,NULL,NULL,1,_binary 'data:image/png;base64,iVBORw0KGgoAAAANSUhEUgAAAOoAAABpCAMAAAADbk8KAAABTVBMVEUAAAAAAQHq7e8TFhUZHR3l6evh5urz9fbEz9T///8sMjIfIyMNEA8ICwqcp6ze4+dpdXd6g4bt7/FLVVajrrMjKCfb4ORbZWdhbnByfYA8RUaBiIrv8vQnLCy9yM9CSUoyODlTXV45QED7/P2/y9GDjpHW3eGJlJhEUFL3+Pq6xcuwvMJTWFljaWqsuL6Rm58zPT6XoqdHTU7O2N23wsjL1NmVn6NUYWJ1eXq0v8bI0tamsrmfqq+qtbvi4uPS2t6SmJnx8fFwcHDb29uOj5CvsK/R0tLKzc7U1ti1t7inqamfoKDBwsLHyMm8vb3l7/XX4+rExsfT3+bG09rs9PnO3OSOnqa5v8KssrXd6vHy/f/n9fulmpl5EBa/z9qohIrT6O+vw8+mv8h6WF2XZluKNDtDBgiPtcK4n6S1c3ntc3icQkzQxsrivsBtSlGcdWIsAAAAAXRSTlMAQObYZgAAJBVJREFUeNrcmnlb2lgUxs1KEraEQAgJkAVCAEEiq6IUpnVEnVpcq7XT2fft+/85702Aqc7yOPPM/jZmgRjzyzn3nHNPuvGvVOXddrutezfzo2caF6ts/H91ylLByHEkhsnZtm1YVqutdE5On9GNjf+MGtrh4ZyrNCrib53kUBSbSyYp++joxXuzg518140nqSQbz0ndrnNw8mJ+OH/2jrjxL9Y8z1IQU7INNb9jHrx3cjyfHx/fvrh5cXpUq001nqMzmczNbDb0lcJOflZs0E8ysZUDmxTUcsk6weYMZzbf+JfqUDe6zlMAvnv7fH44rU3TNMdNj/g0RN/VzssaT/Z5WlwrxtONDE1z2nRQ0/gTo2uzJxjI/JMTBkYuBfnYxr9KolhpxDIZ/vxUg+NCd3dXrxevXvH8GXRx3busCtW8vi9wdGMNWamID4WPFppQ1hb0gD8y2UQSPs0cbfw7VGk0GrEizfFpMKUXC742HQhCtdzv93c3tyaTvSy0v5/NTtR6c1GsiJV5Z2fUdW0plB1YqtPeMWfvHZ8fpWNrZiAvrhbT5v7Bjmo/2fjHJcKSxUy6J5Sbzebu1l52e+aZhYLczo9aat2y3ABApVIuF4/n4oxzfZYRY7MS9atKxO1uW5mdvDifz4/oyoo6PeYQ4v5JVQ5v5kJzK5vq+L4HRFnP5x1VVev1umUYLjiJ5UJQlmUo9ZLPiC8SBEiy7SAIXCw2E2dL4Xm5OMskV8wMzG05T72Tm2kRsLSm1f7BFCTeKp1JduhDQA2NKet6fgR7qmC1DAgwIS+AGbd5QYunhMLAl0TYdi02F8+5FtTt1rtW+IjYHJsMDFuKMwzDSt1R4VzM8Frvn6oxGu85emqyPdweDjsgNRWQ6joc13FAukRx16iwWepCE58lqJJhGW7EaVh1Vc3FpZJbBycBtbCpj2w3z0gq9i3IleIJdiYWaY3f+EdEW9Z2eZ9wDjszYlNTIaAgDW2KBUBB6L+lUrwk5RL6tSY2SpRkuSEkmCC15QRsILmqo7ZaaiTsu3rAYGf1Sctib0Vko41/QOKJXRC2Uqnt4cz3ViqsOLuGilEb2Rc4dsmQckzQP6PFp1TcCFywEso6oRqN6nGCCr/P57EaOVDecEaSkXdw0GrhGTijenAk0vw/kF95NZ9tgrMzO/AgEyaFCuuAJFn6CHJC5SVXl5h46jotPqdY0EdqgcBxRnCEki3Zqp7/SW3Z7SpGadTWZSJdbrdltf5EpNN/+2i9tQvVCUj9NSU4MVRHMGgYVupOyBlhWTlVjSfl61pMtChHh/EQu0LMEdlvy7bkAlWOVCDyWq7XijuyjMsqpukp+LyuiBmO/3szTsWzhs3UsLPd8ZSlChB5/HU1RA1GeQICUketO5I0MpLS7gUnzqi6rEcitmvrmMIBwih1g9YOoVJMLCGbseNZtlxQIA8B3iyYSv4QZs1s/I16JuWbk+2O7/mzJSQU+ZlqqGHQlYyROqqTyBuAtmSMbMo840WNiptL08lt4GIHPzsFp9Ry67oZYUXaV/MpvST7JhzH397eTnlep9ARM7T2Nw7X05JZTg1Bqpj+mhPSIUQbwwVhzh05VqmE6BsPHEuqO6xxmc6IbUr3YDoioMrQDhb8vuQYVts3IQ/y/VmqX3AmWcdJpUhJubW5tZkdpjomXaH5vy3hNBQr1UeG8U042ooS0onUgJBKUH1UJ6CEVQ3gv7ksou+TpLHtKQV9RMYq8m++EMo0fUNtjfTOfiqFBbGu4/lZxVKUei7MN92RjmDuuiUWgYmb/k1mrVjG1hbupQNURX6bE4FUd4OuGwC1ZKuOm5OgksRakj1iZV6jRYVKvVT8/f3b/vzw6Ghw6BVIjQX5XafddRGwHDLUAxvVhmGzmNOwpCjGBtdBp4Ji3gFqbfC3RCaunu9nh+QGYdI1J1EeGtmGEZTAl3Md1SY7UFzKqXZu94yuPInLKbP59gQOv+DaOI1lcokElUwkoUQigWIwIRn4kEHdzMRJ2egGRi5H2WKD47XxX19IiOJNrtBPDWcEdBmI1pwA1esSLFIiqjsqDFEKxQQqZb6iM+JO0rG3RC7NowdB08VYA2M3ieoeaGRNJXLxtVAV5phSnFCz+DhAsANqC9kmrfXKf3HZL2Z6puTtbsOmyKTLYRqBElSSIgOgRlWgowI1Uo6xE8Y1X6xwqPf1O00DKpmbYREPKBZ2w0+CoCZzLLtGLalSIpdjCCuO4C5GLk4pqJe02qD8euOvlMiXVdvHMJ2BFKhrUsIZrnVHcg0b87Uca6xR4yCh2P4iUxQPEoHdvAIpV4zd3BymuYxYWKEyFAXDxtm1mFI9YHAleHOCLeVCq7LUsZhOa9Pe7vt/5Txd1K7zUieLcOQhIZhr0gh2VCdlA3FZzDjjrEFsbMcJNMOAwl9wsVisK5XkK4DSRbEjD4fHz899N7FCTVIQu2bFVWDSeImgMhgBllUP4kk2I2LS2uuVv3jzzTsbf5UqQtvIZodkoHZI9YCgVJDhtpBqSSweP3yNLAzuU0V9D59cijVfcRwtamD372DRWIVOPeM0PkZfOBRzD/WtwQrYBAYrkwxDVBAYEkMFYqxGWjkfffrFm683/iKJgm7kW10jwcBQrBRY8FArlGGT2IEgipsDpRQOLxJN4zirq+YLwzK8t8iJ7yaSuc7FtKah/7S46A3Km5uCu3TgOEMRMQR1LQRluEWSsDKhqLbIRajemx8+XGz8FRLpHcZqq5batbsoXJ+aXuc2e5K9Pb6BNnebTfTL0Fna3NzdmuylUF74neH+Vl/oXfCLq9gVTYMV0VayzW3i+fD3IGovRGYEboSKELw8xg9QqTi8hQTppZ4T/532hMv3P/tyiyv+qb3OSgWdwEbs6ODpey/mvcF0sepq3V1Bi8UrPuwRXpDG51i4HAjQoHd9fYGPahCJQQDNEFSLKhHzxdeeTdCIkFWBGopBUgXZAyVhVRantcSGlsZYvRSuP3365fWrP4MRhLFYhiY3WYRiEV4j7H5qRLVwhTU0HYzRBi3DtIIwHkyjD9OhwBmC4jKNikSFDKgL1qSJ+0SERwrQnWjBdXYU86AzPDk5fn56fnj0LM3RmUoM19TAOnj94Rvvq8M/oWlNhwIlwmYxFG4WxzjKoE8fteYhrLWpNh2XQTnugTwkxCr8fs0ZGrVSZFeAGH2AktyI6emO6c2GJ7c3p4fjZ094Gg9FfCC8+WlcXRWv6OivwrAfXb754s2Hf9yUUdOa4yJM4NGROIhfChCrPT5McRebfbyouBKLK3gg4hKhCCMUPrJG8UAxvWE2e0Ko5lNk1dhDpkYs8qci+cvR34y8qIenGPoIFH1199mbb7/m/hhnkePDOoZbXWwNd19LXI5HeOj1NPp4Tt64HL14ElvRQfRSBPWdd4qRxIcC1fJ5cpH4WrRdPTQoGgaahlPolTgc3H33+TffHP+RpMlp0dsxjnvIpmFZKjrGWIGm0xofq8QyJ8fFG19Bad9uNAjPCpMLRb+lDM9n1ob+2akQEGrpFSkU8dIxmqdpbX0SFJ5y9+G3n38l/l6Dxuj0oAdQjgSde6rdEz4ITQlMROLi4THm5zpmn/LwfB44GI1wvHsPiw/FrVSLjgg2TrzPSTJvmk6nOf6eODrdF/gaWPkINFqgu++/9oRa5Xdg0pNOXWmAlAz2X9b0/m46ht86PB6aul6QVVlJCRcX4lHSQ0OaDjE16JdQM3DDyHj3XBGC2Xqb2fJUo/l7qDiZ7wnFSqZR5PlwLgSFoZHXLr778MvdvdijSaeCsI+G5jmS/NuP/4EPR4e1HmIsV2yIz2+3hnLJ1V/6EpVQUsNqVtZq0o24sicPreIvcVisQ2H6VSTbh6QhUE8QUChq6fB4BQq43nh+2ivPJhXE/yjX1aZCs7+5WX4/73+SenQVkdks+CJ/KStHx8fHN8/Pz+fQ6enpcovN+HB+SBoGR/N5jfztc1qcOYGtKjcFY+i7Uv797v7ss89kR7kq/mRDmiSmSMV3wLpSmn6gVaTuCZX0dH6TTWkR/DqMF7lUobP/0pyTihD5WxCq1WoZSbx/+d4PH3767sZjFatuT7hMFTH/ikdeFoiq5NUhridggXDh/u7u5iRrZhEyUW3r6BlYuXqzrBSa257+3s77T9/vJKlshcRI/ISU5G0ria4PoIC69t/1l+ST2E2h4KcU/XY9dldjMha74mqwd29cRX0Sakze3Aq9l59/+8X3j68XBv2rzeyzA2XnKdrpbbw+czBXabXqLfICotXt5p0WOvWS1bVteb/2hBOOc5S8k21iCo4paifIdzqKIxeYXFMshndWJJRvZ8b14CShl6czq+IJ/6AlLYwHjp7GVThuGZ1Xrk7KrCI3RYUy6EUCK0G98N58/mnj0SmG307prXM3Kj6jQoYKN8tCjY22YSWnCs8aM0WlEujWyvV8oX/FbyqOL0tSgnJpMROaoLGuAIC5FLeuJWJ0JvZrQpLFOpNO0yQLIP6tHkIsg4ACzCkWaMlarlb3/K+E3+G/qW33XZNiGEPZZqlcy/MB2c2PDLDZBaXj4BE4cscj6MqVeGrrmCnH7ZGTn/QGeIEcBL6Kr2RRDO/qF0FBugak6QdeHZ4X1bW1MI+BSoCwoTMRKT8WBhBQp3gAgF2i9ssffLL7O94DZ8veeYAZb8dnqLiqeAmsvT0FBpUKLycW+luWt1sAMGX1ONootJlE/OXHnb26czHJv7SsTZzKDkQMwiIBBQ3hvA8K78R0hJAQ84zHwkpV4SeNIw3CM8hJ02IxJNWq5DtYFZTLVA9Y/C75rwhbj7fqZqqfPc/FGXVPpthAz2JGKfvmaG9Xorrowcdh77q/rRKPHp7dzfRLQ6/7H+9llTblVTvVlI95WepODO3TENcjNBqiUVkYgzighEDlsnAPNKT7STgSVhrQMSItPABqyEnsTly5Wm1W+0CdPBqV2/JUc4p5sLynUozhZaVEP2izxj49ZVvK9g7mxJKv+F2Q1s94rXXpq3nrQNV3up68N5T9lNzaFsUiRiOIQAXQVfhcJkEidAcbUzghqGChFed9c64Z8TCqRMJgyuMCtfGaFKlmdXovbAT0t/ZuK48OSxNFMg8xWfayLpVsveww7Zv5sefZz0U9r6TqmF92U6aZw7xyd3HV9ssSnN0NHF1RfFP2UkIGoBpIESYbII5QacLJadNwEgs1qwM+Vgtvslodh6Br/WTj6FwkOixYgZXEn8HSqNP0tFquXvYuXi0WZ6GXl8v9rUn28XXh/OVImeeokg9USn/pBSZbGHqUcecHcGQJs/98ZyYj8OTFM390ZsC8ktNWC4Ud75gWG+l0DAU6D0cNxyj2iEgc7RHMFU+5uTvgB2ubEZ4Q5y3hsN8ny+5uv0/2muCDxmF6H/fQ5G72rl718JZ+v/p6gXEQou7HHm3VZ52+bLqU5E1cipE9j5kxkhxnOi+ZuOJjqFLS00InD9TjvUBq+nbAWoG9c3J72hAbmMTxRa4WGjVThDnBmiYWxSsV8MEu12evIP5aQOepDBtjhBG/g3aJ+iFVdLgWulPRl2X4+pg4BkGtDZrl170dKWrVlPoLUuMQ1PSju/WVcqedryMW7UlUvC77VNsPdFZW4KZmR0aOtT1fhsFb7yGj9Kzs0LKUczKF5hBSNcw6plqakAIUInZtxNK4PwGOdiZM8NINrp7tvb5GmwLWRJutT3B+Q1tby51m5NewPQqjaVN47SeplZiLsyZQUcJVH4mK4mXhjQoWlax3MB6ZkUlRBdmR8ywYnYJNYSPLQY6iDtpU6bLjCNvBC6TQVYkKu2rYoUFK1gi/UA03uLiYzPIuu24Dy7sX5dCcm1u7S6Jf02QSbvBMqqHHEz8XptXqQqHeUus1jE2q1UcO1go9Tb/KqkqdogxCx7j1BMWqUtslhZKq5rBm0LOPU3HPlvKye+1LRyIPTmJHnlQ0aYKMfTSEMG3B9K6IGzt73YlTD+S97jdhUDAQnFB7P1c2i2UC4bx+GazweLCOx/3XMnVPKR6DAqipx3lwjBvwF5t5r448o7No5AVATbKsRVAZtWVTODLq+HBUCGxPLTTdF2It5ATWlHR7AApKkMKVkQv4mCA0F0JA/VzZV7sEdbJJGLO/rtQ+YQYsUMOZRr9ZHpTPUtR9qa92m/CRvf35o4xanI4xCZXNPMW6eo6K29YoCW+zu4QxZzgGKgcpUGF0JY+ad+dSyt7VOChNBihWMClUhFG1HgmYPX5QFq486pfE/MjJuSi1bURhuIuFEbItJMtCt8iWhIWE77KNL9ieukw6TTtpoRgIkJlM3/8p+p9d4TotmXF6wpBoIMbfnt1zX5oPlB8teoJzuSs7z0DFE2A5ap2jNuX6XcC+lvJchrXu7XlYj94h7ji4QfLECoqtgDG1qAbtdwZA9f1wSEPaynTIGrE2SO1eQz9GOQTmiEesp3nYB+N7MoLLBOs5ItMXj70tnWealoVGiUvdkS0xf8AHYDkqyRyocv2hxv4t3i1OPlD30mq1ikjr8MSxEjTwLQW8qc3wuZxGIPb9qUtPCgzwNLajAGo9PiROEJ6jrg195pnHSe7pR6Nm62bCviGV8YZQ/wOKP7uSqULNArXFUVvFkI/OUgdyu3K383Ebh3WfqjdOXRFKOvglSzaj1F6dPw3cNFazRiEdap4XmKnheLY5mDprWyv5Xe/poMhBYZeEta1yQdIMlXJUufUgl9m3JH7mJhNk35AMAlTgf43alMcFhhA9ciFK7nIaD22+ch/26iHKUEn14OysCl94ilKu6lCdQUttGQ/hwMJfRUdXL44x6vt0eX+Rn86dSvYR5OKEk8LPb+rjz9brWRLd4V0ZPtPZqnGoHdl5mkwm9Mz12h63QArUeat+G2N/YZIW4QvmZwRrsGlDqYvl6T4jOVery5MizzIpL35XPaLKNbJnROcI3Yvn1TPRq8FXIe/AuO1t7Mq7cxHUyht5LAxlhU81Y9TVHZg7Si606kCFUoHUJ5m8IdmEWGGG22MiHbeB2robwkdgPpO6WH4aibVcteioqvvU9w/UVRvBJW8mVY/fEko/d+VCyOsTFoHHDD9yUmgV7ykQt0Uw1pzPtjZ8tpX1A5wDB12vMYK1Xvd3RZAKrcK5tlsQgVqfS8xv4P5Nmb94Kl6y3+wR6tE+s3NOr12XuY84Hy2TeJ0tqV368fdfPsC6HlTRY0Hja0eJr4yiM4cWzQECRKCO8hzlVall2Le008EkcBRhqlnZomq3eGtA7SdcBOqrNgUkBOeU3Oo8R0XvdpTA6TXckqgDVXyxhT2Z7j4s9spV+2j1IjKlOC7NjSSkzE8ZxpQDxegk97lHyWVrii4ua7GDitufyMovc9QmbTRWAWmUdhoBTeGj2zZIg63bv1vVMlWQrvu7fBDyMVwQKYEPXrWeo44fyPG7JkMUo3XxEwKTL9wG3re/l685qvUXPZ4y1UcKcZa5FHgvFwKbV45uqUq/W2sXxbyjcax7dsOwO5+Oi1eClBI0WngJdAa1xMucW1KMV1Zl04NWJ2tw7lKSEcpVScExrT7PVWVK/nqws6Mh8wcKUw56rP6skAcktXZlDGboR3sFS0+J2mvJm83m4TnIW9MVKBawQiQJ9aQNzrIQ0fM7ekdK/VFdPsWNRnLrRZcXYKzT22td1ngzOBgaAxOgJITuNyQmRG3W6KhmOSLnA8tY0KEeiMAEHpsXj65kyg94otMCplKQQj3x7zR3iC1Mpt1qLvuz1X4Z3IekpuFtTbua5yNIciM6BxUxPwSBgiudG8jnewj+vj+EsyGHWq3KvVWry6ZyhoJLNUdtjosaVkvC9g14MdVU8JnglUGOqo8WqpqHQkATLVOIqIaK+i7I55T4IFLGOqywGPM+kxSTee5gYbeH2abAoIQK64xjW7vYcwypX1Nel54FXqyXWffjWu8GHf89blYWUEILPExvqEux+PO7M6TewuiO671JN2nbV0+1q6sWscr1+UMEk2Ri7IZIXSS6jm5yM4U0kIs9qmXwIk1UjfLmC+CaLc4GE8MlU7dRBhaFPuoz5vsV82ZYUlHhu8kCViDUxqTbPdy3M9XvB6af39+J9GE463jX1+jWP73/7Wddd1lFfE1oGTu7lNzDNONdVg9RFOuN9XkCB1mUCRW1ymaP8iJlAPfHfHtjs4r+OVaI1QzEC3U26mTVI49J4evX0XCWe9s4TsRFgDjBExnp2oApJRaqmhT3rKSJPVIm1MBxDveeQ4o/VS/QIfj0tJoxxmhmkTavqZQ63WB4/VaE1zs752k5imRV2Uh7V1aQvTRbxAqlxlickhIpEjPjgYqyabstWUO+hUX+6jb7MY/rt3wT0CTvQSZmxWczDcPt1/ZWNE3TbSaZktmREtd2jFuDDQq86TBQ968r1fv129F58eboBbeZ3pLCLNZn2jWmfOn2x3DostJnPgBxfoBW6nEt7HcVrzpqjom11b6bklKDABESst9Fl4VfYhb95fJsSZjgeeL0IfxODucDXD5KjJ+CD2tKE/8dIzVC/KtLqB5KQaUyLImmFRrPtYKRlBiNrnV/2F9OsWW4HVzU1TeDdO/4a3m5992Xc57BFTHEcPbjxFsd3F5Cq5B5W1YoIFSwfbUFKyd6wZGVSuv4katVlL96iT3TAEdo2ws1hJZfQDKMoRHCXYubCw6/tOCg4SCxsGO144aOrsK4rgCVsdn3zDAveahNjm1R44OvWORrC1PWkeJTuqQWeQGe2iVolZ8gErwpx/cjaq1cjeBkL86ObkaXG6DSxc15r0A5n4Icf7NRUGkdJI/MPsvsAKhiUslUY/Dt0IHNwAM0CDyxYQmRIElmeIpTHE2JWZux6tVdM8YrBPD434m6WGco6dGVgKyHUAIV5da8JarQyP5X3P61hVBK3bo4elFLm9cmLAUNrWbefe31avOEMck3odRra5Gw6NHwQtb+rPg2pZoctZTF1hR/OC/RbdFeL650Ldq9DTeFvvlXZ06Bo05VPa1daVoYuNMBk2DmvO9APVrByInMSYi6zDwuep+77kVtVYtjEcWtANM6O3iZuRtR2CPB37QW8zEVA4s6iDAhW25YLLwLCvrtyrSf9YqLcnJZeOvSROc3MITMcjag0bS/T9c5t5EHnBYStmk3LPCEsNCQBo+3ThwW7OPPAnUNhL1FJgywQMBHJj6rLXmZZzLJo9JlnF//6gOudnn27tSu3YqO0oi2dT53RpNaLzNGM/ZSBcmMudAlQ59aD3MpcBchvVlq5kmJYzuOjV41LljRxL7JZ2O/LRVCp4WSIulx2XU0vJVPl0NWwn/67btmlRZJ7MVomM9o++DTDJ/wYh6hiyXo13KZ9JFKqvKPhxeT9umIhHBFUk5eEp6+AdSShMAZTKlq4bge3xjMqt/bhEpEkmdrhikJ1X0TD7Gl5MOSR7jLaliaM0Qsw6z+Ik5dQy2m6aNA/eM7f6NBFsc4LN3u1NKmeGUyE1Nu92EhwA16XYiHD8hj71TWMmT/r2Vcqufy8GbZ84FKE6BOiU21xa/B9eVat8NePbNYJUedacNv8GExaI4yxY+3HR0LjeCBztQkW4SE2v0rVGzJbS8qzHDL5Fe/+5L9UfF0lqZhpxFacJ1u2qHLlga/yNbgN0tB3+ngjvHU4gugT+R5otbySCePcjL8c1mTEIXQacsW8bxpr1dNi6VfbrNuaBcYoaKcroW7fMAzFSgvJQtEfGQUeFCB/sfMprvqYepGBXwjC62y255Uyo49tX0JqOX/czHuj9wQ+IoS0VWnkhlEfikyBi7EcANM5A86kQKJYDhtp6/2Hc3hLg+CLe8lONqrGD+eSBXvcd5LCtrxn0PFSiMzsDOJo1aAajIc3iHNltga6PJz0ocQnzOzsb/smR5Pfv7z4I+dNSm7wTSL66NCiu/nE+HRD/9Dft5Z58p2RzGexkmm7xNkAFzo2/XNyB3asW6k/DYuKlv8HnWA75By1GHEINpd7VfPoOZI/IUcLq9qmg3J6qs1Eh4Vrtcxv5xuW9i2M/qFGR8/FLfJyk9B5Z/t7YeaHi5Qzky+eAXfN5Tf/g/qR7avVPL5az5LX3nrwOELDQXMoXxldGPPhZFST9qEynN9xVL7ZOlJfwTnvX9Pg8D43TRvdpmuxcvyi2J/13L2vUkEQRgX7tB4L6RAEY7LFXpoigr1qH+IMblAeSnvEY1EjTHR7/8hfGZngdtyKHL6SItp02Z/O7Mzs3O7dT403lwHuVTh+o1edB+cqObekA+xRvAYWtUG1Vt/0q0zp9ms/2w7TratyQhsU9oQ6xnrNn2cv9l4UVT2z4vOdbB2ymXP0Oen3473LZXoCOr4NAHVSrm371/7Brou2vWF+2x9VdY0iZraqXXMuKzdbzYLtdz60nn4vIH1lOCiY04/gsSyo1gHMr6lme1PL5qBUzHMxvn7FmrFNyUYlVF3rmAc9Vy0JK2KD9PI/Sh/vmg/8wOz8+B0TTCS4y3JqHECKk7LnGHicu7lpaFflazz9rqRgtOqP6RlHjyv/5l2yaBcKd44ua8vGtWGofcToD4q2sqAD/OwrENhi1ALWsqooIZ75aS8XOHq04fAvo9qLdOTudQKB1Xv6Gxqv/8kDEO0OXo9dNd5Hm7kOGxqVXmFMvZBgQnfT6CBahxbBY1hioPmK7Umtq0VdEeePh7jkdRF+e25uMeohLKbko/nHBDdOGZhmyr2qej4oEKj0NydzUbubhi2hwRfRYvOSydCzVi/tZo2CufD2QDJQUZr28913O5wEeZHo3HvcjsFVMBW0Aj6ETS+lM6aKeP65Zcz26SqPhKX7I0PcO42TZOuFUEGqQZRDqe5uC3yamUXrgUBdgjug2TK/XYpDh5sFY46GMOgHvvDSLyWidi7dm33darSRpPw+7mhi3tgSlTjBwlCGkuX2qEXPcOr+XbEAPiOrhmL0aiPuwsn39XtsyHj82b1yHrLJgJdCz4+raWyWbvWbhr6uqwbdD9TQIBIvo6Vrt+bIA27kVu3Ox0uF6NxeBLx7PDSjN8v0XHYHtq5YT+80yITpBV1B03qawfV4bN19qyKbhNQYSq86XsS5lThLQj+QdoflOdXS7e5ARbydDiZj/qgrSeJTKqmEbZ8WtD1x6O7xXy5nAyH01l3Uoh4vg0sp+H9bHiFy6v2j6aBXj95XoxgbUXyliOLmW11UWm1Jt0rGwjQ5QqkmTxQ/1ateFAs1Hz4pD8G3N1iNZd809ms2x1Qi6KDmNlScpWh156+zFaMi4urq4JfMYRR8Ulh3MYig1UTCnyoAlVZ9OCyVqPv+tipN1swp6SE+45xHK532pq9teNSzG0IMJAJNkjggQ+JgfrDtLvxb8zI1NtmYDbe5Zzs92y5UGkEJjXTFUlEJgCayDtNSPRFb6EOlBPdgIE7gAhwOgQi0jBiPmVgHH8DJyx6kkIvtaebDng2KtxAmGs52RDGXIS8aBqximiKBa1nZXT+sGHFQvSKLAJkRAm4wWsxHsERGOVUCTeZLJfzBZcYRChuw6LIEFVGAtUHxXuGtTS8NHVtbWwUWYGmpqThIq6gYodbaIIUi27rqpwyRfkARkaUhC4RftsQDgXhfAVGAQlEed6EIBNSPkr359Nut2SxcWJzIKSp2oVRW2U1AAvrG0iEqBXBSqBsSaqPmDFKOFUIF3dbxpCPxpMlhSmTUNZxPWu0nA46raYvhibo6JNAs1RKvMXpXpPTQtcIQja1bA2oJlCpBQjKksAUnkqMW0JCXBGi4qtwVmL8F5SZcLxYDmddt4PHUBRjaA16UJG8bj8bKnSRigAfSp0FQJImSHUmrVQBypxkSzIkUzKjAsmUEhKUiTCfP8r0R4vlBMGVsgZHVeAiqIJYiT3MLtEj9JoqUEYlKwDMwtamly1yW46owASlcFbJGEYYAUlKCMmgvYcoAxZzLgJmM84iHfAKYPGcsVmgkMvJDdQSewvNuEqJc6jFW/TQJyST7ixK5pwDM0LJYWfflIlR0+lN1bNiYJQ9VBWAGIlTQkOgFtjRRBNEM43JxFTJbfHu93qFQWFR16UFOmVQ4lQppSkTYsYXsXkq88L+eEMsC6HZN6KGFHCJzuwQw4Od0eXzJUa2BaNfLUhGtiW7LQdZMieFV/ZXRjwCMiFuOgNcsjCAqfYDM0EDm7m/SW6QEzrDMz+J31R1hKfKTDJlMzIibAkxJ2HuvBWM/1t1WchnyMIod4kaGkFgJ3gIA51Aw8lwX/g6k7BW4OE2CkVVBuMF+SRksc/2EsSd5H/LGMi9vLxGvL3GFwrhkFZ/X/hqGCd5q5iV52gj1RMCZTLI5MBC8oiooh79w0tK/vewlAOn0jvrG/13zF/j3OCOJ8VFLgAAAABJRU5ErkJggg==','2023-09-15',2),(14,'BAC-3884',3,1,1,2,10,4,7,'6',2,NULL,15000,18000,NULL,NULL,NULL,1,NULL,NULL,NULL,'2022-10-12','2022-05-04','2022-03-05',NULL,NULL,1,_binary 'data:image/png;base64,iVBORw0KGgoAAAANSUhEUgAAAO0AAABpCAMAAADhslRzAAABPlBMVEUAAAAWFBYDAgIRDxMlKC0ZGh4sMTW/yc+9xss8QUVweHsLCgzFzdJodHj9/v4dIiZ5hIjL0tdETVFyfYG5wsgzNjpRXWAfHiFJVVk1PECGkZeyvcKPnKRXZWljbnFCRkrX3uLh5ujCyc10goaDjZK1wMWeqrCtur9haGuapazc4uXQ1trT2t5eX2Kls7eVoqr3+vvu8fKjrrONmZ58iY7q7u+Jq6uJlZzl6uxNT1OVoKRUVlqrtrr19vjO0NGFiIptbnG0ubqVmpuOr6+bo6W5v7+Pl5by9PV8fH6Yt7iMk5Xd4OGrs7Wlqauep6aAf4N9iYeju7yIkJDa3N3U2NeTsbGrsK+pxcWdv74vKy2OjpB8jZO0ycqboZ98kZlsgIXR1NSwsbOTqa6hoqNzio7BwsKEnKCQs7a71tau0dBcXLQ6AAAAAXRSTlMAQObYZgAAKQZJREFUeNrUmH1T2kgYwBHztjQhsJBll3ST8KKJBCMgULTSq2c9i3o3xhsmzDRT7xzO0+//Be7JQq3X+7e2vd/gAhvJ8NvnJRtyPxC9UX/aH41g7E17GcUMGDNyxdz/md70bPoIvOk3/jgud7veRacxWk9+ppj9Cf4n0sVeptTvn/VHk9FkMmms6HheeBFGA19rNi8aF31wnP7XaG3aW0X6h/bOLCedblnX1S3/6BKIoqOjo2O7qunl0Gv0vFcvvdHok1euuIqseAjOzv6jV/zxrHvT/uT35tbg5/qwPSxVCm8DTl4fYBchhgTuASXceY+tTnEymeZ6PfBbLUxTq54CVa0JC9L1GlDNIrVh5bIh95Tvr93/qxk2B/VWwQk4xS5jlqJIAtOsfULOBniPrEqv0Wn0+vrO0ODUhX+WHmGMIRdTHhiV9v7OkRZ2JpDuK6a93GfH76Zc/NOotyvOLngCTAFHWbDxBZsZeZlU+g1vdEkleUOWTRMcFcCyrGxxFGW9SOKQhTCkQ6F0/m5wqnuTM5Hp/cz8e4X295+CghEETkAwmMJXBEwAvm0WUPnf1F6gwJ92R8eymUUR4wMsoBRjJkk1ROgamESISSacE8iiTozh4SrcZ9M+tD9ogr1vaz16T67266WCI3LSWoemZkrmI+JllsqCDVrpdzqhpXD6BdiVJJlx8gRKqITgAHbBe0POTqYwl/LC8NBvdieNsBxe9HLfjAZ7u70jZEkWCeELwZAUkZ1iFM+PvLDIoFeeGJt0FVIBIWLEEnwSXj+FK1JAOMxhOCbOvSoTU0HU2emEerOb+1Y08FsfZCtGQCjYopWtlTUei4G7ZD5BEtKvh33P0yTmMgRALsNDQDmFwzWX4qcQVCOOiDeTha3FYFidV94YTnRVbeS+DRdWoA1e7n9otVo3K5bL5Z0BRaZkdaaYMm8Z0KdFbBBMSvLr4Kind96aNDMVuC5Yw4A5gVyQGf1kvwKb2Qzl3BUpg4iA4mwxTSnymk312+TyqbTbtbf36nfb8WzxSDJzsCLWnyyXyUMiyOZbUn0euM7I617KDAQRg1GIAjAQzsBWWptimAEwUZiDMlvCIH3Ngn87j6I4jutZUZs0LKvam9w3oKocdNTb27uXfhLP/p7PT1aM5w8fzCzfTJo+zOazT9w77P6hxA57+iTYFGmPKRZOj7YIdMBWzItLz3B/Ly25NmGIBHDUVGTn3vdjIEnrmDiuue1pqtbPPTunCvPCwe3dbZrMZuD6mYTIkLaW8gKLI/DIpFPE7+uvC5NuWZUY2CrB7GR8V7+rL2+gMEGbBthUoHAhsi4OIt++D+9TO92RbtNSi69S2XTtOBLEaQvzQOJdVdO0Z8/lqmJ1vOh279VeEj+VHY9nc0sCW8Wy2N8L0FwAs/lixpYPQ/ewp3pvaxQhi84W80WS3IFswCmCaHIKhSkj0ZVfpX66D/MUUwlF92qLBtSqQRs7TAaRwD8KqEOV7VDTqhe550W35HAU7d2me8tPkR2vWXw0LWRJG4bBwCYB0/niYZF8ZMn4wA07EFolC+1NMp7NxlzspCyx0wDbrE2BLSF3drLDFJZVrmKSKI2g16GarMhGCqZCOK3TwJEcD2KrPu8mQ0ebb0bx7Y6atOqgc/LE9mTBTcSgSd0RfP+BYMRAh8wfOE5KbvtM7Vyb0IeZezeb3WELhFZgSrOmDH2WckxIPbU5wxmUKfhVku4FAZZkxcRxHK18fVgBx0VaGYLbyT0jv1v5455/u60nyw9r2fEn/j5hEoKMJIlizDfzm7BBll/kyb3rxLu7E08LDywMdmQ+WxATXB9tCeeWCctEA4jth/s9KGABVtxhEvsFTpkMqb6fRGuSK2K40quuBrrPWLkXVv7X4lYUqcnHj+uiHT+yWJpKdimhY2lJN6UMU5KlPXSzz+o9LbyWMcSbGYvF3bobuxmYgC6rMUWiDtgO7z8guoJYqJXEdhv6VM1kZmudytCXI6eATa6qz1q5U5q/LqpxnFbr9XiRyY6fsHA2stw1mYFuwFPYmrJkuDcGDb2qd5B3EcwY47EDy2IxF7vrrRRx3BqyTGwQQlrpjbtyJRyxlu9vHToGlmrM5CmIgiyQlmAObYdVTWvmnolGkH9fLMfb2b7iS1lghmWwlTaIgY0N4ZrpSogND86n1fBo44VE4RbOrmqnx6endoVhAVQtcaiJkOQanPNWWsBkRYCtm9j3o0qFWLKi4MgH0SMY/PSd0SrhoUjlSe5Z6L/NB0XPn9n+7S003C9lT8aWxMBx0+GEb362lZSAep7dMfIvdsvwY473x5ty2PQvBw5exTDgxCAmOlBczp2gZRcIB4IgcIhSiG3fvy4Frmwi62Ua+4Bt26ndvrp2Al2H4Oq552BayuNix45sPU1XV9rxv5hB2Vqgt7GkDt8Ut3vCFap12NN038yzrj7YeXe4v7//qm2Qd52A8gzD4RVDQrsIB4ZhDI8qgeEYGQVDcXzbrx7+VKK1DWy1VCG7tVWtqtvXP5+TQRdstbOvbVrsTy5+yrPeSIt8Pd2y/ysLthwSWYJCXbIl2RSmAjMIwq4dGvl80Dk9PT6+vBwMfnt3RS6LBe5kVApGqWSh4OA1PJeu7bZREbRKV4yn1S11cH7IJRkjp1rdAlVNU1V96/DwN6Pd1aBRfe0+1TkKG+d5uT9txr6upnYcf5nHJyezGTNZFlpElYSKuhX3uTJ93e5VNV3J59vF1U+ucE+v7+Pf9kmlUAGurlrXPyP0nvDS9fkvv6jbrauMdv38HSah3nyzdRhVcA2RXV/NVJsgq0OWRO1KuVyFN193h/EPq2bDlbgRheFjFk1gB0okoDIRk0i+SZBECsYIYhGsIG3VYz+s7rq73f3//6DvTMS1Pd3t175HEogwzDP3zr13JkwjcZqurHhHxGSw5nNYgH74wJ6/fwc80G7kNjbvqyDlqm7lDmtEo74qCIJb6uqedv16QAxpf6vWaGRUl+eXJ9FBfhg4lwkUWRP4+omKp2mjJlKbjiJ74qytNZxIlgyADmQZMT6lcUXUQCt92ThFUrGdE4ySLIUm/NgG7CPth29/+vD1/SsHhVMVaIwPzHnsonHUtfx6br0G05pkXRBeNDax48besFPbdvLr97vNCWx5AiyXBvnYacSW5brJ2FosXHdhWZaNqRlGUZSaUaG6USmMNb4Rq2mepompNWkquiIZovZFJy2lbl64K7XkX0OFhagfebn/AXr/rljLZ5soGzmQMrHj0rBIK07D12zZfSkIL7H5uIrF2yb2EuuFne1dZ7IYj0FmWZF0nB8XG0k0RwGBR1b/z2kURAqFFKWwtVL4/lLxZUIMUaFpaI2TJLZlzGFR/pKu3KXWgfBLqaOZ1hsq0vANW70gSaKyA8MzvYSev36ByjFf299TbK8hrGzkwLq6uuXs9+ClhX2rmW+HlhVGQEvFSt4qF92UjkaU4mCPeKaRnATOa0hiq7zzwombl2OmBOMDi7tx02T/NUjnS65n8wfCoXJeCAKss3ffvULGACtLijg4jWKD5YtXULnZU09OJpPJsOgc7lS/egH2NZRRJhFzoEXRjAv52/3y/u1u4NSqjpJlz1NTaQ3z4aQQmQBjUUjMJqffLzT7vo9pLpd3hLwaN7///vL8HPNaTcZwdWOqKQbefvXl/Hh6UWs49c3q1mbxHXT//v37r7+B2OED17dMP9g/KnCqltfvTvcgduvj4qzsOKGRSo3M9tzg+a+wm55bfZHbtOxHj4Vth3nrpGBRYgBWksxROo+scZzUNvexv8UHFmn7snkeJ4soPVUM4l95/b2+yEI0kff+P+bR1bU8SqOeGtoUIeNNFNqKQsPIetN+81xwK7zDhFV4DPF0vd9ld/n619q0pEuRlLpOvgo+QchV2V4sK5Frjcou94oCV6XYKBQcPArFAr/G0i0UJ5OT8SKajwxflwztCo3zFKa1MINFCTGK03b+D+Z0NhjMLddqq2o7klp9DRY7KjHhDpeu4XsMjD98kKf6JSKEm9A48u74RDJ0fBJnkbbV96+2t1a2SQsXWpAvD4iEOUegAZOvoZw8RbPIMQM0yIfsaHlnE67S7XgErfI7ZYoJKQr78oz2v+WgPX1GULDb8MmWh0jfaulPAOinL0M+TgQCJE8GTMBj0iB2mHnMBt1pt68zbJEmt/e7xdom9TAs4GDqLtXhmk5xj0ufggti93w63exLMTAQAaIY2jiCEZSQyB5s1oLW+9d3mTv6FRkQ0kJP+x18mddiPIxMJLxVLol9HXdZKOOHfP4S9KD5CNLHH+OVqdW8f1XcblCWLGea9ySgsxPsyM59X+573kzLxpXgWxkR6NKI4plBKRGZMlIcRd4v9Nm4+je/hJjN0NNM4GPGkxRTYlLY31K4qIiylk0bWWQiBKxLK+sMtcP1yMtoPWKH9fot9tldGIM8Ex9CeCKNIkM2wJbikJFgTLnwf5lWGu8ou2xyfFx7fECcVlNO9/5pwe/JhDsLNxzmA0YOx0zPUdG6DM/O7jMDlsgt+CwYIW8207i4wSGZGwdNokWbhrGrxqqL1JrynGPiLxO+gyj1SuXWVPDuEDz4jLgUxzExlRWZtGQFoZjhSUtx2xLYlkjkH7HqMm9feVIWfbg4ctYon6ay7LHpNNMQRIjkz57mFeFgOGZPeQSD7KVo6oYgtRkqb9d8NpYiHNSXU/H6dE5sSjLCzOpMhNTPR6fGqB7J8Dqv1eLV1BMtD3Sa1KOlv12xIs4hSELoMWuCsaGPjz2lTNkKK4NlJ86DgmEua/xTWdwQuaFhZh7PWHtGFjgpl2m7GTYjXWppH1mtS4vF6Wh+cSGblACXLMVrjJa93ywWbyu9AZzK0zWE8yVuNg8I8SQn/Tvart/Bzx/ghFnyEvlkoan9TBRawhBFhBi6r9MUcQVcsmjwLwU/d+guF8+HsmRycVrq2tx5n4GKELeNbBYb7xqVeq2stCTqy4/yn6Tr4e2u5XV0oLYYLWGfW+LC7/yuHN30/8aycmevj3zBIyvhtHAxEC7Fe7esGWAxjYnFz75k9JF0T0cSsgvEB2MZpZh1eWD1RYU1YPJDRJeYj5Di0nis9bS3/yplIZ0oSMdLaUu1pHQkaWgS4R29HYhPscxAckaqFG19Pvo8rI6szX+U1s+m31OcYm6cQmw/ky3B2kliueNzVDa7KHKOjwuHW8cO9siwn+S2eEwxMlfnRQZjZeToJHCXHhua4mPGII96ZkFPt3r1kI28L2V8s48ZCp0joowJx4VZxPw4gxVRh3hdnVi3qhR/nvam8H0j2IZYhX94uHnAxW6rQnmuLYiv3A52Nmv5gwN+fX3TKRQr9bFl693dikYyS0HZnJZBzVghTPTMO6C5QsQ/QUJLC6I66euMTUP5pff/KE/O2oYIDMKzcCaWInxqxb1ee747Ln0uxxbXgsAZDi9/uZxgRX13d3L39u3FxeLtxc3NxcPDDTstoou785Nxen1yNoj3+0fjyqvNbRicdI/6ehe+cRJhsJe0krkMbRKbxqxm5L7MB2JkyNBrf4mXGQ5/T+KXfJONUpbAOJZiihoxHpOzAYGWz9qsxulrar2nqvX2pLF99JnMc+K88fqvh8ffnR2fFYLj4yA4DqCDgwA/7IIZIazF16qvO15Jc8bzptSZY1Gb3761IpeUSnCto5uJLsuDLGeY6eNENxk0RREi886aWeFFCWPgGE+ZWFKyIGY/TZzUUjGYkfVRbpv6zCl4ViKsnrIpEplJYPCBrHXDuqrGvbgeV2qfWRkMikW/VDoWNrACFYSNnCAcCEyrARYqmzjj5RrOZyUoKGvKYDTZ3+2Vd8u7UdQmhkHD0cAxPHSd9xydyIp1anIhtEuiwosV0moZtJ3SLBBkLC7Ufi6Xy2rH1p8UwXt5EQmh2TCJ+QcjEVFL75iAVXu9+BZL7u4nYTuVSm+v1BVygVCtCV9h+elUha3gxcrkXBCCgiCsO7h0KBRKe9PS8CssQuTb9X2sZaxy7FrKdVIelh++G3flrLSgtgJDQc9qJJqCnz2RdR83F9puRvUkIFv8AGUXIE6Lp/wVf2rLg8wXiJSmUVuN4wSAOKVYNYX1HvamoXpxs/bpFDQq3yql0sCxh8FNORiPg19GwXdGMBxLD98dX1ycnb3F4+FhOCt1Sr8Ji87NSa9ZPdT7pgiu3wbSxend+dvmUbYuIjQ1JE6KWftxNabAn9mZcFr3o9rZgeEvz3hw4KTHTs/HRJIhDhtGrqomcU/linuJG9/34MVq7/7+vlht7H1y1t6lyanSnxHvtecbviz518ZNaZabv354GMijkYzHYHB6oxhGSz/YKdWdZF4fDrq0cmx6+mh0d3d9dhjMsXfNskFKRYUyVJFnbRGdo3x1b1K23Jb1VpTUGVPS/hu5Kt73B4WEr1EAG0VqzN2WkWbiTny/z3Z+KsX5J01rLCbOqTU6WHmJzaKNDWE191LYOP2ZT1y2eYYH2yMUzmVRX+RGLYtG0hWdprjXdtYyF78cHw+bzbEhoSvoho1Ew1jFqNk43Nk5CCpJSiMrpKhWEEP9fitSm+22mqhcOH9K7bjeTtg7kOITNjoufYQloZUZFBdxWQUrvBgXbuuJa0UhvlD/VMlYGQX7yB/YOskLwo4gVF8K+ZNCsJNFqQOcD3O4GuxNu1erq2LZ8irnv7m94HCrtr0gQc6Z+1NWmugo0W1qgNWWyWV+5WmzsVq2bdeN0pTICJwao838T/2skno9+cPr0HjcO4gsFTO0HdUd/FB2x+lZcR3qqbcqYjRTGrp/HaamaXle9vWjwqqQ3xJ2qkJ+RzjsN6JSeQVh6wWjfQnalXWlS/SC4FjrQ71x+F2zhpTUKNO7tYJ2hOiFOaCcKqNUYoYl4x2+pZqJbS3WQxf6nXBrYUrcCqPlkqTmxsCVQAIRgkiE4G50JdlhCVQeg9RBQAYdZ9adbe20/f9/oee74KOWtsckBEVyz/3e93H24ejo4vQMrYIcyMoAXN7i2dEAnfiXsvuCTgTRItKBbbuVuJ1Zq1N0GMFwelHZd318pnlGYQo67YrGzrzipu33P948fYYn3c9f7edHB5eDmWDDRZcf5y/zo+Pj0eh4/7dJ+/4q/+AYnj/87ckq8m9e8XERHLrZRuYTMv99SiUwKIfg089/5ET1DaA2vA+di5rIQ07Pkm9lF74EJ/ANhwRuCC6AniBN7sTlRpviDgVfhNVNTXjcb7XcjtsQKjNSEgiTbsv3/diNfF/U65ZlcfNhpx7fNcbNL1fjhK+m/HbArwf8caA5JczdhI+D68Hj7eDxcfA4C1fLpMH1gmkVo1Y9wVhLNG+2puYEGlw7OmljDf3VVfuQyP4I/X+/KBkRrE1qeXDx02mj9Y1sLJKMpPsFo1dSzW1hCQd3Xk9OtgWDTM/6baBVbkD0LdNgb75eictEFxkA2BJ4f5c/vrnvN/K1o9MZewfj3dunD4ezgqK3Bm65bo3F+Lc+MhZ7P1NDhp5vzOf9/tVZ86TfPzzosbSaege4O7OBLKdVO22eHzYTeDGJl2QZ2H/hta1H8s26FbX7mySktUXin4PYufW3HlWZUu7E8McgK+la5q66oHbzQfRml4ijBvsvOJenjbHOoOAanw/CXoi0OuxNT7/cIaPYa2DUZY759UOa1QihxTtgMKvlRh0atmjiH5oySwRkUrXNEGVOJf1wROYLjZ6Vz93YB2Jc3Q4Qk9KW49Q79WG5aMuWYFnm1Q7Rjm4+Lr1wVsvcfzX0l20AX5VXODQLqy4+rgJb1Urhba8bhsWQC3HrwwovKT+fJ5NJo91snGHmeR9KkkoTJEUj/dr9WhLB3sqNFkUTJEpbTgSX4L8DGMLjtHwREyRdoF4uC/9cZ+QOJJ47k0cvooXdesc7HLLoX959vhtNPj84uSGyfyryNsUeUAVwKRWc6ZEI3E4rn59fISs+OK3dUfHy4fiEFK6fzMbJErKBWZ20UpIs2Dk0m1nK4n4LVjx3QQwUZ53zRgJRzUDzBe8Zk6jOkYi4AnhhK9yWiMsBo2eotNhB3XYo06MYTJ+dlHe/Y8VT3X9oPtU+77VzTKlWaQE1rb6r4pQlLRYx9fQ0Uy/3uq3a3c39AcV2VB4LSuv78zOSZmPi+qgE2wnKofaeLsmqKq08wGRRxa4qz3yZ6kc+hRISMIzP3Q1JakNXxMJtuLg+ixdU2ud1P1LAVsWK5cDzMOlArhkXqyO2XIHK3Y4JOz9pn+zdfzlJvrK0glXcDtbYKk4WyxNJh5Us3hVKTPvp0avtHyMjHMHQKENrb6sytDqaxbE7xfzpYrI8GcJoqdeVrU1oOnZFqM+Rwj4nKqS45We2iJOEWEIAaDBOesWNxTtt3yKJWXULqPO4IURUYQYeoReRW+QqZlE1NpbbwcckuGlWdpQFC29Vbu7fX5YT5A+aYXvC8gf1nu1aobXSqz44M6Wi6F8G09M8jRLIIWGgiWEbuJOIbC4WK99NOslyMl9KPVZVpaRJkyeUctUtXaZIoRFHAesjVq8gPpurPDawuAu24hVWuWzFvsKIbK6QhQoVsGYuld5EoRj/YHFwNT1vR4F7HzAjO6jl3ZaCEM2uPyZhKRjYPBnwQeAvZqqiMkDv344u935slGFEcADwxsWqomYdMhml7loidt1o+X1yAn8syVZpOQ1agNOBwtkbumkjiGI/hjhj0YnEf0P2BTf9ts+tLYh+w7VcNBpqnNPULKAqOVNPS59l+hZxJXj1mx0BSFeRG94cum0NbFN87IfVwmTI1wOrO/CTQUpLMyBsWvnjgySwqm+DUtZJMYCvLQg3jibjxdJh6GaV9F/Fq6oS3bSDzS0b22V6R7obCAH+5h3eSPkF3PMbsckJFkCituodHaLVdE2FIwZSiu0pUrhQSW5KeBX/538GoIEemMPp8fxbswAhqzmNd/XhtRAcP+OuvU5rKUozxF6Mcs4KPCVbKOhw1DlIt2AoPOxya2BZ5EXG0/FoK1pNyzrgygCDOj1bsnPGNuWBWAXOeuw/q6y1C2An5eS5jTqx3RI2zxNTCPRpFmQNpgwfhw4zlEqFdJnpvmQLzxXwKPPPQYuwxxcP437jG3ypUVIcWJpaIG9aSOkFR8MbOHiDtX50UZ9ygSA7WA/86Xo99HIoja7HYaq75ha8SOf7bPJ9I1pFy6oqNQK+PS35OoWKInmnuA8hkn2J+G/cOAyODrp5Bdh2WpbJzWe2VsvnPvoUkd9Js17nKLM/6DJD9+jrmSKEGVQ8ELZMd8cO10UuQGp81or3oaNfKbuQCQbOAg7ta1VjhPyP7vF+azZykUZgHHL0/eZW77JU0F2MjdzatEB3PJu1OdsEQQUqzPT1ZSazPw0Zo+iQK0pdNkKXXK0AWziA/4fnRef8VbY8TizLL7CUU1LSKMeCh0xSaXeZaufw7YZjmgGXaaNXnOxIpb4EKaXgNZL4Q49KtDdIATA8umXOxxPINoknXn0mOL+2zIEY4B+y4czOWashmuGPV7OJLtnCF6upNH8Yg+3am88cRspsF0i4rEo1CjGtC/4PmNsXCfnqmeWyuQX9tROZwkzBVDWVlYSaO8yMPa+BQTQ7m4bm2CaPLanJ9t6O4bfMGlapJEl8FO4oCgwA7Wfa5z7YLmy9RJvWSPiq4lyHhgJt1sZynURntoqEwcg1QbIqG8x1fvzTT1HFTsYkXawAlI5EE0LaK0SA5uOHDrrshseTyHvDNvLN2MZTNMUwYHx6/+JroZ9ZMKOokeEWo7rpgSwGf3e45Kvf8/Pv16aI4iOT/Tu0Tws/v5fY19suoU5gegjjVrszn0QrlqvVpCtFS1m1Ea6zLNj7VKsGv1byaEwqreQcUjbFEhtDhbr9PzyPn7seXgmga5XrZlwlj5xlvcwt08/2WDrz05PONMlWl5L1As/2doye/9nzpu2TCe/EH28hAdo/SXHLeFcPlTJj/6TZGNUOvcC0xGDdKS/bnekE6WKzTI0wo6XljxHzKdZm8dQrj3fDh0/3zLD3MAIthVsywFY165xgWnwHOXl5RRB44FcJAlqgTHTrEU4FDVVSbJGpGaX8I1tn9u6G0G203Cj9waVsK7nproFkKtw8zl334yOzBYenlJl1PCAJCHHNSdWC8Sffb7abBz82f9ynXAolO82ATVDTiE1gaE3rUysFFYNsEcGnmfHDOvj+ec5YDnv8nwz0g1aV2WzxD75VYJDYBfvtvVd3ve0vArCNI/NXDz4vm2UoVDIP/dHt5FNt7zuH0jj48kKd2GK7oLtzlfIjZkGGfCg6X35nlThKhGe6SdKJv5VRbGJkAfXqWfPg6EL4cypAcS6REJeR6MoSZQvLWq5XCQKDZItIcHmxN9OrV6dQmKfM6UWmB7ZOTiFlK/zxK7hCUMHLnlP773hLnPv1l1+Drf/N4zmWJrZ64GEM/LaayRyMTV9jWbBlYItPVcTl7jmvWkjSGw7FWaKUoKT4bo40MLCt2ZqodxIa8DrOWC64PpfbCY2hyTqFskAiLmxsdXAMYutk04xf3F8MWDC/u05dZe4uvvQHaeSYOtjKBm0MsiLZ2pJr8RWy0tQ3KBW5ja1xEqXSZodj1THAVjV6mlKZftcr43moR0kOmd2WbVHLytJ2pyoPiaw3rJimlsPDK/RkaojsY5xUU8XnngAxQvwq0k1RIqgk8L2AB8QohW431Nno6fPV+MMDX15kPtVqU+9Bg+Vqkq0Wk7bR0j05R4rLMyQpDXhd+1rQssoLHMfJ4i2VWAhxXYfZnp1gC5WhYHaDqVK2vwbT22D0b/MEtWFApjsMaYu2qsn4UqCr3HuFBuiyqM8Vh0KWyEOCucU2QNZj6ohoKKMVuh1KVnR/u89kRoxnMnfj3PV03oX6oaGUNNvdXK+qF5RnWl+/0qFhvOQNso4E8mwg9RYyF0Blimxoxa8yg1ydGeNJwOhjhmIv/nNKfhh6IaGkOQZDc8kh4yTIN8/jIFloV284DF7gEXOwtYTrzlwhOtWt2aqsW0jbnn/1Z6itxGAZGGI5CsjYFJmxIDstPDNztqR2IyXxnqtkm85Wje4F9tYsR1dDbz6CU1apmcEP/wkeggINqlVL2pu8YjcczOj23oIcuvAxGCFWLsUfIqMaOeitLcLqerJysvWrQm804oySrE37dzF5ZYjj+d1OqlvZGtbRaeZptV4NFxe130Yek7GTXf7PTrwQdL0QLa/qmrFNHf6VcLobdl8Bth70GDMSHbGm+LNhm6oqBusuu17m54GSmzwy/WFxbUglf+b2nodK5yvo3qHD+RtrVVIGabL/v5q5FpaloTCMZ2fDudrKWsuoRiYk0SILoWVtbuSFzAs5BgqCIvv/f6HnPbs4zWpFUY+Xb9/H/Nzje38973naq3tfGkHMn8ZhGA40WeTmP1s45A0aq1sNqPPAVblGVSu4gvDlLYVmOm6TYIMs7B3pbofYrt7cS/tisgWTQtm7Cx4F63Vwc7Hf8W4STCUN7rrMssyOlNnKILYRME1+Rb75r4Ltvfr+VnO+Wy8e3ns0XrgaFbta/+ejh45K/dLGEAvEFRRoXFgsKwPkmbhzi3HbtQFwdR7fhEsGW3wJs3qjCNHWwNawJbn76tXdw3wRHOL6K/3ti7djlrOVLyHEmIkXR0Scw32zIqPDEZNSd0+yTmWrNdtLfi9ovNZVjatP8ZY17lQZnN8yJis2Seqx27KIFLm3E9GSOdc4frZAlwR7E5FZfBveaXT9Lj6jTJNZ4/ZzXdfHPtarKM1g3YuCaEzNOSIFVueVVhmFKBmzbcuiEKSqeKtBywJjJsNX53Ql1WHs9Xr+Mqqx7svXENOm2qrkWcamZlHfLD2ENy4gxJqLl4S+gVxRClDEHTr3VU7zIdDUgu1S90b7/eM7QdQ21fjWl2TkTanqy/SwjDPLpVw3LTG1AHEaK3wn+PaQTPHVOop3vipCE9gCsgKveHsyfDR3jLf6iMnMqbhs1S75YdDJYhCpS1r3nahn2qWItVLmxsIZGVKyZLh432SRLG4+fpYc9aedTvNRJ0Czj3hCKcue9ZyuhARBq3Ey2m3/ulgQoClcCba8iWIl4urY/0zrYzhrVJ22dAQP8SQUTgIKVS5iUiHhMjQhipKgwHaQtIOmef9Gncd6qKCX0VwMGERiDuwztpZ4SR7RZazS8qJ9v//9fYWaXDGMnK3tvtY/WlKnM9J7HO+aVB4uVWQry1JSEWV0s/vVr/xy0IllMckWU9tHhdmfgt7N1/qXgaQ97bw3mSXR9UyZdAIF4DR6Amz78+tc0rBcZrhcfqxHK85uflnpW62lSdU3bulK3Mh5Fj9KoZEo/QB08omtxJcyY+qrfuCHQVthvq7XNQnJ/BrhnWkXdMk1iRhQYdDDM3jKFjAUOaivTOvRKvQtZEamXpltXONGyVkSPcHxFPlrWmN+9Je+7ygbE+05ESvIrcnC5DKmZLj4R47C0FrQHyt3OnWH93S9wVC1SMRHZWU3JUKoOGDTKjMAAwNuKn2JDO+4irt3Pn/0udKssU+/MBTOLdCVCsA2oNviML8at3hLmlOhEZXJhOaa+ut6QC5XJpARUup4h7FQ9wbaYHeMUR70ZMYzPjPhzy5RqyJa4CAJp5yqMurlQejNpkx5xJkGxamMLzIJt0w35Z6HR+3HGegeLidjK+FZXg2MXj92mfVpcQTbMZMh/7Tq3JGVXwCuPag2DGtYlH5mMei+arRsLqndFrqtvzQEL8vcutAxwMrI1n4SzV7xGk/pgi2YmaMXejxHZOsujmMSLbW2s6pTJbqXZA8VrzPUwDajaymYT37UffOglVl9dSw1Yf6XNlVcTvSTl0sU+HNVNiRX748Xm5rVHGNGwKXU4mSY20tl1rRub4JhmnXb+wlmI0Mr2KKEVLtPb91s4Z87Hyb9HplYxaF/lLD0T67jp6E7knhKVxLCVdgyercI1cbTm/PEZdBtjbVh7WJ3yr6j5U4cD9y0lj8dNoAp3afTZQn+OY5dynrK+kcGyJRDMD8Eo6Tejp5UGgXyNPY9sjW2+fCzl49lokvWTq7ZMGv2bnTb3+tPQkrY4dLN+fzT1veXw4Fry2dxSMMJlkIrAlzbJVzU0GcY2heJp/AYDj6tpR8e4yR6+6qaSbDrdGkFwXcrKcgrhScblNZl6YLEW7IxDHq9aMy11J5dR2SbCpdFRnIGeomVbkKkmClaKdQUdg4VbumUb+KAYqPUGgyGy/Gh/XYCqhVxYFfcJf7CWpNsDKyfTamtPQ+roZOkfjjuME+8xSqyZdM4VSgy6KoKjcvLmqFwDrJcTbcBtKzMp5apQh3AFlDKMHPkPTpqZJGxsDIkS20cR/snvckvDpCvVcau2Kx5iJJDDF7+EoYlelMOACVzU9DWk+6AI/Jnno7oWi3wNRR08kAWlpz3oYoKvUi/0no+5bqhW4knmJa50nuklT9ORp/MH49mT/q/tXWlrveXXJMuwV032yPoR2ippiynVPI4LdPlZysSeMoWjYmzrlu2KasQ67ke0yPTYjJkqr6n/qdwHiTt/TqCJGkP3t/eh4W2bd6FSxVF3omwUDRcm1HoGGWN4nM2cXx2U0x0esttwVxsJG5L4d8F9VYL1SWKaOim9BrTbRjO50Hdi9ZPkLshwvyJWfgn+7vxcTt1bOhJjTheMyqA2r4ZNhs86InjoeAGGFcLddA/MRLKKk4uGAp+bsrO34ZxkKTkepDf39g9V5959cNit50OHeprC1dQ6pRB1VK2iniiW3Z42e+WpXMIqtCOEjfBTs17eP52fJwfRnVvn0kPJvj3oX/oz6I2XFG4XTaov+zaZItkPyUoBH4FeXdM04rK98xrclMtdHMXHxJvP6OJxp6Q3T+Cjvn0t7N15CXBfA7eyAWmjSFQ9sH5nFvmJgHSZUCUJiWWlGVwxbSd4TKMR20QFHP+/88e3gV0AH4LS8rXe6+djIJgfqTI+onWZftIiIBpigZhOsWfttvtODzivN2OtDNpr2eYSf3wH9L7MXHaS39C+9IL9HEn4IAwyTYwAHDav9+N/Ft8Bd7m7P7yzMnjAAAAAElFTkSuQmCC','2021-12-04',1),(16,'PF-4763',15,2,3,1,NULL,1,12,'11',5,NULL,72000,72000,NULL,1,0,1,NULL,NULL,NULL,'2024-07-18',NULL,NULL,NULL,NULL,1,_binary 'data:image/png;base64,iVBORw0KGgoAAAANSUhEUgAAAO0AAABpCAMAAADhslRzAAAA7VBMVEUAAADf3t/g4OEAAADZ2dnk5OQfHx8QEBDv7u/i4uI3Nzfm5ub////b29vOzs4aGhrc3Nw9PT3Ly8vr6+vY2Njo6Oj5+fnV1dW/vr8xMTJHR0fX19dBQUEsLCzDw8MmJify8vLGxca4uLlRUVGop6jIx8jJycpYWFhhYWHBwMKvrq/Q0NBdXV3T09SCgoL19fWsrK2zsrPU0tPU1NSdnJ27uru2tbeXl5hxcXFnZ2hMTEzR0dKLi4xsbG2SkpOjoqOHh4h3d3h8fH2Pj5CxsK+ioqXd29yvsLLX2NyIQ02OXGPh7Ou8o6asjJBzKzW9SRhGAAAAAXRSTlMAQObYZgAAI+BJREFUeNrUmGlzskgUhQcVZWlRQFAQRAQDbmDiigpuSWX+/y+a042Tcaqm5sM7me3EdJBg0c+9595u/OnvETFNcygMBd0Quf6q0+32+xzH8bIuQEOzFPnpfy4CyKFuyFyt01W08WAw6G02m15vM9rg+EXp9mttTuQNXhZF2TAEQUcAhulwWOL/P/jBSCdeqfVniqJp2ouGcXacHd/eVt1ud9XtcCLFMr8EMgzpMGWf1BEgA6PwrCGUpv8tE5imYFT6C1DVmhXewCRB8DvxIjEF0EElIcQ4HsjkSSZUXlMS64ZhyDJ9IRgsAv8evjnUddlgOUsFHfad+ZPN6HUZhufzGjqfw+V0a3DXUFaO4+1yuQynGKZTjO/vy+Xr+/tEUZTZ26ILg1d4GcF64DzrOQCUGS8If0r9IwYgZio3jwqc25uu78k+j6PgoEqW5Xr1er3VapRqNey9vVstw/V0M9AWTVq11Liy2O6/aQNfO2ovtL4nPSoc+OOxpinKcdWnERB5mtZHEP44AqiA0gCP9KffDm6aYm+6OyVJcrncsnkQHJhsO4iiKIDose04jtpq7AySjlZyyiYpiBWu1u93arSQhzihC2kqlP9j1W/IItfsL2Yo/PHY97/iANFIvCAMHYQMaA8b/AG/YX4vbHK+3++n3ccSnrzkeRbPowiEQYQDsD7QD3YgeQlHjMGRkDS837I4wnlHVVXHsQ/4iGLysgApE9/3x8pbty0aApLzO9EoGDxa4JsCH/gDCFeDnHpgdlygCVIbUB8wG+By8p0mXt+W/kLxB5PN63S931PcmALH0VdSmWypcZLWqY/pF5IUxPkNXricqOjfdUMivIi5afM4g/I83++vtyQ53YvdGkX/Ouph2VrVKmVDJ78XTaWgMy90F4vjjFYVk+IL3web7orFz+NJb7T9/CiSK2iRswxDcAi+WFXIkeqn4GZ2TTK2rTw874ri/puK+zJ3iEFpJ9H1oT2UZyx4c4RvHs1xmJVBuJQxoEKrQyQmvjbrt2ko0qdQpFx7kX4brJCEFcXHhuFzfS9C9NeQNuA8oBaGeR+ojLaRRRGpmWTbCJbrEyX8nc5ZZOqiIJh6Ns+elP+mPRsz6MH/UBDQEWdiXF3aYbdmdth2SCoY3wXbTiaVl0FvNF0X4bgmpGVjSPdS4BU7zz4w1lLVLInNbkp2XnK+lDox3UuFUcBodbKW4ug3zf9EgI5/VcYUQ484BExLIojD74HVEqXmT7DofHwehVSQRdZku9wFFbu8uqBVIQkvp9WShyknkA2FPT0LuHQMD6Ct6Ehu7XCgECXQE/ejv+N1oD2vxMEBO4khgJ4CFFNFjkLk70nu9r5YTDbTjw9fFFJZ5HnANjvdo7Lw39vvlnqwGSykNlpNQhSZbFuXInlO7I6qOCWXtUppDayY5OrGGU0WMvc0cfDbET0BqBh14rC2EM2BH0Ro6vS8beMk4CFc4OAf1o7o/Hc04/eirU1Gy60vI608WAHbrnUXMzTCo5hQIz9gHa/6TsyjTGrWvrgxXS+XK4ZdSXu57k8urVuZ0hatIGYZKisSv0xzgKGD2RFoo1jybNVRJYDjojnG2+50OR3sy2VvUx2yfR44tnslgvwNS+49rLz0PkNfGOp8yUph+6ujomEZrOWu7ZSpVR2ruiaksyJ865y+rdjDgnIvtPFLeKKtuTjd8vhaj4ku8qA1O5YVQPZ+ZyfoZ0VslyaNbSk7FQGDCay6BFkSsgnN96q6Ly67ufOxC9jldo5u6WI/VyP8X16DzDBs+5PpZrvR5SfYTpeu+r6vTQL1kVnQVjNCjBkhQUKwlS+fAc4jYpLX5E4X22QfR3lrD1oRtDLZN2xWiMl8vS7W5fSBGzsuXX4k20Hq1JYFudYjkafMCpLbKZOKvWSX526n3LWkxhrLOPmLNr5+cpPNx4goH4yWsnLNWh8+prSD5tqC0Upau2oTIvQEEkQEe1iZ/Q7X46Esr5MErk6u+TyIGwloK4x225DKEozX98vugkMINnYsgOK04+C35bmQp7J3eYTo5klylZJcciCEI77vPddqzIlQ+WtL7vCyafdG4WSYvs4E5FVkrPhaYnFUGG0n9xgrpLZaIiFjjpydVChhMYi7mVzhTnu6H8lzbCKjxh1digOtMey7dZvKyvCIUVycR7Ii28Wh6jDZ9boH3rpELXSgBSPNk1siZbnFKsiWgsvNrbt1r2ZWhL9k43zb7G0+x2QYDtIKy2u7SVnfZhR2DCPbuKfE5FV9QjQNCeMIz1ARHkO5dJpd7haVWyW6kDTW6FKUVudJXEXKQJuD9lTYks34AtsFqlrK9lqu53l1ywGoTe8FK18vapC4kkpl2clFbXhe45Xw8l+AFfb+zz00Y729HAs8Y0VeH9tTjaZ2MaV3lCw6h+odRasNhfVOaHKcyDMfGO+35mwln23ac8GK2bdC0+DhZGblqkvxrCt2Xad1ogISlAfbBTeSyHDqJa1LQR0Hg5WfksJWPzLclr29323QVs9E5smPw157/d7odfK5XCrpV8Gu3o7sAZc9mXCF61Ba3Lc6JyTVOG3TkQdjjRMqCMxCqRRX7uV9uc1U+hzEbFDfpjJfYQ+o/PDQkBykN8j310tyO1hskwL8MosU1220PEYr0duodIRLctrIDjiBSGeZXW+B9gbaH16D9Ky36I0A2lR4oWTFugMTz36F9Qe1zHUorOVUPUJIdzDCdxPT6dbvtleKguR3r1duz8xpU1g6WW+Aqq7oBsSRU1WykVHLpS611NK+oJVAW8pqteoo3bqHQ8CiTCOUsWV5+Ewp16o3cEXVNgXuRzePYt7DBmqJjqoLfGlilliwfsEqI4cZ2VW9xoAQzlfOU6rQ72pKD89Lr4P4VriAcCgrc4HnzkArMlreXDY8BwIhzelDoLVA+xBQSlomWz1cmYPx/ktWHRFptRakov8gbLxZTHqbsCOwRsxM3P1iBSxoJ5WLZyPe1MchIcJy1QvB+v4ebrqK8k6/qlpGgQOvUpXzwmahbfAy2hhoZdGQGgBjwPQH1CUttcyvAi2VxAQLzMumaD3huvQazEH8sRW3FveMdhd7KFmvlK241mxyvD40ZN3gOeyRtbHCVeasbPHgExOT+CNuG04h1OlMW4TYKRa7gyeVoA9Yq2UbIg9MRtsmSdVVy9RifMixJdeRfqNtMdoHnSPZjNqz1KfkMtqEiNyPFG4lDhfLAs+PoYycYSnhZB3fn42W19t5t/uFUzNhTxMIwvCzCyiIICJ4hHoR0XjGK9Y2rabp9fT8/z+n3+xugdbamn4qngn77szOzu6wHcRjd+rHr0ZYu1NDtRYGrT7QJ8eJ3F1c+Uk0WFD2VMXoysEiC7juMUFr42713EoFxiXgTPiv7QylmqNtoetaLUnbztPST5DJGf9Du6xgfqtohevqaHa1H6zeb5+/QZxpYTOR9hVxYmRyN1dtTB80aouajz4ZNDezVzFYiTZJ9OOesqdSK7Wqon1RZ6ltDac+0gqlqxPabo62Ily5Iv6+BS+XtG1B+3OMUCjTRnXbe3KYKh+0w6tWoVVA3K8+w7mwIHtW1KAicHEstPGNVqB8Di8KRcx0t+XOylwUB7H05Hf9fjR4g83JWbfVkrASt9su7ssMGahMLQ1WftS63SrNrnnlY1C1IGnb6DgsI0aljDb7fYFoX5qh89QwRQnO9uPdcnt49fqqen3zolS4pgkERoQo9oEQFpYORrBvMGj1o5UAO5Yb5e/6HetAiTyMKUVeSLQV7aFs2ZIWsswh/Z8Whm1epUKpmtJ2JW1XdBqWgG2B+6snE22xate88InZ4gwm1ArV69mL/X4xejlrVYqll8pphJGIkmysVHgoY7EzicsPWiluxih4xbtm0qk9apVKpS39D5G0XUD/tF5evw57NmgJlZ718guti7a24eWZkEykb2k2lerSA4fc27yKLafm2U9LoIK75ePsqguaMyoKsyLUYofhzf71kpVr9XIUW3apaN3adpAknWZz3KkttG5bdFKrIAb71euHVYTa0C2ZloNUiNU3RdF9JByV8hTpG/UL+cGpil3f9J40BdW4WYbqtag/GWAZhpUatEdit4Aekbpvj0uYbqobtOFNS8qQm/V63K9PtAIG6ttVEqOa2fFv910YtAKU6gx/vdzURdkgxFLBoBhvSFlO+QbGvUiVf3xdvKs7TwnKhqGKSvXyWckNbDQbye58YHCCdSd2GZ6rQVXLcBrYjN0jdW1f3SyOTV6XHcgZxMGa0eLIzF5LOwuQqphKO6uKYzpe/UmwNaVQyRY+Z0EcYj/FodBYRiazQX/XD8t7DU3qtootrOpeLJ4vnr+L18JReqHFxV9IPhsHolW+bAX1cISm/hUGAwHqUhSo0oYGtnNm2F6Xm+uysDgYbMcmY8HFtCHvCdiMMyPNODNaczftOdyEe7o6M+8qGoWh2YvHbez+tKf10562lCFkc0e8krgRdnJuqhS3BYuoLN28fiOGDSgmq1UcN+dBoDNuoOaTloFPVHc8btxeGo2DHrGekqaoHpSycnMcm8wLUeTkY50F4XB7jH1+K4anwRWmokxhazQGbOZltBi6HA6gCvUE84dS7q2s5Rs/k/aAlihiQXYP4WoAVQXTv5kXzrOsZkrW1Aa/kzoEq3AtK0w48xhMy4MVvg+skONzzxGYmTnzrKbhJq6DYauj4Rku13UEanUytdqaz7GQnpIAM59vwCMVRbhDAUknOY6j2mWsP4WXzj1UBU5RM1BFCmW2RS31duOb8K0eTNt4ZzCPCrD3DY++CsMTToMeZgML/cCaM2eD2Ew3iUwWc9Bs6s3L5TGPxHLiHz6zy2idsKZw5fnzoCS0RRrVMERBvO67Nl72sCRcLwXtZr0JGBVU7RMJ2JreNxAZeMz1eWhBOVyLS1nygPs5oQ3srPjn9WW0kWGl0VgSC/MKC8uGAEQOLtErvMm5Ddoas+YTog1wHY3O8KtTVhKIh+v7YR+5B3PWRCvNSxK8ZyTo8Tjlz/9IBVLjk39ZjHI3943AkwE0i1SZQhL1BY0w5vH+LmSgNW3GGysLtNiICpw/09INH+8wVRxRjiZPtpQUcYprZDbHIVXWa+BS20Y/N3rFxQtjqJOMv08vy6KGfiLq/OtNJJ02133Kg0hqK279odk0OFZupsF49I4TrU5hkdp6RnYS9zvDDeLbvGFbUI44QwpTMHVmGbdyZFL0rF4laPZ03oj00P2eXETr+X11dQOghz7kkqaQq3S/RqAU7xH0ncTnHLyYUnmwZEzgOnCNs7i0ZWEgiJlheB/hpcSTykyG8UA7uD6BQRKHBFO4iM9g8pjyvxpkksS1WOLquu/xRbTzYSenMQlH9U6ecph2AWg/dBKQMVQDGNMnHpch8o+06cAMJaAVrhlGg4iBug46uT0tOlmeQsw6G4CBjFsULTImwiKZp6qZ9U9fL6L1k5QUlM3fBO5+8pNWTOls12GgNULytDtHzAgQzzln+ko+QcSoNxrT/pTo5MiRPigCRhimpkrJzsNBMvWz09HMzE/fLgpSzf6YSJVZBeGvsGJ0kCRwNFiHZo8yJ0NnTZ0p8TyqIW8kUQWdu8J2m06iN4Q/2uSJGZik6qnbb0qz97znywFEqZWQ/uXT50tojV1Cw+be76eQv8MOh+40smiurdmh0Ty4cbw6bp+/vbdBy7McK5PMKZguKoJkQ11c6HnLQ2kvSZeB5SkVWzoV5ud/3El4gSNgcZC6lNYdHmZvsG4ZTwM4KPcCUZ9VlhZhT7dDJ3n3fPFIV/y82M+u8TzDbnHxWGbjlDYL5CDljryY1cEXlCErPGzI0/MpWmY3K4fHTiVdiAloXaA6T6L1gwcNwg7bs+ub/eMrWrTH484QTouCHvzu/vj2cY9lvby25/HV4WM8uTscB9ubY501gzytWK4zJ4iQbXCD/J2UG3pwYMNKcxigSTGpNJ1hdPuDPMtqYLr0cVI9ryAKLqQdD8eD8UgTkthUJKZCkyxZlKqLB3RBZ7CNd8e3g+FkkGA19jDY7vbH3m+0DP3NEHzBWReQwnJ2Ssaced/tuBaD8mkRl9g5dn5C6zCPG37Tv48abqe55k4e9lJabLUsp+X566tWAfvIN68rilk94Vb1H/x4sV8cn785dnaoc64Ou+Ok/xy0JmtGabOonRbcliTDpQDMK3Ap5dJZPgUUj7zOLQU8i/UTTivcnu3e+XAhcApFSK4uo+0t56PrrUNLUzsYoRSlPRtdlaiUVim+8CcT7/DQfGtEHwbYnTocfFyOfLc7xsdO/xi/HtgfMlpu0IglQsZTaysO9ZHxg5Jz0UocCcLw6VxMQNKJIZBguEi4SMAgJNwUEVDG3bP7/u+zf3UT1HV3Yf9xGPRg6I+q6q50VY8/KuCpxk54ePL9ZT9ZP/BFD5bix6xaPXYtF5pNxxKkQAUsaC9Zgcqz3q1qYB/p7X0bPTWM21u9BPQKw+JPcWY9jBelqoLPNNrNdi/xYo4GhWgW8N/mT3NmzXPaz+A7Sa5Agl+qkGSMaD+I7qeI9ierIwRH1ppK9TixIUsvNPuMWIkWyvSLsovKcrt9KqpCxeXr8qVYX+2W3Sm2hxdL9MLYte6+qkRBFPHycL+frv2IT3tdl/HtAOES+d8HeBo2llsroUxpreHp0ZETS4O3hx6+/8H5T6HqEKsFEW6sP8KqNOMBF+4Qu45/VJZdSMuGv8W8PBZxWh+MX95aMmBlLQTa8/sXE3tII99abqMuuE1T8fBGu01l5Oe034Hh1s4IoEgAQ95uc0cX0y2+9UDrh0Sv/HewOowBlGDl8sr6oUkJF8MlPY/pjIVN38thk0S5iLa/W75P9Sqb7J7Qo/XyVG+oJ1F97WpcuN+WoComoMVwOo+nLg967Xn5fWXy9TxkP4W4TN01gyFIuJUP1ohXCtgQtArRSin/Gq8fjgCVlv2wLGW0pup5gTMTmwMFnmCGdtuaYAVsehntI+PdWu1hPFxf35Vmxq5otwbUy9VBiXw82f5WHa+UwV73rN4wntR3AWgPcRS5afq4ejN5OvdFcH2Tovuur38egng0Wdx0Cg7jLAzZN9oT9TfSPFotIZlC9CmX89ljsH++feheK1xDIHNPWhbF9D//uIBWvys9DmihQXVxMEMtw9iUhKrmXSXRr2f1QPn1tA69fhwNnir9w9rvm3fMrFbMznvZ5XOP/fTkFBYo53dleMSl+oF2nXBd04gWBj4jR0jCkhj3cXLKL683qlDHZcB1expg5Q6kE6XnaRWz4nZrwCUZ48GzjRpt/fl+gK4uNOHdqvb7Ht2otFE9Xr3s7x9Wq3vkjZvVw+B5kvSCgyaNgT8ne/HkukxHuwSqeMRpAj5no0zRLIXp3jnak2k1SQtl2AjLzAnGScUDDPVQ5pbfTwCbpjBt2k/M8+sPq+ijxf6qJXEbA1v9rsH2BUWgN3TFv71RaYgekVu9YtbOtNAqxKkY2VfLch+pBWKsotOJt9BSkC7iex5wxbLSJOXZGVQrN+wpCWbrDFU1c0qsUmqLs0RzuZ8kBDsauU12ltajiOHR9n3/gGRKIp+yqJZqTP+tImSWdcXRNIVoPzClnOyr8LCiA+4a64+v42WeuH/SC+Y00i3G415bU/6dlDnsFK5Hu3r4y5mulSPDQMqT496zVHN7fpqsZWdT7J2l5S7PQryFz9121H19e+rURWcTFaWxIrklecpMKt8hwQmWgoOkTZO0QP00rpIkOh1RZAk3S9fx5BCzR3PELV1X3JgzjRZiZv0Tp7Sp+PsdFm+UhQVEwJVqfEo1hnqybsOwx+MjgXaWtnmIgmYPC6OYSqlBIOs359Pu8h3eu3wssRy2AuWn62AwpkE57acvO4qfUolW98EarGoUYLVNdGe6SSVjXuA4BEFE4Pv74npaWyWsFNIlotUKfmkFWFnwlbiDAmZMLrbLXCg478kBKkvTRYTCayyPVoWWeHcscZpe1R3aEQdqLsCCnM7kfKWFclyLY63VlbVWOnROdxdGZ3o38pER9FxGkShwCfAEC+WwAP3KCiFjW2usPMGFqBcOPVK2jNyD4nPQHvu4AuUs7WJIOkxJC1ADm7j7Ll/7fpoReyGvt0pwmA52+aRdM8v6pE00gnUrpTdQkruR8Gxb7cXXuhd4zrF6c9Inaq4cVLLi1R4ypaTaUQ3cicoujivhymM9AS0/0s71s7QzSogXB4F8mB4ktMSGuWM4OR+lPj5dJDQiCfigcLU+CNfzclrLOQL7WYEVGDdZHYTfgmzptR1FabuMaCERoR+nzPAUq9L20tkxN4gzDGHqs+u+oTbkGUnqhQCuqm7CNee5aXvB+aqX2cSZjm6E/fNAMB9I0y+mlpZ2xZ5yBuw0DfFxO99pHTl45qSUC/LKnVjAKchOtXV7aLpMT9sUuCd9SErx+KVgZ3mZDEVB0eNhovnVFbqriJUaOdCJQhFyO0q4EF7WbwfmBZnj+F5t1Z6f3paTeQ+/hEaRaErI0spH15ZbcbDziKdhqIGMaPEFWjlgaVqRBRfMhli/0OQkh0dS69zxFaWXAhdgObMklNLCTB5UpDfjo8wTVUN0lqa+oyXo7yliqVDt2yJ4ay0VCqwRP5n2Itop5Y0ku1i/f0KzME7Otl3ep8Nsi9y+4JW4nGg9jTzZI7F4RODSMy2fMv+k9AC7ioNRiDFqJzMAbKtj03UKvM80qZzSIUP2+3J/eUSHMDGdgZEk005n5GvmK5kWn1x99YpTV0ZDpENdnZ/6aoNm9Tzt3XSjNhoqiHMZ6D3rYLNtNonai6Fok0kRTmCEVRM+Eq6c0yrByMktxXxax3h1qcIAnXoNor0taiuDUxvFEaI6bZ6m25SfDIlF37MUyZgfqi5X8iqbP/LJkak/Te2Uu2qxP0HPECV9r2VcQxzdxT1Z/wJa87BRxW8atYbdsqGcG+5SewlmyJCXyBRn3SHd4KcWz2kFLiNaSOCG5MyKjg4z6rwlL6YIu6kBl5KgXYUzrZ1Z8vU+xzzgeRYMCbocEZKMkKOJOxykwn5Sqas1HCC4GRb69WVz8mZQJx7cRVhWBOAwvGTrors3DMFoN+gSNhxPjE6kkTvzMFsut2j0scHQQvPwnAla65P2OHoNg2PMckuYTm7JgemiNtS4gVHoerfwSNbnjgdpviPNSMrbIPJKPcp6UIgvudxmodKDx6HhcTPGEeBScxzcGI0jrQvSIJhPt+YFtM7sFdmn7NSh8ZHP4Qmob9GHOX7sR9MFdjYaNvpn8UP17U7QQmJfkzVBK+VQDTgzI5WmE8wn8mpQ6waouO9ouUqmcNciBABdS0oUOCm9+IT0vqQW9ENqKqkuyZGNurFpd3fRbN8fC1felVEKjIF6OMyapQtos9n2im4saIzH/jsDAnQRDftPjz3QmlNwvg7rcEv73Ux9jxwXAybaOKdFgR55IccUVSPXBSdiASMi64qeeVVdFVKWuppsE/EdUSHSJGL4Cfm3RMoH7bo6UEULpM3N1+XrbDPrGi1ccMtQzEGVphu1teoFsFXMQ/e0J6Picrbw5Batk8Al57033WjajAb2VX2wWnVaDXtbyT9+L4RgW4xKBqLnOGlBsY1aC4YE69OvxWR3Q8zFGi6Hd2kyhKsnaTWixD/fRT7zRaANUUsKr4sqTQMPv0rmPHpvdjYB9eleNZsLtFT12KWdUpVusOjusBnVEhkP7ApSSf3csGsPjIN2eH91Vcct/D0iJ/4QqdWJNuZES9+HsIqLjLGIYcGwjZfu+/6l19vTJYuYCEC7NMOQUzRChPaNk/58Ma6XA/+erTWrBVr7atif/Iq7s+Bt2bTheTXU+8MyjHqpCttD89fkd3cxWe7vb1r2l2ZVnMepddL1fDH0C7dGcfOygfMMKjwVuB5FGWjnXAs9KZhXg2kb5MZqK7nGhR6CzH8RTdxiVlmZvsezIy1w/kUyiTyeVOEQaxt0pKvY7nWxLk5m090Sjqje3JX+53G95Wt32U3abgLxuDse0H9zgDiDoYHe4uF8sYi1rQ3yW0N97nvIIJE9krAy+BZoPZLw56Q6w0Ih5u9FGV3LgyD2fuMbFbQ25XqdSqbxJDzi/lCeo2HZyU+VQchq/+rmXJvThIIwjB4FawxU20aiEguCIgqBhKt3tDT+/1/UdzmJk37oJWkznfoO4ziOyfi4y7rn7O75vGIiYmbTQSE1fii+BOudBtuOXjyvFybJwffV6bhaPR7RlefqD36B1a23Hi3Qs3/zVUXB766elr8n2buKVbZegPP+Htd9LXq6b/HQleHIZFpJ8eqtZX97K6udQ2KJDOFNUxgbYI00W5ZRif/RI/Zjpvw0J0iYJ42RgdQxYoWY0V7MPTNOgq6c5SI5mvBSmUmYOIOi2OdhfHxfP7qu7tB8sFeo/jbxglkUGKquR2ay25uXMq0FqdRJm5p34K2pch8ix4bjfbxtShr5cZba7yvI5aqFvh4eYdymQjG0ednt3y3vuydeEjmJexqt+g6TNwi5VzU4C4JoTxxULP+hkOeHkIJ8/mLa6SFM4qZW5EwzM99RVd0dT51kN/I6WBZ8CahFgWr0nQ4quupUtzhuuT0yc92+Ifd5JkBdNa0OG5aLFFuZ+5cRlpPFeMGKQJHaoki07+9xJ7rABSIESmIEFzSGOCdhUpWc8Gf32MraMwm0Yk+ctKKdvzTZJdJmiWUvpq3vV8k0n9ThgseBJk4OlWzgwbsnu4AW+V8Co1QUGUYMK/Pl30nLWfAR7Zxwxb5sTYO7NbumtGw+YZ5jFOY48G96bO222eBaIdpqlzo2H7fNOCXyZC56CkjeL+QiliHzqqNXpmWXuY8G42bTjgnjZINqUxr2RFV4sZLUe6jU3eiQymv8eFT2YpI3h1l2MLeQSfIdCOyxAeOSbXHhgbDvQj+I4emGj/c5hkiOLLG9Jumub9ZklSr4mTpCxqFIZNsZGDmXRRfEu5bUKFIt+VitdtG2c4niKJ3dInDlTOK0bF41g818s5YLJuWvHLXNUq8ojEr9eLwwVw1vmKSiZq8T/xkqX+9yWnK30z22DJPCMZCnqmil+7AscxJpmA4PVy04RGFuzchMTZuJFKRYu3/q+YJ41mdEuHmw54zz1tzOWL78BMrvFTNGSStlP6Gx12zbbGkS2wqvkpzai8kuSbzUj4+NY6XI1igU2AWNHhItx+W0kcppIX6b6QFvSYGmatVnItFqmwI3gB+Z/jaEMfIT7aB/M+VSywPkbuR+FefmdVT8X3xzPziS5EIiWjKu1PMVtratVBKlvvA63dblGmreXT/EPJoXT6dGnOR2soWItmQ90d5Y4ydWwtVNOvSOy7hI2bBMowI3LlZ+VCClDYJidTjZdqZGMT9piKJapXYnw08+/qpHflTSDjUkP6PVqogzNmSD1p+fD/b506pZngo0z5JSfEzhZF7C1XUKmVxWZBpxbHBFS6wMKS+5LuAQSRGEm9CPXM9WJ0zEJ5VYc2bJ3UodG6OWLtPhUr83e3fPuHGpOaI9n7RptbEU/oZaq2w9wR7LZIdRBhKIn4KVD+SYNiOfNB3HZhQ/4sadkEk8RfZnWJckfliMQythvcaA8ULT4IKMOeu+9BQdGJdwr5GnkVcPYVrhL+nqQ2263WfzeZaXvEn4HDcAGwFHBDvtOLDtk7o2U8rtwLbXRI0VHVUPycMHjW0qQ4loJdZDBHqNPhBjGZf5WJukdIW/qSvMuaH5LU04Jz0SLrlzaUpuWtUy/fjJtu7nEdEie79OkRIfYNrQ+aQPWCWk1xmkCa/UjONiOcoLI4bwBrq6YW1M+RxCpwwtPBwbgINZaYZtZm1jI3Z8P3hwnDxTQKUMaRizyTzdTAq5VoSjtNVmiiJu8sVwI7xW9R7j3qwQtSO8jUK+C9mk0/3sLEUZNzM7SHcQbfpUlkDy169Q/a2hl28sHY3ZKcsLM3HsXrGbX0R4XenRlyf8gVa0iMKlLPZ14a10obHvtf/RZxZPJThFWk3W29DfNK89O7vtUaTeCH8sx56nGx2ob6grdS2dUJW9LPxIOeO48Fq2MPY4CkpiOFmmmpN/KxfC/yI9ayoA6XlG42c5WUkLMoitg7lN5e48MsvNuFT4n9RA08ivnOCaaEtcUWITsziEVuOY8T29d8K5qc+NWwLDiVeOFSG0ED3bC+enlNNy8d5BRSPYhXCG+iQS4om4TOTLXaqKcI6qskdckdOKxMqk98J5qjPkvM8G3tnAFc5VjYxxXo6L5+sr4Ywlj54VvrXduXrxSeMVugiH2iI7jG+Ff6lvWFjo8iAmIAoAAAAASUVORK5CYII=','2023-09-18',2),(17,'PD-1268',16,2,3,2,NULL,5,30,'29',6,NULL,44000,44000,NULL,NULL,NULL,1,NULL,NULL,NULL,'2024-07-20',NULL,NULL,NULL,NULL,7,_binary 'data:image/png;base64,iVBORw0KGgoAAAANSUhEUgAAAO0AAABpCAMAAADhslRzAAABZVBMVEUAAABnBAEPEA8AAAAiIR8YGRhuBgEnKihMUkubQzkxMS47QDtESEM3NzWjY1yTNy6cT0fWwZ4sLyn9/f3fyqlWAwGsdnGmU0pXWVWwx7SlvqleX1yMJR7l0LBlZ2Wtg312EAq8p4F2eXVyc2+3i4ZPY1h9f3xoDgiFiIVrbWsnNzYbJyf19PPLt5a+mJNAWlKdtaGznnmrlW0yTUjPs7BxU0lkcmbFpKGlqqWWmZePkpHp5uW40L6foJ5PQTfaxcLo1LR9FxHx3LnHsY7DrYZdSkI0CQhNMSyhi2KIlIm6Z11PHxv45MHGyMV2Ykutsa5abmHg4uD77suTp5fa29rS0tGgKCF4hXjt7+21uLY0KiNrOTR9Z19pe26Mc2mAIhvn1tTw6uq8v72Gb1OlOS3D28nVvI9fFhCRFg+Vf1iPgW7++t3y16+dk312jX7j48nX1cDp0anlyqC6raW7vKnYqYe+byxtpF2nAAAAAXRSTlMAQObYZgAAHA9JREFUeNrUmutP40YUxStnrBk8noCCmjgxMpWdpElAbKQlIQkBxAdAWbRLUBaFR0IBgbrqB1Sp/7/Uc2diO6St2tLddnscP8LTP59779xx/M0X1Cq0ubl7fn53cHCwfbBthOO7893LTXzzm/+/DOP97t3P29s7O1tb5fL6nMy7PA62drYP7u43/7fMhHl/Dhs1JJi0sosqZPP5cnkLP4ItMe9u/s+INecdOI2XCWShsFJYmdfS0tK78g6uRf7duzyJrN6Cy/8b5NXNXWMoQA0nKAvziLGWl5eXsjs7eRys0fHSykqhkIVAvbVzcfm1hzVI7zRpCpo1fmaxvvAVsFBhe31tmWx9h0uy9LikkWfQ+fLOwflX6zFQLwwqQP9chZXl5Xfb5bWVre0tiFKbmJcMccyc3zr4GmvXKqFuk6lzRCYXscR6gfu43Mqurd/fbetYwFIuU6bn3wEZAq/GJpPvviqPV3UEU/xm8zNGEva32Ul28mHyoQUdHR3t759Ap9e0Zac/Hn97c3O7dXCH3yZmXaNwRCmfXQFwouz69sXuV+LxpmbNv9Dt7QR8wFPKueaMMdu2SNjFui6srVwzdnx6M1nfAbK+YGUafHc0fJ7i3Yh8LuS37u7/e+LLgwPydcY48Vve0b66vuacNyDVmNNbWt6+bTQ2bIs1bgrZ8VW3FgYeLL9prW/f3VM910lcBrEpAnrkgkxYb23/tx5fmnyFl8J1pYzppATWm0RvUzVIGxtcnjzeDupBtbfX7dWmPoiPJojr+/tdQi6TtmYRrm0mYtJ/V7pQig+2foo8AU4oJqxUsBrKeU4JUsMK5Ro/PNZqtV4YhVFQr/a63W4t8K6PT8hktJuIbJPKO6S0AOoRDYl8/h8A31dDH6hvBQhnAueCpynsDHdDe/vDcq3buep0u3t7tSiItMl7oVD7Rx8mt+tUie9BvEXhXAZwGcrPIefL/3afudqZToeVynCIjdE8KDm7wCtlI4nkw6Ve7+zq6uHq6uqsE4ggCOpR2Hl/hsAOfXmy3/oJWUou63qPpaw9BrERxmTy+N8j7sjz5yEQsUC0S0jnJLTcty4SG0KZdnKcnxyLXu3s7Kx51jk7K3Zq41pViGq41/G564e9XjXwfYxakzIKE8o+bF6nphJKw5rSmbqufyWPV/lzcfim8jwdDoGJNQnmIdRuV4TnecITM7kQ0TqE2zj5cdKrnnVilR4enrpWEPX2As5sxpWIqlDddfZbt+t7lMtkclnnctqdQmhKswj8L078wM6f31RGpVKp2WyOhu3n9rAihFfxp7gA0+nzUKRyxcxaB8rlQPvpthYS7YjWPWzPOlxEYa+uHNjPGeMcLvd6QPbFPph3Dnbv7wiZTEbFBvlcImeRyPdfEHjVqZxPK82nYrFf7PefKt2n0mjwPJ6KynQ6bVMyp56C1EgRLMRPDmth1BlBe6O9vW6XeLmMolqkuBOLZbye6wWwOfL33dbk9qfywR0VL5hMyAScJjJ5/MVakPPM+3572n/q94sALlWagAb1qAI+8UKGNXUW4qc/7NXrne5Mgx42nRwP6mEoGYdy+DlHMdFTNqPADsJqWPc9d781Wd9G72USGaImdcHj3S8A3HU3B8HgCaxE26yUiiWoOKqAbSZXK8lZZZw1tGt7fn00mFdH2R4Ks8vAigVymKy5DL9E3acjkSZB4GPrt6gTQemiAQoi4BSZPN783IGszp6ioPRUNLSjIWANLVFS0AKOXqRZEMewqFLHy13RHtRqg9pggN0zWo2RawnfD0CbiCmC18qB2LZsLkUAj4U6OWr9VP5le1atY+asQV7JfmbcC7U58mvG2lKx/zzsG9rBGwVcznKa09ip41IIAibPcsppfLtcc9u18bwGwibfXEQuS4g9SVbPvM7BZfTYMN2tRij4vneEwN6hu5gwORHhlj9vNPvBZc1vamsB2Z+2QUt6FrBSCd9FtdF4hpY5GJuEMPEsc43vlyMZjENk47haDauatmIj7EGbijOpEm/BTMKW2Rm/zl3wUpJ4EzRfuqmGuzHwysXnhN1k7x+iabFPsEQ7HM9opy4ZOuo3m2MCzdHwmQOtAmsiLr9fCmQQRlFIiqYhuAdDhqjwXtDaXNEulUF2Mm7IbNtmCGwggxmNyC11mLMJ2Xo2/znNvRCX3WBgrIWKlQH2UHPoKmiELxUlzm0wGj+7DLSSGo2U9ruWkH6bBNS2hh63EQ2uWKB15p1OmC1VdegdY4SsdD0E9wd/Ejcf2d3PSFsdfKzWSzFtsVQZYd8slUYVQ1tslpoSgdgsFp/GFs/Z0nira7TcODnEFLHSHra1ggDQUTjlOG8hX9Ayx2IL4qC2WGRoIXOzgDnKr9OfRyrfYoqc3/l85l7mLq4i1KjY2qYALQCLg4p0YlpFtKVRcWzzHCNa1/RURPupJd0hCcBTv6Khpw6DS5LZBgELXsqy4zepUKs8h72UneF1BAeN9qheR63PGMod53Kv3kkDeSTgq6YVErAStMWRQ7TNUXFqgdb1zNQAEqpxutZqKHcISpLnT8nhqbKVcpVtUUbOFlthmywpsiUXaZll1xndDgIyDYGt14byb7sxUTuvRaWUduACFUuRSjLMbfZL/SbXtM1im2gVhfFMoP2Wu1xN60Hg+b4QRB0Mp9JyMHzZlpZtzFV8nhYyhxnHwS5dSJavdBzoG2D8w8HrovbK7y3iy/cP4QA9YzwAjV1YS96OQatyzmg0HrclHE1onZe0x9d6bGGQAO0QqrRdywEus2a4jFx2WGz1TJbeZjjHQSoOZVzBdeOF1cq0tl9l7F7Iq4sV2bvcC8naeACaCqIF71g48NYP0O4gdo23QysHbiF0HEtkJmi/O2m4LKOhJE2cIEPr/JaWlKIxQ8ucOVrLdqCMIzAagxbktnX0qgZjtRvZncWKPN7tVcnbZLj1UKRIU9Dm/AgdIKbjvhQo131Dm0yG4O3G4afrhqvdsRzhwlzIC1yLv6AlRng4k+FijqG1Fb6SijAtLjiJui9mqfzmK2AveyJztjiPP7uo1cbFNJIrfr+pcdtC5WTo+cAFr/DGz4OSr6tUMp93ZYMdHoKWaVopFIZKSPiCAjKltRdpSTNay1Kggpg1o83xDHN1z8XwhmXYh7tX0H4MHetqIZDZ+VW1Q+NPPN6Kdl8n7gi03K96ZC2t0mt7Q4lT1t7GxA5oOZlIMShEjruCVNG0KsYz5YYt0ua0w3bGzDAcQ2tpWtvVbThjeGNZrVeUqc2LgNnvfzPZ69RKKW2xKMbkbYloHRn5xiuv7jlTXAVhaVohc9TYKyE5+/QjdwTL0Hn74PfrviCxeVrb0DpztBZ+Pqe3LJNzuEbDN/BNimTEiTOj5ShT+1t/P3Ev33uWvdBiB+Pz7sDM40nITfFMbbL2lotQCB/CZBXeok5XQAv7crPhgTlEu+FUFdE6delhWhB6bkybW6C1F2hxSLTcMfNgQwtAytUXtOt/n3b3TFrsfGH8ebjojfoE249p0SbPvL1GjYrQB9br9Qi0SGoPJ8cF2inwuJLy7Ri06HSJVkVSVKNQm+sSrePEdNbv0XJDiyRNaElMHzpK09qEnlH5+7/f/vcwjO8uTG0vHwZnibXEi8Zx5q2UUVAPI7qXFNV8JVC5BNFKpieA1D7kNo4/nW7IWo5GILfuCtxd1HM3ZmjtGZzeMpXS6pDlf0SLAZdrWm7TJnP9ionB+5AzdfniS5G7eTUoPaW4pk0mjYZOMKgjMqN63fc811GuTO5ZxD08N7Q9R9NGwg2rdUG0pkn4a7QWUxo2pYXrXBInaOmNPfn7tOfVjJXZfRHIdrjZ6RLsE23MXakmFav+U6ntRhE1g+Z2qpQKlAoi4pg3Z3+rvdW0OVwT+oDFE9J1GPs92swf0RLuC1omiRMFQl+F1t3fH4HuFQ9epPtl5v3q2ehhNB0PRmj60Rw/NSuUwc3BtIIKZMYJDjIMEARNsPO43P6RaFGljGQNgezh+ghOtIpl/pQWZLG39hytrb01tHbmZvs1vdTlQibbe74raNbyPHWng0G3WRoMcS/t2XMIkHMw0QrlZCpAEy8NFZrWDQO4Q5kcVKvCKEczdhpCE6W0YE1oAZd4u0hrijKVqf1XTHFX6wvh31HvQ5rt9UvAbE+fn3HLfNzGBwVDbIboAAXkxp5SQEMaFYLlOY9/T96KIAzpsx98sFkTMNf3QMtAy9N2GErgGbNSb9Elk7cvaVHhsSVaBxvr5DWdcm2hbxTh6seH/oA+C5gOpohA0Q4qnqcJUyYtOhOqxTiPRBnL4WiTN2x7Y0Mxu9FwJOWsIGBDCyr4mNDG3JQjFpjjjorI8EppOQNtMuCCdv0VtJtq7yN0Dn3Ek5mX1c5VL/R4DmCA4kDiUjHrD5TJWIwRPDCx4K29cX343U3rBg8gWPaJup5lOj7DbuCQfDFXCiISDZ/SGrF4nm+n3ibtBWea3bp+1V3lS9+bSeKkux8pu+il/6epslxJeo81kekONDAUd/eA5Q3Qrj0+Pr47sc0TBkut1s3+zf6Jwlxwg6T/Fvg5n8EbQv0X40OihXg85aUUsMxMwWwtNrl/1RQ30Tc9GUWcI/ToT1JuAtPCsT4lY0nKmwq8aOSxN7SfDpeVs3xqLRWWoEIsfd97gtvDk4meIKPt3aCIB7ZR4jqBK0YBD8exn1120GIf/3vWuvuH96Y6KsM87lI5ZY6rB1KO1KQ0sRJvF2lTaCyMN04/Hf4gG9ZxAQ+/xVoB9QodPBYK70h56DZ7e/uhRY8iaTU46EkaXOnwovjWMcQIHieT0tqtg39I2+VMOFRUgGuqLim97ovewlRsjAg2pj21M9ePj8sGNwWGlmfrI1aAa2XpSUB61ix9DgvgidgGpRZWy0GtNvi0aW3/U1rEjoo87kklCJaK8HyQLdBmgpovLSGiwFWCYBNvVePmcdloaVEpfiz96CPYZ/DQSgvg+1p6LOAz0zW5DRHtzj+k3b2KMiLyFXPMRzrpNWa/F72Z9psNeqjoedCujI3B9kZj+RB5u7Ef02qHF5Vy4jVTITlIwWf60DKuy9h1KmQ3W5v/9JPMs6AeeG8a8i0WEjl8MqfTk9M5/Xh8enqD/fHJETY2gpkfrax9d7h2c6NB/xQYtFCKnGIX8Er0LqEvrPzKuxmsuA0DYRhdBIZiBYqdQgdWlIAupZfNbqGHLjqUfQO3IKh7MCiXnvr+0F/yVKnq2K4q6JdYJkGx59OM5ICTB+Q98Hw4fam1/fzhzetXOJZDvHPEwzDQsMOELhMmqnPNcbJWUzOpHLZTy3Jm3YXybVo4z/St+1Z7c+9rQxTkLsOFoV0UqSg3WrpQo0atSS1pFMYj6K5MZRbeVG55F/H+qdL26TAg+EIUHqPVAki1ZgtZ5Z4pyqrY3BTOjI9/GLcJzADfVduerbfjOFpUY9i0tuG5jZRSAOyM1LCwC1vCu+Dji3uXV/hqbSddTmn6s0YYLcRnjOiEP1favvcShylERtZt7aFHOync5X3YuSwtyhevG6BAqB8MLGNM53/U2mpjNr2EzDVzBNuONDJBrD+3aCeHnzt+iqIhdEIXNMk81jdDxB1QXkCC/IQm4t9VLsknbYrTmtBsK20LwpfDcBcdhUga8Q/u8fHeDRQVUvj6imTyEwh5AwHXrqu2vdNG/q3o1TdZCxttdTtzxJJlZRoU55zRejFMInyeC2fe72NA579X2vYGtiWkVPxmC6MrizDRVCPgCtu7ysttr0Whba7LtjKjyFb8P9uXrS/JbZJMObRNQ7DdCnNTiqfqZj3HBVmYrr6SWyNKSVNv3xYgzrn/mgjzyxt7bHN/HglgRMztqdr2n3TDtmorAtfcpkUpp2BxDDF2oHZNfvuTdTPgTRqIAnBse2ulrYptAwlQnRhWUEyYIUGWGmSuGNduScOMmwszG5mTWwM64ff73l1nV9PoTP2uvLslQPrdu5K1r822tWBjXTY8AYwTbpuSOMFjGd6R2CL/oroGchCQOLHY8ts+YPOGzWI9t0Qg4iBbee2mbVr2MZwVTeExTe7HbZNZup2stXH//hduypqFrmB7ld+WSSWBdYkrm4Es2WzbO29K0zXLs9ZK99CO2aY/eQusjRL8e23FsphXVP0Ptt2NjdgoCUgcU76JdmJX5bZJZktVT0S8KWQXbdN+t5Q9gS94jLZ8hzj5be/eYm+sdHZSVB/gCV9yNE4/gCznwV34YIbtHxLNzbyTKpuvO941Fm7AaT5bo2t5rP2NZK2nneFk/oLttMWzcoGyHO9+xm/fLzxsKXaREbD3QmTszY7PJrMoip5GHSSKFjltHbVFnuktWYCi841bLQkMs/HIEXZHZFc62pXIaLIz+jTa4bzuLrtiwuguGnxBh0/X7HSRPfu4flyfzZwIcN3e1Q8kCBbAfGG4IuOYhgzf94fDwTfTPDdzrmRHlx0bbtyxK3iPnXADAkDEjeCGL1mGK/14azwMpWetl/CQS9Cz51uL8CM1wvmcGqogS2LMwxD3HwVu4M/DORjQkFKKPe9iK/S6HF6+1lVWjijWijHtdnt7+20n57ULOiNO8KpA7ENXF9SmLP4BEJeEgtNXiSxI/Z4tk9a990+3Ls8WtOiH30w/9OlMVHVdFkTOFUUDVEgz4NRM04RYG7BQizH9TqGs6fgdm8OU7HpeW+NMGzuOoowbT2xBdpS4FAAvhI/0CqsKiXiFWevBQ3kFSX4Fj+s1iV5arZaP9gb+FT2vVpfUHxRkFdCJyHgdokMM+vH4yw773zHN4aRVkHSc+LMhd+Wyb9c3FzlXcuNJ8CpQmuNe0CCkbgtcNyVcqSuaUlFFrMn0Dbdsa2LFOLTLT1r6avXuxaTpD9t08+JiSek60bCYpGJmkO2wZqZl0mLpPzm1oiJj5RNmbGeArgi6rnc2P+e07ZeDU6OiBPtGXyAVJTlokwqzIArxHVyS4BoHjbomNo2PjbIta+7+6b4zCwdtupyuzkPalFT2zB5mBpmEbP+hcTMIfBiLmSn4+y47MhHwBxNW1ffYNZZ9t5VzJbtCwzgoCP3xgSJIqkZEcMtGQv3muNHfLxDt4LSPNZXD51uu0qFmmx2ZoVnQZSxjY0GeLY5yeG2WxBrf2LhYjAcJxWEEiS0rEszyEWZ2G11RtvM1ylkZgYz+bObcXtQGojhc5kIklwdrHwLSQBQk0vVBoeCFLEUt9cEYLAmolEINCFqFavv/09+ZiWm13dLSlfZz40ZrNd+cMzORPRnuWsjbpovDMz2HP4guQ/Aa/aoUptvo9QVvzKPQPUzfku10+OrjQTqCGdiE0COVNS1iVtyT0dnsef6wuIH9ey4sp2opW7gCFdhOZxZV/jKTx4dddVZHBaNj2xazS4znsPMvpveZ4ArzBSeEgafo4oIRxl2yfTUcTl0pGLK7YSC66j+K41Xg8i1X07tXnF7jzTFQGGj9jQprG6qTyWSWQfavqIzL+6ma63C8bw/USR+A8deH3Q7LQsx2+LXL3u12h937w/OPsCy3pq+GuFmCeXHg9RqIsFRt1BpexE7t/5JWeWRI27JLTQufuGn7yhW22f3LxZO/tW21W8+AbuNpq1lVFYp0V/yJk3Bsa7af7o97YgimCrQSYvoWtphVpuWnzAzTEu/FVRpkgHh2LIKJ7drMHxe7QCftZscETQINl3GjrV0n25f3s8/otH/Lp4lfpsPf74/H42ZzLB/3w+neH7fOFMHYl0f5M2eoG0IWsS2T7VtfyupykCyjsG5JVXRzP/x5KFvqB356DCJ8Tdu/Z6LmoezXQ2vtfAQVtQsvd58rj7LqQ6dzj1UaQJZlnXG7s91uO1spqRRghaoisT1tiDGOY7OhbkUcwTOtq4L6bEi277nZWCfzdZzGNlPD1P1e216HkFCKlyCSfsfgTg+2Ac39r7OXs+zw+dMCro9BZTIyeMG2vFlxQIFh+WQkiFU2abdnaBVFhttsgqPXtuibQ5IucTMcJOl6MJhXGdXcwPYs+YCedszpgPFLxoxeza4GTfpe8OXT4y7u0h6/5wXCn1Y5YHbNdSzDVFVgitf+8TW/pHOk4NIJ4Ij6/vCZyaymG0eJXceJmbY9neP4sGHBhHjNBDPCRsnr1zlHse0jM9g+F7xge2opvdo6bvT7oYtTiLPtyeGXbI8IrkKFb/+eSa/Eg6XL7XVfSMk5bMfgW1TbBYWhYrvNshnVFpmcSy7iwG2GFNsPTx4bfzuyJc9ZtYcZfkmTqhlRZlO1uSZrlw1+yeTUOus+p9iWmGiWeNgzml7cM5XtanMVRXV/NiTHDI5vVivBAAf0BVOEKP4OXTy6e3TbSjbx/U42Q8Ou5P3EP01UZSWnDTepW2HSKZv8AnO0wfhccGyh+rJpW2kgDCuJLEaZbIzPUdR6eRzR9algBo78Cl1dWMXFyqHhhgjt4+vehRh+KJW2dFRtDMC2FISqt9seJrv2xu+UfRMVPVTP9Nqdvd+14bopPzshiRX7d8zAAWIGMnkpjm3VTOK7VNW5upKMC5GrSasUhOv0LsoHxNyW23SGgjS+DZXFfJBEycDlNPyu3qDZMfsA595BtP3xmM7dRhvVCUcbBZ5StP3xqLXZnHyas0r9bnzX5fW4ZkhGPhRIlTUrIdQzZrOJD0rDNEL57HkR00plgQb4ZiuC9dIQ+Leb0r/KKiBlnl/gshIQu5TqIsuQoB06KUAK13r9XtyL47oQylZqxwKMsj+XCApbQDMurz65MREngz9ETcnmihmwtd0g7K4HSexJZWs3uaJ4096DX0/wokKX2pZHT27Mna5A/sHmd5RVkS/q6y1MXt1+Vds6kXH5snSeUiV4MicGOYsPg0XFzoMrtS4X38qKb0TFw6ddybHBXTIfpMt42Q2Det3zmo4ux8bLDNNBEahpO3l5r2FgwuVhFAQWggOYcWmLJjEdwqQf2jRURJtnANkCXo/i5XodRWk6/3Aj4YT/ENzaj22SzNUqyYsF3VGxfsq4KiBHKtefil4vbFJ//QF6UnyPVGi7q0aWtVrQxzt1l1E6v5Ft5SlnV7aVHyvX86WU7xZJGq3XiHnX5OQhpSFK/aDfbcCkqKIHBmHmOKYGWaFR2pcpxUyPlplbp8mHW66dNudat/jogLwWCyxVmCSQi6I1LfwW0kKGQdAANbrIr6Rii800oOtZ57Ap06ekCCyF/T0WcLS30JhWCSurLdPB4qZ9FlDMejyX1cYy7CJYQaNQ+wZp4gyvqa4xF0xoXUPQBUO0p4NKorljiaDFd76BR/QUBjevXmv0w3idzm+tCfQq3wliZ+W6ClZ1cZA4PgxOV3gEHa9yMPUwRbrQMwTTQSVTrUmSnnqXugYnh42grzpmklDC3lyycB1ES8QQC5ghBBAtMExaW0MfKnEZFmWa5yNjItelqYhJg6xhqj1JUwsiS2jsiddRSkvC31Tx4fWSkxSjTS+o4/pwWciqfmfq6LiaEm0FxRJijsEoi6WGsUKVTEk0j+M6SpTjP1/4vgLUMufpMgxqFEZo5ase2AWFZ7GcYz6qMk7ZSzv6ShLHpt7YrJFlLvk/WD4sfreYYxheUtCR5hiU0FmLNL6ILYQR0XN4SbVaD/rnKeT2kl8BwFBWNPhB7OYAAAAASUVORK5CYII=','2023-09-18',2),(171,'CAI-5463',14,2,1,1,20,4,5,'4',2,NULL,32000,32000,NULL,1,NULL,2,'S.K. Sadun Silva','0774326598','No: 3A, Kegalle Road, Thalduwa.','2025-06-25','2025-03-24','2024-12-28',37000,NULL,1,_binary 'data:image/png;base64,iVBORw0KGgoAAAANSUhEUgAAAkkAAAGZCAIAAAFlMwJHAACAAElEQVR42ux9dXxcVfr+uTIzd9zi0iRNLXUvFJdukRYrsri7y3bxL4XFF6foUhbZhbLFtsAWSgttodRdIo37ZNz13t8fT+b0ZCYtBbqU5dfzRz6TZGbusdef93258vJynudlWeZ5nhCiKArHcfhJCMFf6N/xL/xK/0LfQ1/Tz8qyzHEcvhmPSKVSPM9zHIdf2eeyH8S34eP4Fzs9/BcPxTfgNX3BPpqn35JKpdj10LfSqbMLprOkv8qynPEeQRDwSDo/dpZ4Lv0UnTddG97McZwgCOyGsp+ig10bPsJxnEi/saGhgfxexsCBA3s3iO7072lQYuk9/eyz/l8fuMki7rQgCAd6Pvt5gOJ4ytl+T4OyGZHyyQM9pf05QGu7aY/l+7+DsVtaKunxaz7+V3gcxPJusf6rLSwej8fjcbIH/WF/DYgDUZZl6AS/zvIIITzPU0adSCSwx/t3f6nqI/63F4ON6+zsrK2tTaVSTU1NiUQiJydHp9MRQlQqFdjArl27SkpKIpGILMtGozEej8uyHIlERo4cOXr0aFH8yfPEpRCpXrd/VyXL8kcffbRkyZK///3vWq0WQpbneY1Go9PpVCoV/iiKoqIo9913n9VqXbRoUWlpqaIoRUVFy5cvnzZtWlNTk9Vq/ec//zllyhS1Wq3VaqdNm7Yvs6UXXiT7m9BlWR41apTP54tGoxzHGY1GQRBkWRZFUa1WG41GWZYNBoNKpUomk7Is33TTTYFAYPv27VVVValUSpZlt9sdi8UGDRrU0dFRU1OTm5vb1NRUV1c3ZswYtVoty/Kxxx77o9OAdcJVVFTg91+uUiuKMm7cuI6ODmo64cRUKhVeWCwWQoggCCqVymAwXHnllRzHvf/++2PGjGF3WVEUo9GYk5PT3t6eSCRwFJFIRKVS1dfX33LLLRqVetSwUYJujze2srJyfwqGZDL5/vvvGwyGnp4e3DdwY0EQ1Gq1Wq3GbeQ4TpIkXM4XXnghmUx+8skno0ePjkajwWAwlB6RSMTpdA4ZMqS9vT0QCAQCAb/fH4/HA4FAJBLZunWrKx6de+UVPzpnnudFKgF/yaGNHz/e4/HodLpkMgmDFexRpVLh6CRJUqlUOp1OFEVBEB5++OEdO3bce++9J598stPpxO2F6QizEweYl5fX2tpKrUpBEIqLi//2t7+9+MrT44eVJVMpFZGJqM6eErVg+Z/Nl+PxuKIoF110kclkArX0MitRFARBFEWNRoNz0+v1YAw6nY7n+dtvv725uXn27NmyLB9zzDGHH374rFmzDj/8cJ/PFw6Hw+FwPB6PRqPRaHT69OnRaBR/xKnW1NTMmDHD0RkQps9YMnFaSFD3Ozdqy4v09590XNihQw89tKurS5KkYDCo0Wji8bhKpYpEIgaDQRAE3Mzm5maDwSBJkt/vLywsnD17djgc/ve//x2NRuPxeEFBAcdxEBJXXnnlSy+9BJGoKIparca5ybLc2trqcrmeeeYZXARJksKh4NBXnuWJQgi3pxkqitLLWjiOq6+v/9GFpVIpjuOam5u7urpOO+20YDCYn58/fvx4nU6XSqVAQm63u7GxMZlMchxnMplmzJgxZsyYoqKinp4eQRAkSRIE4eabb47H44lEIplMarVasByTyYSDGj9+/PHHH19SUuJyuex2O3YKLAo3fMGCBWeccYaoUnI21pRcckH2PCsqKno558CBA8Hi9r483P5ly5Ylk0mNRpOXlxcMBqFeJZNJwvA9ahnH43GdTtfc3JxMJsFRCCFWq/Wyyy4LBAIFBQWCINxyyy2SJOEaYw34KYoiz/NqtTqZTOKPqVRKEAS/37958+YZM2bEYjFOFEr1kq1icPZsBw4ciBciJcS9r83pdG7YsIHjOKvVGg6H29vbQWygW41Go9FoJEnyer2JREKSpNbWVjimPB7P22+/nZub29nZ+eijj0YikWeffdblcq1Zs8ZoNBoMBr1ejyPFMjQaDbamq6uroaGhsbExEAgQQnDIRxxxRH19/SeffDJ9+nQllurhRWtf/1oG+XFlZWVQXPYk97q6ur799luO4woKCnBiOA2O41QqlSiKeKEoSiwWi8ViLpeL5/nW1tann356+/bt1157rdFoNJvNJ598cjQa7enpaWlpiUajXq/XZrPh6CA2dDqdyWTS6XQGg6GpqamystJkMhFCkskktGJIS9x/bAQn8COHj8hW2ajc672ciqI0NjZmry2RSFx88cUzZ84URRGXkPJ9kva30d1Sq9WPPvqoKIrt7e2VlZXnnntuY2Nja2vrFVdc0dPTA44vy3I8Hv/www9PPvnkwYMHE0JYOYlvlmX5X//6VzgcvuKKK0RRlCRJq9VqtdodO3bk5+cHg0G1Wo2ZqFQqs9lcXl6efTl7vYYVFRV41e/pnXPOOX/4wx9sNlskEqE+RipIMBVFUaxW65NPPnnUUUcVFRVt2LBh2bJl69evX7hw4UUXXfTCCy9g7wVBsFqtkiRRhyfYj06nUxTFYrFAawMtRCIRyPRkMonFJ5NJUO/gwYN1Ol1tbe2AAQPUarVery8sLMy4nzg9QojI+p6zRzweT6VSs2fPbm9vV6lU+fn5paVlOp2USCTcbrfP53M4HKtWrbrgggsOOeSQzz//vLCwsLi4eOrUqdu2bbv22mufffbZVCplMpkMBoMoiiqVCkvFqkRRNJvNarU6EAhUV1eHQqFUKpVIJGRZhmTHwA5yHAe9bPPmzRqNZvjw4VarNRKJbNiw4bjjjtNqtey0qc9XZHld9rj00kthxQwePPio46aNHTP5tpuvsVpNH374USKROOKIIyRJ8vl8jz322Ny5c3NzcyHrL7jggldeeeWxxx4DD6R8L5FICIKg1WqtVmttbW0oFEokElhJKpWCqEilUqlUCto2Thg3n36VRqNJJpM//PADtsbj8QQCgezl9ZIMrmm/rKW7u/v777+PRqNqtdrr9d5y8x0DBw6s27UzFoudcMIJzz33nMlkUqvVsViso6PD4XBIkhQIBCRJysnJcblcTqczHA5DxCuK4nK5cBSCIOTk5ESjUVw56HGyLCcSCUhC/ArGS7ceV1elUmFJbrf71VdfT6VSpaXF//jHPw455JB+aU/ck8KpKMoTTzyh0+mGDx+eSnIGveXtt9/mOK62tjYWi3F8yuv15uTkgPWD3LVabU5OjkqlisfjkFqBQCCRSMCGuOuuu3BEzz//fH19vcVigTWA9WBghThMqBCQezzPg0xw1AaD4fnnn9dqtZIktbS0rF69OmN5JO0LFNkQT8bywuFwQUFBIpFQieK///3vbdu2+f3+q6++euDAgWq1+rrrbrjpphtSqVQsFhMEYcKECYFAQK1W8zyPM2xra9PpdD6fT1GUO++8k+d5jhPUaun222+/9957PR5PIpHQaDTsiSWTyXg8znFcIpEghDQ3N2OioiharVbsXWtr6/PPv1hQUNDR0RYOh8vKKlwuT/bkwVNENnZFRyqVqqmpueqqq5qamgghnR09J5988umnnw6mBweJzWZrb2/neT4cDnMcFwgETjjhBL/fT90nsixXVlauXLlyzpw5FrO9clBlT48jHA53d3c+/PDDf/rTn8LhsNFoBG+k9zMajXZ2dkIR1+l0FRUVZrNZEIRoNApziRBit9tvvfXW+fPnX3bZZaKojsViGcujZpBIGP2aDkEQ5s2bd+2117799tuLFi2iUS4oKLIsh8NhjUazdOnXoihecMEFsVgsGo0uW7asuLj4/PPPV6lUq1atKi0tXbFixbx582w2m0YjrV27KhqNWq1Wq9UOJhkIBKCIJ5PJQCAQDof1en1OTs6wYcOKioqqqqpqamqKioqgoD355JNQO41GI8cpN9984/fff79x48b333///vvv75e4egWDkqXXQMguXrzYYDCcd955b731FnwH0JuMRqNOp8Oe/fnPf+7o6KDnH41GocvKsrxmzZpUKuV0Og0GQ2VlZV1dzZgxYywWi88XUBTlgw8+OProo0OhkMPhKC8vnzp16rBhw4LBIM/zPp/v/fffnzdvHs/ziUQiNzfXarXG43FBEJLJJDSEIUOGfPHFF2azedWqVXtSygh0zux/cxy3du3a9vb20tLSIUOG/P3vf4cITqVSMJzxkcMOO6yjowPs3mg0vvTSSx9//HE0Gs3Pz29oaEgrImIikdLptMcff/zo0aM//vjjzs7uESNGdHZ2yrI8fvz4LVu2bN68edu2bdCHhgwZArtBo9Hggvl8vp6eHp7n29razj333L/85S8ajfaJJ56sqam56KKL9h784SoqKjDXDIshlUode+yxYMTxeLyqqspqte7cuTMYDJrNZsiAp5566tNPP00mk/n5+UajcdCgQV6v1+fzff311z6fT61Wv//++zwvxmIxj8f16aeflpaWGo3Ge+65b9WqVZFI6Nhjjy0uLm5paYFghPMP8mDkyJE33nhjaWkpVdMQbU0kEgaDQaXSCIKwdevWcDi8YsWyK6+8MmNVVGvZo1JGBcbQoUOtVisUItCeoig6nQ6eZlxXWZbBP2VZjkajWq3WYDBotdr3339fpzMEAoEpUyZJkgSGWV/f+Mwzz5hMhsrKykgk4nK5cCdJ2p6k0WYYeDCXJEmyWCxWq/Xtt98WBJUoiipRw/Nct6MjO8JVWVnZyz8BHVAUZU8WQzAYLCoqgipsNBq9Xi+4f3V1dU9Pz2uvvbZmzRqTyZRKpaB2Uw+xyWRasmSJTmfw+fzt7S0333yzJElvv/12KBSuqBio1WpCoRAN0FPdEMfFcRw4ClaoVquh02Efk8mkSqWaOnXqI488otVqs5dH3X9cRUUF1J+9OALPO++8Tz/9lOW5OTk5TU1NgUBgyZIlLpero6Ojq6urra0tFAr5fL5IJJJIJBwORzKZVKk0PM8fffSRdrt93rx5xxxzTG3trkgkIggcVbXwAkoJ7AOz2Wy32/Py8kpKSsrLywsLCysrK61WawZMY08TprF1EWIAN77fIcvyvHnz1qxZc+utt27fvh2KfyKRKCoqwrFTTASrAMmyDOVQlpOiqNbrjXfeeTfP848//vjAiqEWq1GlErAYGLU5OTm5ublFRUXFxcUlJSUlJSWFhYX0WOhKWPTEXsZuGMVenBFNTU2tra2tra2dnZ1dXV0ul8vr9cIhGY/HY7EY1YDBEqh4pA5cl8sFO1Cl0mg0GoFXOZ3OseNGFxfn5+cXFhYWlpSUFBUVVVZWFhcXw/DbL8FGnB6hKvWefC3xeFytVrtcrvb2dofD0d7e7nK53G431hkIBODwSiQSkM5Qr1gly+FwxGIxEE8ymYT2c/TRRxcWFsKM+IUr6XeAc+5WyvZkE8G+tNvtdrudnjveHIvFvF6vw+Hwer3wQ1LPEryd8B3k5eWVlpaWlJSQrDDwfw+vQN24/StlexnUAaHT6XQ6XVFR0X9pir9wUALh931t/yuDrqhXP/ydQQeorsNTMNvvb3Ac1xvm/p2dHqG0R34ia/kfGr2cE2ujpgOLWKVWLKVPVoGACUMYLYkFZ9JfWeQr/kjDQPgJ9oa/Z8A76YMopJP0xcVStQlfwh6Voii7nRHZayNpRy0VBmysEzp0ti+DpWQWlgtFmX7V7ghjX4c3O0t8HGvL0MvogjOgD6xpLgiCgOATq0wR0gcSy84141eShavtVyeE/MkAr7EsDYthYcP0Peyj6VbSA88gq2yXNEcd9BQVnLET+JWdOnaOgoH3ERWdvS8ZE2KnxUKUYQTSe0TvNmtGsdu0e/tYIqHTYqeCv7PRaepFZ9/PUmn2wui+0JgEvcMZWjh7zvgUvZYsmbF7RK8AK715nhfp+f6eUNSw03nl9wvj7N879r8+OIou/p0dGqGUCS70+8O9cxz33wL/HdjRy4chr35na8PyeCrmf82n7sX7tr8e0WsTUAfJf3tATL/xxhus5vnf2FaqEv+qButll1126aWXUq0XnsL9/pRe+ZZhYuz3oShKPB7funUrgsyTJ0/+8MMPAXkgafUNUd5wOAxYhCiKwJCkUqmzzz6bQmT2ffRGlcl/51bE4/HXXnvtySef9Hq98EMDt4lAByBGACkdeeSRY8eOTaVSw4YNe+edd0aNGoXgRHNzs9ls/te//rVly5ajjjrK7/cfe+yxdrt9H9kez/NceXk5XOv9Yo1+xim1trZOmTIF8WFA9CBJJUkyGAyyLCNuiuDGq6++un37dqyE7rIgCIceeujSpUtVKhVJM4bRo0dLkqQoSk9Pz5lnnrn3acDjLAJQ8MudpHCi2e12i8UCEqJQVCwP10+n08EJrdVqL7roourq6tGjR7///vusAQpM7qBBgwD3B70sXry4sbHx7rvvFrX61tr6kiGVezm+3XzyF8oARBJHjRo1aNAgwFZI2pqmyCK1Wg2skSRJarU6GAyee+65BoMhFAq9+eabsVgMfutQKBQIBHw+3yuvvFJRUeHxePx+P7DRiUSipKRk8+bNWsI3BboUObaXKfWu7RfGH1Kp1BVXXGE2mwHTB1vCwhBko8BGg8Gg0Wi0Wm0kErntttt0Ot327dtXrlwZjUYDgQDCLPgJcDcW7PP5/H4/ImTBYPCDDz74y2OPqJL6F0dMihI5uYdZgfeIP/vEEHMcP3682+02mUwAziDsihOjwGiKARZFMT8//9prr1UUZfbs2VVVVRdccIFery8pKXnqqafAWgRBCIVCNpvN7XZ7PB6K/ENAb8OGDR9//PGuuuo/vvOMEAuJai3ZQ0pML+L7p54b4jgXXXSRTqdzOp2xWCyVSuHcwMopmt3r9dbV1cmy3NXVtXbt2rlz586YMYPn+euvvz4Wix111FHl5eVFRUWCIBx55JGInkaj0VgsptVqEU9NJBKBQGDDhg12u/3MM8/8xz/+oSjK0KGV7UlNy7U3KbH+D6bXoYQIqyAIP4qHpvGgDRs2hMPhM844Q5KkUaNGGY1GcHlQS3t7e09PTzQaNZlMI0eOPPHEEwcNGhSNRmtra4cNG2YwGK677jrg1XFKWq3WbrdHIhG73d7W1mY0GmfOnDl58mSVSpVIJAAkpoA35DG4XK64IkwwGjTjRhoEVfZUARgWyT7wEjgkY7HYunXr4vE4qPzzzz8HUIsCDMHQEPQKh8OCIHR3dwPbKMvy6NGjU6nUeeedB/SazWY755xzqqqqEDRGKBw/WXB3IpHAH+Emeemllw4//PARI0YkXE53UUFlQiD9Mfjd4au961zgOV999ZUsy8XFxYFAoLm5GfeHpHEN4BYIRAIgFAgEZFlWq9UrVqzYtm2bVqu98cYbNRrN22+/HQ6H/X7/zp07BwwYYDabsTC6NqwnHA43NTWtWrVKUZRIJALuOmjQoFtvvfXrr78WBCEci0eiEW/QY1FbsycPftZ7bnshrYcffnjEiBH49oaGBsguyCiKO0CI2GAwOBwOQRC+/fbb1atXFxcXR6NRi8UydOjQr776Sq/X+3y+lpYWp9MJQdfe3u50OoGBBtbbbDbrdDqj0djU1HTIIYccfvjhLNRLo9EYjcapU6eGQiG/3+9yuxJycqzVkj3tXoffXlKbZFk++eST33vvvW+//ZZeP5wkuBaXrjkAOHJHR0dPT8/SpUuBvjn77LO//fbbefPm/f3vfw+Hw9SNGYlEvF7vpEmTgH+iTj7Ij2Qy+eqrr5aUlEyZMkWSpNLSUqzZ5XLV1NQUFxcDtgGguyAIw4YNy+aFiIlz5eXlIDYg9jJu47hx4+677z7kl+F4WW8h3pNMJnfs2DFgwACNRuNwONatW/fqq6/yPP/II4+MHTsWID+e5wGWAdY1lUq1tLQUFxfjHhYUFOAC01m63W7gDKxWK3Vg4qYccsghwWAwFosB77J06dKLLrooY3nIrRCVdFZf9sm2tLSccsopf/nLX7Zt2wbEfEFBUUFBXjIZD4ejfr8/GAzOnz9/1qxZN9xww44dO2pqagoKCoqLizdt2lRRUVFUVOTz+TiOy83N1Wq10I+xHRqNJhgMlpaWms3mWCzmdDrr6uoAxeQ4DgglAOQoBhoKtCAIS5cuVavVhx9+eCAQMBgMYF39svRen0K/a1uyZMnIkSNhj6xZu5YXdTfefKfD0VNWVvbhhx8effTRLS0tjzzyyNKlS5cvX55KpYYOHRqJRGw2W0VFxdq1a00mE0IONF4DxdVisRQXF0uStH79enx2+/btVCnxer1QRIBYhF4SDAaR7wT0RFdX19dff71u3bovvviiX024l97Ky8u5/qpzKIryzjvvQLAIgvDmm28v+Xqp3W7r6m63Wq2PPfbY2WefDSG+Y8cOKPXRaDQSiQwYMACornA4XF9fP3jwYHAauoNVVVVdXV2EkGg0SiEsAHhkg1qoagH7SBAEnU6XSCTuuGM2zJfXXnvlggsuyFgh/Mq92Dae5zNkdyQS+eabb1asWDFu7CTIN1EUcX8SiUQiGbnwwguNRqPf7/f7/V1dXRqNBryO53m32x0IBGprawF93bFjR0VFxaWXXqpWq0tLS6+55hqr1Qq8LQtYgc6tKApA+WxIIA3SUWm12p6enhdeeGHw4KGNjY16vZ7nSWtrawarx9r2KLtfeOEFaLHYvD//+c8PP/zwhx9+aLVajzvuuHA4vH379p6eHtyiKVOmKIoSjUZxehRqrtfru7q6XnzxxWg0Kkm6WCy2a9eu2bNnz5kzB7YcxajjoHBuwJJ6vV6v10tjd4MGDUJMR6vVq9XSVVdd8d1337W2tq5cuQrWTMal242syR7fffedXq+fP3/+yBFjRVF89NFHVSrVJZdcAh1PkqS1a9fCogmHwytXrjSZTMOHD0f4ShCE6upqs9m8ffv2xsbGeCxVUTG4p6dbq9V6PO5oNLJjx46RI0dCEUUSHT00qDKiKBoMBlA7TFJgOGtqaurq6jmOe+KJJwwGw2mnnbZhwyalv0QmBYnX2f9LJBJz5sxZu3btkCFDbrr5OpAm2Ck2NZFIwHY+6aSTLBZLc3Oz3++fP3/+jBkzDj/8cKPRqChKbW2tWq1esGBBQX5JT0/X8uXLvF7v1KmHS5L04YcfQ4+NRCKQ4zU1NcAYT5o0yWQyVVVVFRcXu93ueDxutVoXLly4fPnynJwci8Wydu1qQsj27Vv1ev1f/vIXWU7yfD9oX0JTIzN8QYIgvPfeewAGsqE9RVGMRiNYOXIi8vLyotEoIUSj0dx44415eXk8z+/YsQMJqYsWLQK7nzxl4jfffHPllVf+8MPKE088KRaLhUIhjuO6urq0Wu2AAQPuuusuGObJZHLVqlUPPvgg8hETicTw4cO7u7ttNhvHccFgEFv83nvvjR079qabbjr//POzL10vg6Dxzoz/tba2wvq45ZZbnnnmGSpz/X4/FAiNRnPhhRdiYUiNC4fDa9asOeSQQzZv3hwKhQRBqKmpEUX12efM+uyzhfPmzXM4HF9++RV0NJ7njUbjIYccsmDBgkWLFn3zzTd+v7+8vNxoNPp8PpPJhBsLuC8mOWfOnJNPPpkQTpK0jz/+eFVV1eLFi/vFY/VGP6FzKX3zzqLR6Omnnw5dXqVSwVrp6Ohoa2tDVrjf73/nnXdWrFixfv36oqIiu92u1+vLy8ubmpqKioqefPJJjuMkSfrHP/4hCpKjp2Pnzp1ffPHFTTfdpFKpiopKAoHAeef90WKxQEHl0ukSMHwsFssFF1yAZLcMqIFKpdJotAaDobW15eKLL/n6668djq5sYgP4Yo/yDXJ28eLFd955J8Q3NhtCBhKfGsWs9JdlGZdZp9PNnz9fKxlzci2tra3Nzc1nn312be2uRCLh8/mmT58WjUb9fj/uNvXAgrChgtOsZuSLGo3GysrKZ555juM4vc7A8/zTTz911tmzQCPs2K1P9rs2+iQsDNxZEASoOR6Pp76+fuHChf/4xz+gKLMhfKhIWq12+fLlAq/p6GxRq9UtLS1XXnml1Wpfvny5Xq+PREK42yyWhXJ86AwwfyDZKDYlFovJsmyz2Z5++unRo0eT/uwYnJsIobGnAhc8z/v9fpvNBssKOFHYV4SQSZMmmc1m3FW3293V1eXxeOLxeCQSEQShqamJ4zi1Svjwww+vu+66zs7Or776qqfHNWLEiHA4zPMc7G5cPCwGKdRGo9Fqtebm5hYWFpaVlQEMXFFRQTEE5MeCatigPaYU0HPjOK69vf35559/8803w+GwVquFe4djCjTQG8VCICKRCHZNlsmHH364aNEXl1566XnnXuTxeiRJREkArVZrNBotFovdbi8qKioqKiotLS0qKhowYAAEyY8uo9/Ri/bdk84VCoUaGhpaWlra2tpgmCEVAl5EpEzRfD6aAsaukOM4v98vy7JGo1Wr1YrMEUJkJTlp0oT8/NyiohKsBGdCUTz7JepSWVm52zaVZblf+w1U3tHR0dHR0dnZ6XA43G63y+WiHsVYLEaz3HFdofhCUhFCkNECyolEInfdddcf/vCH8ePHgwH8l2KalZWVHMeJLLQqY1AkS1lZWVlZGV0wx3FQtZxOJ7IDYY/AWQKWAxi9wWAYMGBAeXk5MnB/tXJru/0lP8n9ip2Gt9hqtf46c/2po5fZ9quX/K+PXjvgd4kvIdRnTn6vGAwK9zzQ89mfoxds+rPl4295KLS0DXQ5WlCE/psVDxSaShgIJkU8shBkmIJsXdq9Q5AzIKEs2JLFZ/aLdSZ9wcbsCfXGhKlNTf/BMcl57FJJGuVKGAxoBv44o6Iv+zxWcWUBzazco5vF1h9mi+yStHKcgWNmvwE7yGcsHS8oBpaFy7Kg1Iz3ZJweda3Tb6bVI+hr+h5aCJCdA8dUVWZXxeKBSdpdkKHr7X4zvYoUH0wYKDCtUsV+hp139r1i58FiwikQV0nj5gmjebJP/9EHsb9inj/6IPar2CuTYfvSFxllp7MflDGrH30Qe6PZi0ZB6KyiwaUTFfqlvt3omYwb9HuCLv+eBpunIsuyyNLm70+5/P2N3RkJ2bziQM/t4NjjoLx9Nz6RStoDPbeDY2+DPaBeCzy7HMDB8VsbVH0jabuhTy+OAz29g2OPI8Mq6FPOjPWFHxy/wcGa8but4r04nA+O39TYjYIijGvgdynnEIHavHnz/zRHoYnTu/2x1PdDfl+iDoEzWZZvu+02RVFGjx7db3ApwxP2mx3UtdibNUBnz/77f3HQkIAoiii2FgwGAb587rnnli5dilg7bSrCpXNv2WISqVQKFfsBy8IFBzAQcFf8pKlHv7KUYW3u3cWv6Bp+494vNmjz3XffqdVqg8Hg9/tbW1ubmpq2bdvW3d2N8lxIQSGE0LLlOp3OYrEUFBTk5+dbLJaKigq73Y5Cp59//vnxxx/f3t6O8LhWq/33v/+t1WpHjx6NeDDHcd3d3dXV1eFwGEVFR48eXVZWBlYcjUaRRTFgwABgMYDN+xmdT/Y0eoFC1MsOVA3rCf1NnRz4GAqfBYPBo48+uqOjgzrRAZ7IuPg0VUij0VCgE96Auo4kXXrRarW6XK5PPvlk9erV2OJXXnnlqaeeevLJJ5Hcx85EEISPPvroz3/+s16vX716NUWr8zwfCoUaGxuPOeYYnU73wQcfXHHFFQCRq1SqQCAwdOjQysrKX06ULI31Yk9YCZcNQvn1Bz2MZDLpcrmmTZvW3t5uMBgoaBbnQXeWpsAAn4YtQwF7HCfty6LX60k692Ho0KGnnHKK2+3mOG79+vUXX3zxa6+9VlBQwMboaLCK8tXTTz+9vb1948aNAN1QlstKSkmSkJ517rnnEkISiYQgi05/9wkzTpQ5tZb7mUeIqM7u2AX9naSDC9kQm19hsBybEHL++eevWLECkBwglNiyPTSWhjOjAkxJdyzhOI4lOADKaJnWN998c9WqVUCmLliw4MILL9y2bRtSZ1AGmOtbfiKVSgEElkqlSktLdTrdkCFDPv/8c0EQkOiQcXLgk4IgNDQ0aDSam2++mRdU8VhMEfjJVaNko6TuG8nax1FZWcn2RxVJ3285IBoKJuD3+ydOnNje3m6z2YCqAuAqo3oQ5X705BAUppA/QRCQZ4kcGKpPut3ujz76aNWqVRs2bDCZTB999NGhhx5aUVGxbNky0jf4l1F5L5VKAWucSqXeeeed5557Djkp9DgVZlDOjCyQ5ubmrVu3Vo0YHdcSQyzx1VnnTf/wTUVrSnGKqMiECGSfj4/GaXvvLuQcG0vcL6ng+z4aGxtnzJjR1tZmMBi4dLpOdr1XKsPoC0gm4KMBX6WHiq/C25LJpMViufXWW1taWlBS85prrhEE4fDDD0ffJHpZ8Z3UYCJ9nYRgSLt27frrX/8KqNs333wDJYieNA4SQD2Q3Zo1a2w2W2NT46zTTz3tjAsLJaX2iusG/OmGoRddqpG5FK+I+3x0gB/SX0Xq8frVCrkgJ6Krq2v69OmdnZ0mkwn9zihLxLGxehRLZFy6VjAteZxMJpGPCAmnUqmsVisSz08//XSg4p1Op9lsfuaZZ7q6ugCk7+npeeCBB2gxWIDqPR6PoijLly+nmZuUDWLXLBaLSqVyOBxVVVWff/55NrJUrVaj/4UkSTfeeOOsWbNEUdRKUkylVsuR6iZXxVtv+J54oTPHVjHtNMIlCafa963rE8Gn2Y10/Dd0S9zKcDh83XXXffLJJ6IomkwmJJLEYrFIJIL0R9zuwsJCJPRA4wAVomsOANyo6Y3PCoKQm5trMpnMZjMhRBTF4447Dvo9QK16vV6W5fb29hdffBFPQYOLl19+Gb1TkJSKkw4Ggxs2bKioqHjllVdQV5yFzcAwuOKKKz744AOHw9HT05OTk1NWVjZixIgBAwYgZw7JqpgYBdQDxb9mzZrRo0dreW1IE+UfnDt2wetiUhZV2n3cQ6Q10mu0O0eCTm5/6ZayLAeDwfr6eoC3IV3tdrtKpQoGgxQizHYDocYvSIHyTI4Z6F8EvgdNRBAEh8NBw1Ucxy1ZsuQPf/gDSNBms5133nkqlYp2WInFYuA0tFcOgOh6vR4ZwhMmTCgvL9doNNBoqJEOBDMhhOd5r9eLy0fpgBaGxIBM0mg069ata2lpmTFjRm+9j/Y224ABGrVuxa1XXf3ZN/sOGYZVsBsoRDu7UHjMzz45qjp/9913IBRkgxQUFEQiEaiIOJWMzjuUK1IUEFJUaRM4WLvxeByLR2lrwlQsRNIu0ou++uorQohKpSoqKiopKUFldTwxGAyuWLECiWkTJ07Mz8+n9eUhQekgaRa9Gz3ASBPIsFAopNfrwbppwZ1QKLRz585169YhA2PcuHFDhw6lWbmEkJa21oK8fBUvmPVGg16fU1K47zTHApNElk3/DMw4KAai2Gw279ixA+6DkpISbG40GkWXCRwS1WuRQY1MYarXUdbk8Xg4jgsEAnq9PpFIdHV14TihQdTV1aGjFNLxcABerxdl5E877TRqOZC01gA3B3Jox48fb7PZioqKkKGtKEo0GkXrImT9hkIhlLeAEwQZZSSNVsfk4STD/HmmxxwKRJx77rlFRUWxWAy5M8gqBpsJBYIxs6Xd6RwyZIjf3WMvLshALe5lUF2SR4tLVgned48zbfJ0ww03rFu37q677iKEYD2JRKK1tZW2YGAD7qy3MBQKoXwIVRcpWBGdDQRBCAQCn332WUFBAVKwp06d+sUXXzidzokTJ77xxhs33HADrnMkEkFnnMrKSogxkB1YItSNQYMGIf964sSJVO/AlHQ6HVonkbRLN8PeEgRh586dKClQXFzc1taGTkKUeWIJtMYHGu5otdpgMOhyuaLRKK39otfrNRpNSUlJKBSSJGnz5s3oz/qjg8bEe6mftcTxcx+tAkVR5s+f/95779XV1d188812u522Jcjggeyxkb5lZ+lPGN0YX3/9dXt7+5AhQ7Zv315SUuLxeJAYf/rpp6OJZDAYvO+++/7+97/PnTv3oYceslgsKPzC6qIsKZtMpl27duGh+fn5VqsVmws3DZLmaP1H/KR1malOq9frFyxYUFJSkp+fX1paCkN74sSJ0WjU4XB0d3ejHhnuKyryiKJYUlLidrsJIYlEAhqZRqPBpe/s7NTpdAMHDty4ceOMGTPIjyn2lFtigX28Xz/Jb5lIJK6//vpUKlVcXLxz585DDz20sLBQp9Olm8r0iiueV6vVoqLIHEcEQYVJc2k0MVxZdrvd4/GceeaZZ5xxRiwWU6lUuNfoiPP999+PHTvW7XYPGTKkrKyspaXFZDLBPUjSlh/OCb5jWgyGnh+9aljzsmXLjj32WBwMnGS4cKjYkpubu2XLFtqnJvsKUqmJxqIs8oolC+hHmEMqlcrJyRkxYsTmzZuHDBmC9qAkLadXrVp1zjnn8D/W/RYnRcGVu7t28kxd5X0ZtbW1RxxxRDgcbmho+Pjjj6uqqk466aTzzjtv85atHOEqBw257bbba2vqhg8ffM01V6VSKZvNEonE+HSbNY7jRo8ePWPGDFEUzz77bJPJNHHiRFTsGTdu3I033njccceht9fRRx9tsVjwhuOPP76wsPD5559HK2j4mUwmE2iIlvFhw8VCeiiKgkZ4Y8aMMZvNDQ0N4XCYrXmOfWxubqZ1IDDwrwz/JDRndrvo7iEuoaQrw2BKiDMUFxevWrUKEhE8XKvViqLo8/n2JdmLvUa7MwKpx/1HuSVmv2TJkk2bNqGzGJwRs2fPbm5uVqs1eXlF7e3tqVRKo9aMHTdi06bNyWQiHo+jFRCupCRJd9xxxy233OL1etHZ2Ov1ms3mM844Y/z48ZIk2e12q9Xa0NAADdtoNA4dOhTtBhsaGnJycihtoSM7Tg6yDRXOCCE2m23o0KGKouj1+vr6eqfTSQiJx+PIKWa9VpTP08IdMFrosWW8E1nwVGNklU9MmKotuEkoRCSKoqJwt956qyzLhChqtea5556JRqNTpkwZM2YMCHFPI9MqQGOofeeWmPdbb72VTCa7u7sHDRoUDodTKUUURZxNjj03Go05nc61a9fKslwxsAxtVZPJZDIZp+YO6kChxyUsLZfLlUwmw+GwoihGoxE3F9eWEILTDYfDqH/pcDhodciOjo6hQ4c6HA7WcwhHGn5iB9FtE/yZLW/BHgz7K3wr9MCou4TVbuSsIulUyaT+OXACUPxNN92k0WhHjBjR0dEBhZYQ+ZVXXtHpdLNmzdo7wxs4cCANCxPaTo/y9B/VLTmO27Vr16ZNm6ZOndrT07Nhw4axY8cKvEaWZYPedN111/E8f/PNN7/y6iu33nLr119/PX369MVfLampruN5nnDJUCj8yisvv/rqq3l5eeFw2OFwoLaNz+cbN25cIBDAZNBvDheWpIssQgcxGo1bt26lriZ0N+/o6FCr1c8++2xtbS0tu0eVWJ7nb7vtNtTlg7ON0hN1BWT/ypZiY0+Oci2UeUFjZEEQoDRiwrA7QZooBROJRO65556CgoJgMDxixIjHH3/8mWee+eabb6LR8KWXXvrQQw/9qJzimFQjktEIcV+clhzHvfjii9XV1d3d3WecccaqVav0en000pswXVFRUV1dbbFYXE7XBx98YLFY3n33XZvNVlpaqiiKwKuJEpMk3bJly3Araab15MmTly9fjgVPmzbN4XCgcBaEAVwq0D5WrlyJM7NYLJIk1dTUqNXqP//5zxwn8DxvNJpRjwo9qnie7+npVqvVzzzzTDKZfOCBB5xOp16vdzgcJpNJSdeAyCY7NmxLuyQicRw2XCKR0Ol0tCceIhtoL8fzvMFggIfF5XKBQ7700ktGo9npdCcSsXvvvfvkk0+++eab77jjtunTTxSEpMfj+9GdVxjESa8PhRVye5FzWM/rr7/udrtnzpz5xhtvHHvssZdffrnH4yGKmJJTPMfLipyTk5Obk5uXlzd48OCCgoK8vDzcRL1ej4JyZ551Br1e2LhHH330u+++CwaD8HghrTwvL2/cuHHFxcX0VgmCsGPHju7u7tzc3Nzc3NWrV8Pr+OCDDyqKYtBbBgwY0NbWlkwmNZKKavmiKCSTCZfLRQjJzc296qqrZFl2Op05OTnZBIdjU6lUfr/f6/XC9segpUHQOa67u3vMmDEmkykvLw9mHDUnZFlubW1dtGiRz+ezWCwcx/3tb/PgH29qavzb315funRpZWXlsmXLvvjiiyuuuGr58uUbNmyorKwUxR/hlpRFK+jWQq2CvSumoNa2trarrrpqx44d55xzzrPPPvvcc89ddNFFag2fTMrJZEKtVvl8rkgk0NLasHbdD9QhSat1YGEQcpAHl1xyyYYNG3C0tGdzT0/Prl27UA+POjvgzzUYDHV1dTU1NVC177vvPtCfStS2d7ReceVl9957z0knnSRJ0sKFCzdu3HjmmWcnk6mcnDy32+12e9etW4eaT+hoD3qC94TjOHSmNBqNeXl5NpstPz8/NzcX7WTxEdC9SqXq6urauHFjfX09ijKAhSCgqNVqy8vLEXbwer2iKBIiq9XqaDRyyCFTcnJyLr744rKyMr1ef9555x1//PFnn33mkCGD9oXbUfunNz5HrZa9+y1xQ++44w5cH1mWIahOO+20Cy64AMsj6e7uENSRSAReZtpYOx6PGwwGj8eTSqWefvrpHTt2gPPQohwYEydO7O7uvvTSS4cPH/7DDz8AffXdd9+1tLSgly6Y2IsvvihJkslkIoT4feFXXn3pkksuXrjw31VVVWPHjnW5XDqd7tRTT5swYcJDD/1Fr9e73e7KyooZM2b09PQg8mCxWAYPHowW7OB7wWCwurp606ZN1dXV0WhUp9PB94G2lTgV+AfQUxRu5WQyibov1M8AOR2NRtva2urq6uDdrqurkyRp1apVdXV1y5cvb2xsbGlpaWxszC6+0y/NsdTFsX7MvWO/wGc///zzJ554Asg1QkhOTk5lZWV+fn57e3tTU1MwGGxpaeno6ICnDqRmNBpxonBTRSKR3NzcWbNm2e121E602Wzw93d2dra3tweDQVT68nq9ubm5IM3t27fX19ejZo6SLtqybNkyk8lCFF6lFjdtWn/KKaeMHj36gw8+WLNmze23375ly5aJEyc+9tgTFRUVRqPRbDa73W5R5C+55BLUIATNQQXV6/Xwf6IQLLQhqg5A3LLV1mBNFxcXjxw5csqUKZs3b5ZlefTo0aNHj7bZbLjEnZ2dI0aMSCQSoqiGAnL44YevWLFsw4YNxx577EcffdTa2nrjjTe2tLTsixmdkejO0ZPcd6sAl/3NN9/Mzc2lnBYaMCxQXF4aHQXFoA4PSQN44KRAS0zo92h7jqLV+CPKqrhcrs7OTpTKopdakqTXX3/dYDCo1ZIicz6/5+STT5w2bdpVV121cuXKSZMmybL8wAMP+Hy+f/zjvfPOO2/58uWBQMDtdg8cWD5+/HgEnjA9aElUn6Td2mk9Ymrgq9VqWq4eOBeEh0wmk1arNZlMuB9Wq9VqtdpsNpPJdMUVVyxatEiWeyuiC4Igp8jzzz9fXj7gyiuvbmltDgS81Bbc+6Dert0nl0FVPymymkqlDjvssE2bNlEZRj2QwNtAMaHaGqiQgkdIusE79jEjAE36wubxKWyWTqd7//330eeYKLzP59EbtMlk8vvvvy8vL29tba2oqDjzzDO/+OILjuOSyZTJZJYkqaqqymo1A0XS3d0NZ7TMNJ+SmdpcdFAxwzNtidloHOmLeKCONxw2z/MQCpCpkNmCIAwfPnz27NmlpaVwFe3LyfWxCjKMyp+KZhAEYdWqVS+99NIdd9zB0hxIpK6uDoyIEAJhdsYZZ7z99tu0oRmMcSVdaLG9vb2xsbGxsbG6utrpdIJrwTwAgyKEBIPBaDSKzgU4Y45weoPe6XTU1NSceeaZkUhk586dd99992OPPVZUVHTddTdMn/4Hq9WaTCabmpoaG3sdp3SS7KozoqMZhY1pxXcUp0ZsD9cIqo3BYLBYLNBx8CIvL89qtcIB+6OeyR8drDrZJ7KK//0kmqMCUlGUjRs3HnLIIRDOrLWPJ02YMOG4445zu92IfsGyRtVPeDTg4ECDdJlpiExvGUlbJihSy2K/ZFmJRmMLF346c+ap7733XlXV0Hvuueef//znsmXLBg8aduSRRycScUGEu3Y39VBMHwtsAWAC54EGA6gSC2ZotVotFgtMSZvNBvYIEf5LjmRfBm2I3huKwclRIfejSFnKzRKJRE9PT1tbG/wgPT09tOlDMBhEsWiE2aBSUpcEdSnRw6A3QOk72DewidEI4AFegJ88zwuCShCEcePGPfLII4MHD9Lp9G+99dZzzz3n6HbG4tGysgGCwKlUglot8TyPRh0oQW0wGHQ6HSjDbDaDvWu12ry8PJzQr1ak7EdPTmGreVCrAP/mfgyHQj8cjUZRjw5qJA4sEAhEIhGETNHtgkI/wC2BC6Jdt1ltTWbqYrJ+OBZGx77meb67u5ueqFqtkWVFFFFmhVbXIRMnjh8+fLjJZMjJybHZbFarDazMZrMhUAcmwfIx5afDWH+FwVau4VDRUmESkJQfS0aiHg1JklCnkf4LHBK6Bg4MxcDRNR1nGQ6HQYsgR7ZrPGLZOFe8SKVHhgsYMi8WixUUFKA3Auo1RqPReDwJI/W+++477rjjQFvUE00t173Hs36Dx0YYXQSrEFnWxP2UmnTZywNXoS5XVBWFrkULzmZcZ/a5yh5ymZSskkT0oijp3kok7UjD1YEG1C+XywBY/G8Ndot60enZ9aH218A3w9rL1l1ZnXtP39DHiOmLDWHfRtFHFIb1q27qf38oDOKEINuYT9cJZ/WCg+M3OKj+Twjpg5vYR2P+4DggQ0lnhPC0RxnXt+H8gZ7hwdH/4PrW79sN4+WZEjcHx29wsPodh14nPykmfnAcqEFxxr2HxVriSlZnZi6rMG5GViA7Mj7OMeVuqQmVTdPsp9g7xEbqMz5Cw1QZfjv243t/UMbfsx/Emn3svzIWRZiCuqRv1sFPelD2v7h0wVPq7czYIp5dTAYwNEPbZB/Q7waxzn76F7pyVvdhP84xqdb0L+zW0IOkH6dZrBnrZ2NV/c48Q7GmW8AuhD0DaiyxO0sflLGb9A3Uo5/xoOyFkL72ZcZF5NIJQdnHxnHc7iwsdmHslWGXnWHwZUBs2U3PXlXGs0nfWqjs0WY8iL1YP/VB2dNm70TGkdCNYzlEvw/K1gnYN7APyiC7DKa1pwdRkDw9CHrkvSYAJQv6gs6pn0PuSwTsFcu+Teyv7I5k0yJ7adh/0dOit4cFI+/9QRl71++1y6A29t7Q7cugD/ZB9IDZoyJZTJt9oTBZ5BnnxLJc0rcyG0uCvZzAarWyW8lebfZh9Jaxl4VNzyFpzk4vRbbnKdt7kv0l2adIl8q+h/IiLg2c2cuDWF7ErjTjjPvgO5g1slNiC2yzh80e1V4elEEJrNBlH0TvE/WNZDxodxs2vOlXzuo/OPZx0Eyr3kPFXzO4xMHxGxwsjfZpNH3Q7v7tj36o7eD4jY/dcm7vdvTB8dsZXDp8ynEcr/yKTd8Ojl84drd2gQKNvx6kud/sYJGfhBCeFok5eGa/5UH9bXghsr6Pg4rJb3awLhUOXSrxj4Nn9lserLuq1ycpMx3tDvT0Do7+B1T/3XU5lL5VLA/09A6OvY3dVVTInqOIB8dvarDhhd5KKjJTHPrg+A0OGproLX5D+iZYHOjpHRz9DzYcxmcUY/xdHhst24tEuv/RgaOhpSN2F6HJQIL8ngbHcaikcaAn8vOHkk54g2dSzI4C/54GOH9DQ8ORRx6ZYaHu6dff5qAh/l4mSZiA+u9MJaEFzPPz89m//4+Kgwx0CM9ilQ703PbzOn0+3yeffEKb6WAo6cRXVFBAgt2BnuyPr4UiEGS09+DSxQAO9Nx+0WC5P0rVV1dXT5s2TaPRoEoNkEJwL3Dp8nmEgQ2y1R1QBQGbgxJtSLk3Go3ITVXSWXfYun0vo/yzB6UrjuNEWmXxf1QloXzD7/e3t7d7PJ5EIoEVRiKR2bNnG43G7u5uWoUE58EWkMA3IJV58+bNY8eORWkjSZJisRiKjaGWWDgcxkahaHBBQcH48ePtdvuvw3VZZ1YvcotWgTrQp7C3QdPAQRnNzc1dXV1mszkajTqdzqampo0bN7a3t7tcLofDgdI1ClM/Bkn4OTk5eXl5OTk5KGRvsVhQNWH+/Pknn3xySUmJ1+vV6XQNDQ2bN28eNmzY4MGD7XY7ISQajba0tMRisZaWllAolJeXp9Vq169fH4lEotGoSqUqKysbPnw4SjJwWVjsXzgopBHH1Msk97Ec5YEd2IuWlpbPPvtMUZR//vOfNTU1qEJNCxzTy4eKqig4gvLYsiyHQqF4PN7R0UHfrFKpXC7XV199NXbs2K6uLoPBsHjx4qOPPnrIkCG1tbV+v7+rq8vv9xNCenp6pk2bFolEUFQFhCtJ0o4dO+rr66uqqqxW6zfffIPqUUOGDBk0aBBqnewvPwauYK/dzRbQJr+xLn+EEBSCB5G99dZb119/vd1up3XYaMMPeg25dHkYkBfEGA5JkiRCCMrKEkJQ523s2LGXX375tm3bJEmKRqNGoxGNBFGYiVVVUHHI4/G0tLTI6YYU2Mra2lpBEC666KJ58+YdccQReXl5wWAQ1T8sFsuUKVMkSUJi+8/eh4EDB1KWLtNOLIQxcQ70SfUZqI/81FNPPfzww3q9nuM4NGsgTEukDDUYBWAMBgMKOSmKglOkLf5w5DzPz5kzp7u7O5lMmkymjz/++Pbbb//www+Li4uh0ZC+MUjUCNLpdDqdDieXAZ1WFMXn86EHxFlnnYVSOvieoqKioUOH/pLKNAMHDsTl62W//SLJD+zAqWDZTz/9dG5u7nPPPWcymWiJDJTsZL2raLgApgdqw5mhajPkDdip0WjU6/XJZPLjjz9Gja7i4uL169dPnTr122+/NRgMPp8vHA6jLkc8HkexHJgK3377bWFh4aBBgyA4UfIoHA5H0wPdkjo7O7dv307LP5n05u7O7hhJxFPxWPLnWxp9UjdYH8FvRCVBqexFixaNHDny8ccfRx09VDFku2ny6VaaKOgJqsLQarWoT4oDg3hDQaFUKtXZ2fnee+8tWrQIVWZR7wiFc+LMSKQHDsbr9brdbovFgoI6qEVFnYQUrM/zfElJSW1tbV1dHbqDpAROo9N98d5HQpJX/9yGmhg0T6APKOFAHVsikcC+JxIJjuNaWlpmzZrV1tZmt9vROoek1V+2bD9J80m2jTOoECWbYXKxBeJRq+aVV15Zu3atIAharbawsHDu3LllZWVgpxzTDZ0OapMZjUb6HjQGYgHebDzM6/WuWrUqEolMmTIlmUwpavWIgcO2ttUPrBxkIr9IScFkRPYrDtSxUYtErVYfffTRdXV16IiJQkBoaUIYVYoqGpTg8D0s/aEkJu2viZKrw4cPP+6447q7uzUaTSAQKC0tnTt3bkFBgdy3d1a/m5VMJg0GA8/zwWBwyJAhO3fuZN+f8cJgMCQSieeff37o0KEP3Pt/MY0ghOOtLbVjSnJlleVnGwa7cZKEadR1QGSboigQFS+//PKhhx66fv16rApERq1jerq0KwYtY0eJCa+hmoNz0oqDoihOnz590qRJXq+XEOLz+Q499NCXX34ZbTNQHY4W5ov3HWhaFYvFUAk0HA5XVFRQkYaSVXRAKKI4WSKRqKur+9Ps2WElJvBcldH62rjDOJ6TZaKQFPnpu00v6O5u8wfkzKAoqtXqKVOmVFdXo04jeu5xHAd/B5vfxmr5tC0OW08Kp0VlW69xKopoEwIzIBQKPfHEE2PHjkUvEBrZxwuIK9IXBEDSTbRQTqy0tBQnzW4aG//Ca0mScnNzD5106OIv/n3mYScntJYJWoNvxzbNkBEaLoUY9b7zN9YHKXJZmcu/8rjmmmtWrlzZ3NxstVqhCLAChus76EmwNSdJ2inOCja2S87999/f1NQEORePx+fMmYNy2uiCgjaDHMeh2ndG8iCbIJFMJmtra41GI8dxKB5NC7jS9EP8ir8PGjQoFAp9vPBj3iCcOPbYqKDoZs364qwLT9/0HacYfsKJ9U2m3e0l+TVjTtgOdLw4/PDDHQ4HWlei8h2brcuG3SmRkbQ+Ce5Hm/v2Vi5OV3lGjXGO4+bOnbt8+XKU8eZ5/tZbb9XpdOikc+aZZ+J+mEwmi8USjUY/++wzh8PBZVUTIISAtnbu3DljxgxUpVer1ajNxy5NURT089DpdMuWLcvJyXn08UdVkkbQ6kQ5KU07rvjDL7e9968RF12qSxIiKvtOb2yya5+c11/n2CD/r7766hNPPLGtrU2v1yuKgoYkdHJQOuisqBijyiGtycpxHMpU4wj1er1er7fZbDk5OZFI5LHHHlu1ahVMOoPBcNVVV4HL8Tz/yCOP5OXl6fV6WISdnZ3d3d0jRow47rjjqHqCI6Edj5LJ5ObNm6GRms1mtrAiLZjJ83xHR8fSpUtTqdQrr7zyyCOP6LQaThBTGmKWZVkyCHddFXjnU06JKERWfsqZ0XiFLMsim8793/NJ0qYloiju3Lnz3HPPRZFeMEa8B2UhI5EIpBrP8+h6Su1lnBZ9cyqVamhowDtNJlNBQUFbWxusY6/X+8ADD/zxj3+srq4mhIiiqNfrL7/8csL0u0EXFJvNRtKuS1mWt27dClmLnio4LcJk9dNHjB8//uuvv4arDFady+Xyer3Dhw8/99xzb7/9dmy0SqXiRVEniko0npQ0iz//9NTjZvnLvtbUt0UqK3X7TGwZTEikAvm/HQHgOK6zs3Ps2LG4leXl5Xq9Hh2bfT4f5TZWqxX2Na4wl27THgwG0cgNN66rqwtcKzc3l9Y1LikpqaysPPPMMz/++OP8/HyXywV/islkOuWUUwoLC0OhECHE7/cnk8m2tjZZluGvwl6oVKrc3Nzm5uarr776r3/9azQaZS8Kz/OhUKi7u/ujjz5asWKF2+1OJpNDhw6trKwcPnw4eopgSmAD1BpB1zeVSrV06dKJEydGtaHBV1y17vFnJj7/EtH+BCapMGUVRKqh7d9AA1tdIBwO49bH4/FZs2bNnz8/lUp1dXXF4/Fx48Zhx9ExAEVbUQ8bmnQkEkELFGhukUgEZbZRnr+qqmrYsGHoiGI2m+PxOFTwQw45BLX8oSNcddVVRUVF4HJwTsqyfM4554DOOI5D7xu0hNDpdGazORAIoJmcTqcrKSmpqKgYNmxYQUHBxRdfzPP82LFjDQYDqJbyc8hXQgiOikvXipBleefOndFo9KSTTgoGg2Eu1K61dXhdshInRL3vO95H0rPNTsn+iwBAMDQ3N3d0dKBrDCHEZDJZrVa/3w8oADVyabIWdpn+ZCcGfQSdTFwul8Fg0Gq1KP4eCoXQg4yGrS0WCzzuHMf99a9/7e7uRuVeqI6od48NxcWiHb0HDBgwePDg4447DuY57c/Bp7vKUIUTJ0qvO5eu7UJNFCqb58+fX1lZecwxx6Ddn8IpgqAvUycFs0qfN3gfGRz1+PcmSpG0FvDLtX8l3fZZluWamhqwvmg0qlarUXY6GAw6nU4l3dSbbgo9MwqXoBY0bRJBs15FUSwqKjIajV6v1+Fw0LYR8NDzPL9ixYoTTjgBfsgtW7Y4nU4QcSQSQfXnRCJhNpsvu+wyg8FAiYMaghTWQJUgKD40twx71dTUVFVVhYOkaAaOKcyj1+s/++yzQCBQVlYG2oDUjKVSPEk4osrHb86b/cij+05qlEP2yjZatfqXE5kgCOjfg3ZgqVSqsLAQ6r7D4cD2KX07G7LTYkuq0B4eUEzghtdqtWi34nK58HE4NeA+RptMh8OxZMkStVpdVlY2YsSIRx99FKpQIpH48ssv4d0YMGAAACa0Czvb05YwzYk5ptQWYco0V1RUoDMO7RUAQnc6nevWrauurjabzbm5ueXl5RMnTkTDOaPRGI/H5VQqKsuiVmctLNn3jaXw1t67S6M45KcbAFRFpq4WtHDDdqMpWigUQvgKVm1GDJ3eTerIp938fD4fmu8FAgFJkmRZBnlR3JVWq0Uv9q1btzY1NaGPWCKRuPXWW2OxGFVesKfg0larFYgSNJE2GAzUN0a9LRnmPGXOYIworI8OVE6nE9EAqvfy6W4qAwcOLC4uPvzwwxVFef3110eMGHHIIYfAfwbajcRioyeOV4hClH3a9ozqVCJ1yfw8fQSfCgQCzzzzzJQpU6BQQE74fD6e59EZgGM6BmGbaAcj1pGNf6FwPDxJ6PnV1taGvdNqtdFodO3atT6fr6urKxAI2O12QRBQ9V6lUm3dupWkW6Gz3inItry8PJxHYWEhvJEcx6Gbgd/v93g8aHoA6Qu1EMeMrtG4WIA7hMPh/Px8tt0KLEhRFPPy8iorK4Eg0mq1d955Z2NjIyZA+bBMlB636yfhvSjFK4rClZeXsximn6qSyLLs9/unTp369NNPo20Nrjxt4kAlEzg7SXegYus103rm8K9TodLZ2Qm+ajabV6xYAXfi22+/fdRRR7lcrk8//fT888/HYUiSFI/HGxsb7777bshXIHP8fj8MRFmWAdQxGAzoC4a9BongVzS4Ad3gtNACmRqOmzdvHjhwoNVqlSSptbW1tLSUWikQrvS1Xq/HByVJamhooOkHBoMBVmlKlkWVyClk3Lhx+0JtbDthAiwJ6/7fx2OjXte6urrbbrvttttug3ZgtVqRJEE9s+ydyGjZxMp5nBxtBgXnJCGkvr6+paUlGAxOnTp1+fLlI0aMWL58eXFx8dFHH71+/XpFUdBNc9GiRQMGDLjppptCoRDHVGmjkunzzz+fOXMmmjkGg0HqMma9nawMY7dSpVL5fL5YLJabmysIQiAQ0Ov1LpcLpjphdCjIOUEQENdOJBLUIYC4RDgchh7k8XgAOZkwYQJtmbz3Y2Ndbn1AKfuuTOIxH3zwwYIFCzweT0dHBwwvr9fLBhMy0nvoZaQ7RTFx0WiUpEUujNN333136tSpX331FVjlqaeeum3btoULFz7xxBOKokyZMqW+vl6SpA8++OCkk06aM2cO1AGgOcDTlHQbD41GM2zYsMWLF0+fPh0iE9oEe5PoKYIZUM0Ix9nd3b1q1SqYdNdffz3kGbWpcVqSJMEb2d3dXVtby3EcIJQ4J+xAd3c3NioQCJSUlITD4ZqamhEjRuzLnvfxkhAmLXHfVRIczKJFixRFWbhw4ZIlSwgh2PrsGFB2CJj0BRFD9iiKotVqtVrtJZdc8uijj1ZWVtbV1Y0ePToQCFgslgsvvPD444/Pzc1dvHixJEmfffaZRqN57733/vKXv/j9fpfLBUMCN5d6K3Bm0B3y8/MdDkdNTc0hhxyi0+nQwhvMkLURYZmwKWSCIIwYMYLneY/Hk0wmW1tbOY4rKSmBJHO73e3t7RCH9LwTicTIkSNtNlsgEBAEAQ2GqY0oimJ+fv6GDRugGSl7KK+YQSfsNnLl5eXsye0jk4Q/8OGHH25sbLzyyit1Oh32nWTV+mT5JDsJSvJQ9jQaTSqVuvXWW2+66aZ4PK5SqdA1tLu7u7q6urGx8fLLL7/wwguTyeTSpUvNZvNDDz00atQoWE5oPEWB4jAG0C0K3AnkjpAQuDHUWrgiwRXRHrg3nyWt/VNHjyzLiOVCZ/F4PKxqx4bosBy73Y7mtjk5OYMGDaKSHmKVEIL1qtXqxsbGMWPGmM1mKi/6HdTc7t1AFLqm/oJ9rCeZSqUeeOABo9H43nvvjRo1ymw2T5o0CYA40huGThFCVCotIUQUefwqCCqKk8GBwaFlNpsfe+wxp9M5btw4v99vNps5jvP7/Tk5OZs3byaEQAex2+2HHXbY6NGjr7/++pEjR5rNZtqmEOeBFlJU0lAjjOUQWq2WOrXpKUIS+/1+o9EYCoVaW1vp3VeYqryEcQuAplkWQi8oDWJQWK1ara6srITuCtcdWCXHcStWrLBarccddxzZqwGGTmF0ISLLHPadSaZSqZ6enmQyec8999x///09PT1vvvkm2BRYvMlk4nkxPz/faDRynMJxUMHlVCpFu/MFg8F58+aVlJRYrdZAIICDj0QiF1100X333SfLMv7Y2tpqtVo7Ozuvueaa5ubmk0466corr4QKBwqDMkkFVfaZUfgJ3g/GaDQaYbyD+KLRaCAQqK+vx2FQbkljIxTqSmGWpK9zhx4w7iJ0YEpDu3bt6u7uPvXUU7VaLRqCl5aWut1uxIx+NN5J1UY8ercO85PsNo7jtFptVVVVd3c3YhwbN2784osvrr/++mAooijhvPySqmHDr7rysjNmnR6JhFQqwWAwxONJmphkt9uB9pkyZQq0sm3btnEcN2rUqIaGhksvvfSNN96Ix+OBQGDMmDHxeNxms0Ev+OMf/wimBM0C7kSS1kV5ppiykm4NhnsNtR67FgwGd+3aBeA3YZAESroHGevHYfF0JKuXYMbOggpBZxSyDhZtNBrXr18PDUClUtXU1MDY7+rq2pf9Z8vH9CkEvO+aZCgUGjhw4M6dO/Py8l544YV4PD5s2LBrrrnmpZdeqtlVVzl4yJtvvdPQ1P7WW29/+umn+fn5w4eP/NOf/tTc3Lx69eq//vWvw4YN83g8//73v++++244Pm6//XbYpN3d3UuWLHnttdduvvlmAG+cTqfdbp8xY0ZRUdHKlSuBCQCcC3RDlyQzA2QEe0uSJLPZbLfbQ6HQypUr16xZ09zcDIs+AxWZAf7BX7L/FY1GKWSIDtp+EF4h9lccm0ajgQtJkiRkEeAN+5iA0Sfgzso6nud37dr1ox9WFGXVqlXt7e0cxyGVSJblFStWvPjiixqNRhCkRV8uOuboY6dOnbp27cqiosKOjo5YLMbznEYjUal26KGHPvfcc0VFRalUavXq1egnP3/+/JqampycHEEQhg0bVldXl5ub6/F4VCpVUVHRhAkT4vF4V1dXOBweMGBAd3e3zWbjOA5Zh/hmrVZLAz0qlaqiogIRHL1e/8MPP8D8r6+vLy0tzdBplb49n7OpLeOd0Jso7yF9HXWsfMXF8ng8hYWFhJCbb74lGo0mkylCyIMPPlBYWBiLxa6++uq9SyioILvNJ9oHALT8oyoJJv3QQw9VVVXhRlOHjSAIq1evfv/9BW1tbYMGDRIEoaGhLpVKKoqi0WgGDRo0bdq0GTNmDB8+HC5ztVoNNgVm6Ha7AchBmI0QgkBlYWGhwWBAt1kA2RRF8Xq9Xq/XbDZbLBaSdq4jhgfLj25oKpUaPny4z+dD6JwQUldXN2DAAKoi0lOh6SDU7cmyR5lpoAaLBefBnhxmQh3T9CdiPTqd7pprrhFFNUkHgQmRX3zxxXA4fNNNN+2dT8LcpvqHSA9w31USRVF8Ph/2V6PRBIMhWVYAK544cfLkSVPD4fCWLVscDseMGScdfvjh48ePlyQpkUjwfO8ZY3lQ57A70WhUr9fjFOH4sFqt9DIB2EN1M+SzIMOztbW1qKiI53lgs7CnuBCEEIQOtmzZIopiTk4OjRjAMsuQYfS06LbSZqrZ4g03gGMgHXzf3iaEgVu1tLTk5+fff//9kiQVF5daLJa2trZQKOTxuO6888577713X4xm1okh0ohAhrq8p8Fx3LJlyxRFqaqq+uyzz3JzcwsKCuVUbwdtnzdgNpuNRuPEiRMJIX6/v6a6buOGzVqtNpGMxePRiRMnDh48uLCwkApqn88XDAY7OzupuwEvIpEItHmqZWCveZ7v6emB0Eomk7iGq1atGjZsWDKZ/PzzzxctWsTzPCwknudvuOGGwsJCWZYdDgdwO5AoLA1ls0SZaTSdcWwYsKNZYwu3UO7bFZ7CqH0+n8fjGThwYDgcRVoekkgCgcBuB/FeNUmFab4qsoDffYEAKYqyZs0a+OXQSdZmsysyL8vyhx9+uGbNmuHDh+/YscNsNt95552SJCWTySFDhvA8Lwi8WiM8/vjjJ5100uWXXx6Px10ul9PpRNquwWAwm83YULjYaeAY+gXoBmEzugy1Wh2JRHp6evLz830+32233YZ9hGADh3z55ZeLi4uB2YLbkCZQsVxxT4cnM+BXet+pGyUcDofD4VQqpdPpANmD1gqRgWm0t7fn5OQ88MADeXl50Wi0s7Nz8eLFgsAfddTRJpMhGu09RehZe6GWPmFSei/2EQLk9/vD4TDFmgFoxfG8oihr165VqVTDhg279tprCwoK3n333W+//faoo46qrKxMJBKyzBPCqdXS2LFjv/jiC+CioGhBgHk8npKSEihg0WiUBt7gXMBxchy3fv16OAOBx4KlFQ6HH3nkEWwZIZyiAE/AyXJKoxHb29vnzZt3wQUXeL1ek8mE44T2kUFbdDfoH2nmI94viiI6jzudTqfTyafb7oRCIbfbrVaroU+BN+DNkqQNBEIGg4njhEAg9NVXix544P777rtv8+aNkycfotXqV69ey/Miz//I5nMsKjnjJH/02L788suvv/7aZrM1Njaq1epwOCyKYiya5Hn+6aefvu2221asWDF37lyTyXTzzTfPnTv3xhtvPO6443gmhbC+vl6lUkHAYHfC4bDH49FqtV1dXYWFhaWlpZBeuLCUzggh0WgUkRetVmswGHbs2AH9/q677sFtRQd7lUqF7EWXy4XIZFdXV1tbW3FxcTgchsFHbx5h7AfWSqP2NWbi9Xp9Ph9Je8ZNJhO9PXQDcX6QuzqdTlEUt9ut1ereeGMelrxy5crbbrvlhBNOKCkpOf/886dMmbJp06a2trZkMqlSiXtBcbGxIZ7nd6OSf5TUYPNv2bLlxhtvHDVq1Pz589evX19bW3vY1MP9/hCQ93/9618hnHBtHQ7HX/7yFyQYghREUfR4PKzjhxByzDHHLF26FFYqWBl0etp2naSDI1u2bPH7/diUeDwORnrXXXepVWpJ0hpNpoEVFa1trYGAH2g+i8USj0eRZvj222/feeed0WgURAwnKj0qenjYF8THU6kU3NBUjQLoSKvVwng3GAz4CyVHaoqp1WqHwwEnltvtttlskUjktttu+/LLL2fNmlVQUJCXl/eXvzzyhz/8IRQKqdUit9fUN4XpfdPHufWjtjbUhPr6+kGDBhUXF+/ateuyyy676qqrrrjyilSSiKKYSCbUKnVBQUFBQUFZWVlhYWFBQYEgCAaDAVjxwsJCURTnzn1JFAUaYDSbzdu2bQPxIZ6ydu1ai8VSVlY2depUClOEXyYSiWi1WqvVCjhpMpn85JNPZFkWRcloNOXYc3burJblFC9w4XCYps2BIFKpVGtra0FBAY25Z5AX2B1EKSLduCtarVan0yHECtQzViRJUkFBgVarTTNnQghBKYwNGzYgHKhSqRSFAPlpMpkee+wxl6snHo9ff/31Tz75ZEXFQHSX5zh+X7R46hv5CajkVCrV1NSUSCQuuuii9evXC4KAw1AUWaUWFCWpUnEKSXR2tXY72rds3QDHPMIZcPlQdx81RVOp1OWXX+50OqEWIrPW6/V2dnbu3LmzoKBgxIgRcCgIggC2nJOTs2PHDnyPJElbtmzR6XRaSSdJks/vicaCs2bNevHFF1Uq1XHHHVdbW2swmBDm5jhu0aJFl112WSQSgSGFjB7q2+Q4rqurKxgMwhFjs9l0Op3JZLLZbAaDQZIku91eXl6OiA+kQygUgt6bSqWqq6u///772tpaQoherwceMJVKbd68WaUSZDk5Y8apgwYNvOmmm3Jycs455xxFUZ544nGdTtqwYZ0s7y1qQznibmqjTswf5ZM8z+/cudNut8+ePfucc86RJOk///nPxRdf/O6771LQHJ6NTcEfEc2COg4EAElLUyS/tLa2siYRwi6RSOTdd999/PHHx44dSxXLjo6OvLy8lStX6nQ6fP+bb74J161arfb7/eFIsLW1RRTFQYMG/elPf1qyZElDQ8PkyYcAfBCPx91uN9YIZAe0IYjASCSCbGskawF3VVpait1HHjcwEzqdLhqNrlmzpr29vba2FkuD6g/cg91uB5sF82hqaoINYLVajz/++IqKimuvvfbII49sbW196623EC9VmETZvdAZfYNIvZE/emywWzUajd1u37FjB8dxra2tZ5xxxrx58xA9oiYgYFLwGRJCLBaLkk4E7enpQbSe47gJEya0tLQoTJ10yo2rqqpeeumlRCJRVFS0c+dOSZKsVqvdbl+1ahU8KdgIh8MBBgUP9c6dO26++ebXX3+9p6enqKioubn5//7v/6666qo333xTr9dHo1HsDkU3h8Nht9sNrjtkyJCioqKysjI0tItGo1w6TcTv99fW1m7durWxsTEUCtFLACIDFcJDDc4MTA3sE6QoAnmGcN3jjz/e2Ng4efLkzz77zGKxUPjQj3JIqjbyPL87CXhf/Mher1elUgUCgV27dtlsNsTnzj333IULF1JzmGbo0pAjTpHaGEgy02g0Q4YM4ZjOcko6+ToWi915551vvPHG/fffT80vp9O5evVqrBAHAL0O2AJFUa6//tqSktJjjz0asspgMLzwwgvr1q27+uprX3/9dRC9Tqd1Op2ALEQiEZPJNHjw4OHDh8Meh2/F4/GsXr16+/btzc3N4JYGgwHgTEJIfn7+4MGDk8kkFEsoUB6Px+FwYPl0PzUaTTQahVTD2mtra+fOnTtx4sSHHnrogQceKC4uXrBgAR7x42KNMQB6maTCgCb28jFBEA455JCPPvpIEASj0QjsZiKRmDZt2uLFiwOBAMd0QYXaCX2MQgRA436/XxCE66+/Hg5fyl1pNtSsWbO8Xu/IkSMfe+yxK6+8Ehzys88+g/onpyubvfXWW6Ko4nkYCcGphx06bdrxy5cv6+rqQmDo3XffTSaTa9euPfHEE5csWaLRaGKxGIScw+E44YQT7HZ7c3Pzxx9/7HA4MFW1Wh2NRqEuQbeCbR4IBLRaLVTinTt3wnOG+wd2TWFqiMGedNJJ06dPP+yww8ByFIXwvLBkydJNmza73W6UEvjqq6++/PLLU089dV/UeHoEvaKEMGUT9v4ZRVFmzZr11FNPAZbU3t7O8/zQoUO7uroeeuihDRs2OByO7u7unp4ep9MJw4sC6+AHCoVCBoMhEonceOONsiyDL+Xk5BiNxlgs1tnZ2dTU5PV6V6xYAcDF5MmTUeUMQWek52D21GmUSKR4ThAEYfPmTXa77Z577nnqqadOO+005It+8sknVVUj1q5d8+WXX4qimEzGoUPGYrGFCxdCvkLhzM/PBzOnvC6RSMA3jVuILYL+gqPNzc0dNGjQ5MmTR40a9c4774wdO3bixIklJSVwC5A0tJkQGKy8JGnfeuvt1157pa2tLRgMjhs37rzzzoMKs4+DghD6qCR7/wzKpSxduvSUU06BCWwwGLZs2RKLxSRJ0mg0+fn5o0aN4nke2rnH4wEPMRqNEHIqlcrhcNxzzz1FRUVtbW27du1qbGxsaWkxm806nU6tVo8YMQKo0KFDhyKDPZFIqNXqr7/+Go5/3G7Yy3Ac8zwvCuItt95y0003NTU1bdiwwev1btiwYdiwYcuXLy8oKFizZq1Op09z1zACdTabTavVxuNxh8MBOJDf7/f5fDQtARsSDAaxU3q9PicnZ8yYMePHj58wYQILhsBNeuyxx+Q0NBvxLJVKNXfu3BtuuEGWlVSq1xl2/fXX33zzzWvXrhVFdUdHRzgcBqZ9XzgkdfUJgtCLJaFekx+FAAEG+Yc//AGuekhamjbI3jI4F+ADRAwaq6Kb0itdRRGIUhhAeAHFDHDm6upqwOgwadhhHo9n6dKlgiAKvKgo3IIP3//HP/5x7rnnHnbYYS0tLSUlJc3NzY8//viHH344adKUd955Z8qUKeFwOJmMz5w5E4Y2NEM8gtptMAmQ54F/gXPihCRJwnKAL4LRrdVqjUYjTAWkFCFry2azaTSagoICjuMVpRdSptPpigpLPvjgg7vuuuvbb7+9/Y5b/vSnO/bFrVhZWSkz6DqRek32MbQN+/+7775TFKWnp+eOO+7YunUrjg3Lk9P5O9RXgg3y+/183572lNDBeaiQoG51JZ35yfM8tgz4c0VRgL/geV5WFI5wFovlX//6VzKZ3L59u0qlqqysDAaDkydP3rFjx4ABA/R6PSwEeDuT6RGJRILBYCgUgmDj+/ZBZ6UDpS2+b6kGwiTs0EJDOE6UH50yZcqqVat5XgArTiQSra2txxxzdCgcjoTDs2f/aR+3ncWS9B4b6Q8ZsafBxgZzc3PffPNNu91OI1W4oSaTaeTIkdu2bRswYACcCwhQwVDFGSB9hqQdoQhv4jW1ytmgBGgaYoPjOLfb3UuvnMDzvEqlJoT4fL4LL7xw06ZNoVDIbDYPGzbswgsvVKul9evXcxw3cOBAtVrs7u5WqVTIeEP4jaSjQjReyoIEWawNhbjxTJ9nuoECUwsWDlIcp8Vi9vv9gsClUolwOK5SqWLxUDQaffvtt7/55pvKykrEbPeFSdIn9knd2HcsCXsLhgwZUl1dDSuHOnxbWlrcbjdqt0AN0ev1UEl27tzp8Xiqq6s3bty4Zs2arq4ummuDjcOmZORuwTkJ2cZxnMvl6lXAOI4Qsn37dofDUVtb+69//evyyy+fPHnyqlWrFixYcPjhh3/00SdvvfVWIpFwOp2iyIdCIViZ1C3Lmh8UM5GxZfRtNHc0A3nAAv3YT6VSqZKSElmWEQ1Hbuq0adPOPPNMvV4PQbuP4CvWVOuDJYF7/qeeHNzEMG6o+KGDEIJAFPbC6XTCFFPSUFwYrTzPu1yulpaWurq6hoaG1tZWl8tFa+mQtC6HGx0Kherq6jiOU6nUKlEty6Rq+OAvvvjinHPOGT169KWXXjpnzpx3330XEqihoXHkyFEopZBKJTLsVJaZ8xkNSRgblEZEaaEheJA1Go0kSahWCI8lPGFmsxmvc3Nzof5QlO3Py2xCYiM9JjFjDT/jG6E4wWykoDAK60RMDn7x1tZWmL2JRMLlcm3btg1hqnA4HIlEuru7kXwNFRz+JCj9UFxBfwAW0mknUymicOvXb3jzzTd37NixePHiW265paCgYNu2bU888cRZZ52l0UhQGhVFIWR3RRZWe2Jf8+nCQTTaDrFNFRB4k1Hu2mq1WiwWY3pYLJacnBxqALAGMvUo/owdJoxzK9MA+BnHRk+I47hQKHTiiSd+++234HWURcDzpNFo/u///u/pp58GthWBVlg/gLoCpIafVFJiPjTuRUUd1YYVReY4mRd4k8ZcXj7Q7faOGTNOo5Fee+21oqKis846Kzc3d3jVmEQ8JfAiz3OUxdFADCUj0BD+IkkSAi5ardZkMmk0GpQlt1gsZrPZZDKBknBger2eJnplbxFNDfl5p8XSBs/0Ru993r7jfzIGDdv7fL4nnnhi9erVn3zyybZt27xeL7QMZA3Jsjx37tyMp0CVpyakwiDgMl7QZ5F0hXca3sQLnlcuueQSl8s1Z86ccDis0+mqq6t7enruueeeYDCYSqV0er0oioKwu1gXEtrguUa+DNgd4jImkwl1M8xmM341mUx4TWEHGfrwLzyYHz02wtTEF5mbu08uFkoB4XC4ubkZbhGXy9XT0wOL1Wg0jhw5EqA5iLR+g1sZlgB9NPsvelRszhlctNRdy14FnU5XW1vjdntQmfyww45ob2+Px+NWm9liMdE8RKAZNBoNeB2VSUiCBYVZrdacnBxYDnvalgxV87865H6TgPf98TDXgsGg2+1G8Q44duHXBwHBi0pri9AoCdWzWSgHnVMGIjH7rnBMJRydTufz+WiRCrj+dDrdpEmTRVElCiqj0Yi0fI2kGjZsqEaj1uu1er0R1ZpAOngBcB+KDsL0pA/9dY5kXwY1rwkF3O2LQ5L9fH5+fm5urtVq9Xg8JpMJZUGCwSB+RqNRZBPBtqVFh+FspfnBLH40AwXMaqGs/UsPFYoD8rihu8ZiMUIUlQrmR1gUVdFYOJFIqlXqs88+CxRltVptNjtElM1mQ7SF1u7a02IP9Hn1OTaq1+yuTLSPJ0eVLlxYJPBA/QPxwcsOeBNUxEgkgrIStGg0xdZDq6TwN1pjhoXCZR8n/oJolsvl4jhOllORCHztCs/ziURMrVZLkuryyy8rKysrLy+vqKhA+g8iEqyBtfeV/kZGht2yRxXoR7+FTf+CTpyfn88xZRVDoZDH42EPD3YYYOE0GQKxGJwoPkgxVRQCpPSF5tMShpFIxG6341kIvyWTSUmSzjrrrBtuuGHAgAFCupgrqzjQEpS/qYPZx9HrJSE/S5PMeDOXzkakfwEODknp1PGBGDSaxWDEYjEULmGpEMTHnhN1T/DpKmQweKmyZ7VakSINDwhhmnlmT/h/8bTY0Wu3UczzzzYG9/IAwsCqYRVBhSNZ1ig1Adk7lKFksjsuMxWdFAZ39T9KRvuyk3SIHFPbYV/grT9p8Ezxd9Jfv7t+rVH29uyFSljiptYo+QWeiN/yYC+3jP5trC/1QE/v4Oh/sCrJbgiQsl+LSR4c/73B08rkJF3g4uDJ/WYHa7kStgrQPmbcHBwHdnBsZXKqhh3oWR0c/Q822s7RJpf7sRLowfHfGKwVJMtyr2edFgo70NM7OPofbKyR4ziRwpLIAWqWcnDs42B9Eb2Il9+rc+F3Myj0plclIX1RYwd6egdH/4NaaL0GAIuTPKhJ/pYHtar7AdxRhBDpWxaFDYJTm4GqpNnR536jCiz6IfsjJCsYSD/V7zL64Ab37UF0LSweMuOdGV/ILiT772TPocrsB7H4j+wlZBhg7IPAG1m3JM8qkHLfnlYZu8DqoBnHnPHHjBXSZdMZ94vZzt4I9q7saU/7PeC9PIhuELuDGW9gl0BvYcaDFKa4SwZmif7MeBCXhftmz0xJ42sz6voo6Swy9n73qT+T7bBX+qsxQ6fCvpnFH7KGIWGMQnrfsz8rp7vqZpAdexLsm0l/gYJsCmMfRHkAW4SFY+p7kqxIAs1AIH0BP3S7KWOgD+LSUHOlb15vBtKJPUI+XaCKJcQMiBt7UTiOE1BSlL1x7AulL5qMJupkEFw2o8h4A3seVB2SmQLYGRNldyrjQXt6SgZbZhk71ZNZZkUflLGV7IqosGCzXbJDxCzLkZl+i+xRsVyNvTH0qrFaYb8P4pkaTwIqxLHfyG50BtKNY5JOM44qQxfN5pDZFzaDM/QrqzIwFP3edMoP2audsWAujXzKAChwWQiofkUAu8wMrsBOku4eqxxkPChD1mS8mVUOsv1Wux+EPgDsXlBiokKV/srKRvZSZ5BFRniaZfHsYjIIl/QVJ9mCKmNkKDKEyXaRmaK4Gd/A8gZWmrLfSVfNMbkK7HsyIvKsAMtIBut3XVSbz8b7ZssIlpDoe+hfMhgV3XyWggnjc6brwor6VazYFZEsOcIKKbY2iJzuGcByhewdo3oSXbucbtpAv6ffy0rPlFWc2ftJsfAZyjLddlZFy7gPLOPPQFyylypjRSQNmc/4WvZiZ3xwt3TL4POE0ZDZv2fvZrbcyUiQ6PcNGZScfUUyJCk97AxGyP6XBSooTKoD6cvFqeZEmTTpjw1nJ12wKlcGJdNrl6FFZawoW6/MUK3oxuKQsleUTXKkr/zJ1gEyJsBy1T2tiBVi9NpltE3Jnny2pMrmfRkclmeL0jIKScbFyMDNsx+hF4A9AvrEDD2dFU0sQ8lWE1g+lXGgGSw7I9suQ4TKTLuLXnrLPjz2kywnyJDCLIVkK7zZhME+JSMpk5UzGdIgew3sGdNvy9CR+l1Rxtz6FRrsTu1Jqc0gYBYfgO/h+zYzYe9KxswzWBK7ouzDzrhz9J10ORkPYtkzS4rs9WV5P7sVe1kR+yD2ezKsJXrLM1aUcfvZs2DvRsaDsi08dj8p/dBHsIKUUnUGIi2DF2TMhGMswn6JPOOuZq+IPVC82F1FjhI0zRLA3/exG8fBcXAcHCRd2SLbtdlLwHhTv15AVs4eHAfHwbGPg0tXd84wQxRF2a2uZPhkyL7Vdjo4Do6Dgx3UPOaZlm34124UV4bxw7p0DvT8D46D439sZLu1SNqc2+3H5NJxvgwXxcFxcBwcP2mwRET6BlRE1gVE0qSZHX4+OA6Og2MfB5Vh2THYPu1Tsp3XB0nu4Dg4ftLg+kZ62Z+pVErMftPBcXAcHD97sO59FozRG6PLfncGTuLgODgOjn0fe3E0csgNIH0BePtec/LgODgOjozB+j4ysD6EkN2IsgwTjvzPVoc7OA6OAzho4g1td8i6RUQuC3tOsnLKDo6D4+DYx5Fhv1GISS9CGP9jcdlU1h1M9D44Do6fOqjxxhLR7sQF2p+B9aWQ/tI6Do6D4+DYx5GR+EPVxt7upYQBoZCD4YGD4+D4uSMDipzhH8mUYBkwroP+kt/+QKtc2uwkGo1+8803SrpZ5MFxQEYGrIQCKUW25jyLs6TNYA/0zA+OHxm0HIAsy5s3b+7p6Zk+fTp6lxzoqf3/OFi7jPbhoOmtvd3xMmrckF/Ws+/g+G8P8MRwOKzVanFSgUDg/fffv+qqq8A0s3tpZSg5GUUNDvSCfoeDTSFX0mWkMguGsknsB4ntNztokhVen3XWWU1NTZdddtleTO6M4CrHjAO9mt/h2G2wMdXXMuNv9K0ZZ3Nw/Goju2pov3VZCCHJZLKrq+vqq69esWLFXXfdNWjQoGAwqFKp0HstGo2i95qSbp+npDuQZmsurAMNQ6VSKYoiSRIep1arZVnWaDQqlQot1gkh6HyaXU4wg1mz0V26KLYKKxuh+h10iuHS1c1If6VlxIzfaYWzfquyHBz7fWRwtIwMDjSWR39KtJpHg3O1Wv3WW28tW7YsEolMnz69u7v7k08+ycnJUfrWaaP0Qw0Jsoe0/WwjIplMGo1G9H8OBAJoLE+bqdPic4QQWZZVKhW8NaiHh/6XeI8oiuhxrtFoKisrJUlCA1l0uISdSXul/w4gTQpThowS0W4RV15eTvpWg2INPp7n6+vrD/QS/lcHLcmI647XlAbo60AgoChKNBr1eDwgKpANmruiCSghBDKHfhCkyKUrSaJ5JT1aen3xWYg4QoiiKLFYLJFIoLE9uvGmUim1Wh2NRm02m8/nkyTpq6++EkXx1FNPdbvdLpcrEolAd0WjZYPBwPO8x+Pxer1ut7uzsxOtaPE9hBCDwYC+9QUFBQaDQavV6vV6kGs4HBZFMRqNYuaJRAKzNRgMFRUV6OgMEYrJJ5PJjGLTGBmMifxmZENlZSU9ekpylL5EasyRLEo7WE/hlwxcFKgWKpUqmUzGYrGGhoZdu3ZxHGcymURR9Hg8jY2Nra2t9fX1LS0t6LYcCARAohAauI64XlSXoyFTkDGXLjtHX2SU5yZ9Y6+iKCqKIqaHWq22WCwcx5WVlR1//PF5eXnjxo1LJBLbt29HF2273e52u9evX+/z+UpLSydOnJiXlweSTiQSaMyuVqsRgeA4zu12H3vssYMGDerq6qqoqOjq6iKExONxMIVwONzU1OTz+TweD8/zOTk5+fn5PM+3t7d3dHRAfkaj0VQqpdVqjUaj3W7PycmxWq0ajaZfMfgboTQM6o2Eqsj1rckrsiUB6Wf6Lap/cGSPDIWB3S5BEHw+X3Nz8xNPPLFr166BAwdu3bq1ra0tFoupVCpJkvAilUqB39MO4uiXTW0AkpYqeAFLTJIk/Iv2GoBKRsGy1NIDueJBlMtCboCe0Sv9yiuvHDZs2IYNG7xer8/n02q1qVTKbDZ/8803wWDw9NNPHzFiRCwWW716dSwWa2tr6+npgQIpimJJSQnpG+fVaDSLFi0aO3asSqUKhUIWi2X79u2Ud4iiaDQa8ZFIJBIMBk0mk1qtNhqNkUiktrZ2+/btqVRqyJAhQ4YMURTF4XB0dnaCmBVFicfjer3eZrMNHjxYkiSdTpdBbweW/Fi7lL0eBKQ4cOBA1i3JloPG3xsaGg7g7H/jg00XjMViarU6Eok89dRT7733Xnd3tyAIkiRRSwY10hSmFwErl/CFrPsBHyRpemMlmE6ng/ZI+T39OOw0SEgojRBoqVRKp9OFw2GQutFobGpquv32208//fTVq1cHg8FUKmWxWKBV/vOf/6yoqDjttNOampo++eSTUaNGwRMD0sXE9uTVAL199tlnV1xxhd1ur62tHTVq1NatW30+H+nLoQgD6hVFMRKJ8Dyv1Wq9Xq/T6ezp6ZkyZcqkSZNWrFixdevW8847z2QywQ9E0fdgGfF43OPxDB06FPM8sE7XioqK7Lruu9cLeqM7RZgEHvx60H7by8BuNjY2vvrqq1988UVrayvUM0EQIIgAT6V9F9iS/dkaEX0PYRwebH1iSDCdTgdnI8RLBt3iNRyJ7DdD9+M4LhQKDRgwYM6cOcFgsL6+HmYhz/Nms3n9+vWdnZ1nnXWW3+//8ssvBwwYQKmXFjPPIJh+RyKR8Pv98Xj8ggsuaGhoKC8vD4fD33//PftxLguyS/p284jFYlqtVlGUYDDY0NBw2GGHqVSq9vb2E088EcvHLomiCHM0Eo76/N4jjjgiNzeH4zlCeIUQjpBfmfIGDhzIMQ0YWJ+toihceXk5PRLWdUtfH5RvhJBkMglnAPXFe73ejz/+eO7cuR6PJxKJaDQa1hESj8ep+kQ9hJSdZdf3Z2UXqBEXnd5yKCeCIOh0OlAaa7nhPXgWpU/onDQXS6VSdXZ2XnbZZWefffbatWsRPCCEiKKo0+k++OCDcePGHXnkkQsWLCCEGAyGaDSaETTnsgoE0H8p6fL9sFohBr/88stnnnnG4/F0dnYOGDBg06ZNDodDEIR4PK7RaOC/YfeEfiEbFMEORCIRs9nc2tra09Mzc+bMxYsX33jjjfF4HJxFUZRoNKlSqXlO7upqN9kshx86leN4wgupuKzWCORXHJWVlSzon/RlUmKGPU1+Y96e38igDP7777+/++674ZRLJBJGozGVShmNRogOSmZwSFAbjKrv9Au5PQzCdB2hso5LN+6gZptarWYFZoZ8w2eTyaROp4vFYhqNxufzvfTSS4SQ6urq7777LhKJwCFpMpnefvvta6655tZbb33iiSe6urq0Wm00Go3FYpCH2UIsQxvCgFKHVUP44EVzc3NeXl4oFJJlefjw4a2trXC3xmIx0rfdGbtX7ENjsRg0YafTqdPpysrKQLc1NTULFy6cPXu2SqXyeDw6ozGeTPEcn5tTkCMZvl605JDDp5q1xqSKTxHyaxIca8lnqDAcx+1ukUnlWwaz+f9HvtHoMFgmbaTn8XjeeOON+fPn+3w+r9fL87zJZMJdxNvA1GEjZfP+fjZ9D2SW4ROm8gq0BGuQOtC5vu3XqOMEtlk4HNbpdKFQqLKy8t57721paWlvb9doNJiDTqcLBoOffPLJbbfd1tjYuHjx4tLS0nA4bLFYfD4fiJlN1PrRsBgUZog4URThCqqtrR06dOjpp5/e0dEhSVJOTs6XX37pcrngaM2GU/dLb6SvOBUEIRAIWCyW//znPzNnzgwEArm5uaeeemo8GicKSYicIiumSMqtJzvqq08ePNYyqlLiJYHw3K8lPwYOHEj602KwhN32m9I3uZsS6P8/9hsYM9WLmpqa7rnnnq1bt8qy3Nraqtfr9Xo9tgXGQzgcNhgMCCKRdC9QwphM+FquL3Qj41dKJ1zfzg0ZhMRxHNAee/osK9lkWfb5fKeddtoFF1ywcePGUCik0WhAh4qiuN3ur7766t577123bt0333xTVlYWj8cxf4TjFGbQr2X9pf0O6vmg74xEIh0dHU8++aTP56uvrx8yZEhbW9t//vMfg8GAB5G+zWf7/f4M3QzfH4/HI5HIypUrdTrdI4888tRTT935pzuLywZ0Rv0CL1REiVub1ERDS6+fc8x15428+DIiqH41equoqGAdNhla9+56eBRNw374d58fAMWGuhYURVmxYsW9994bCAR8Pl9LS0tOTo4oinl5eclkEuoiSZOQRqNBSJrri1HqV6CRvnYaBBT7NpArNdto+ztIAzyOEJJMJqnlhhEOh/Py8sLhMGiytrb2qaeeys/Pb2xs/OGHH2KxmNlsJoRIkuTz+f7v//7v888/93q9Dz74YElJicVi8Xq9UFMhseHYhHEFSwxLy2DYrGWiMInMcPcjvK7Vatva2lQqFfTtZDKZl5cnSRLsrkgkkgFjypZvNFpImKuIXdJqtTqdbtCgQY899lhlZeWmNRvfePPvDzz3gK+zMyKalJSOl1SVo8v0T7389zXrzn/mOUXWpESF1/ACF1PJHFGk/tLR9sNgiUhhWmThLyK9LjSESnn8gaKBX3NQh/Inn3zyzDPPJJNJl8vV3d0N/FFubi5wHiSrhyXdUPbSZDRAI33pjSU2wngjqXDDZODRhoJKv1CSJPwKrZW6YXiet1gsMLcURbn77rsVRamvrwdIhcKmotHo7NmzNRpNIpF45JFH7Ha7Xq8naTgVHPEs44CMgp5MVwfpTRdO+uvVDSsO047H45IkdXZ2qlSq3NzcaDRqNBoHDRq0ceNGXDN2DzP2jdIeQDBs8zdBEBCuLCgo2LlzZ15eXmtra1Nd06lnnnb45KnvvjbPZDMlU4ozkRx25tkrt9eN3tn+xB+m3f7Zh4ouR1E4laIlKSUlkhRHVP8d7yXHIHswKJvu5RxsgJtthfr7oDrWI08IicVi4MGCIHz22WdPPPFEKBSKRCKtra0Wi0Wj0djtdlwI6nPH/UNQJeN+ZPQyJ337w1MXFBz3hCFLKj3YWLYoipBmkJagQCCDoYNRWw6nplKpIpFIQUHBn/70J5/PV1tbq9PpEAzABxVFue222yRJgqNCp9N5vV6tVms2mw899NCSkhKNRiPLcjQajUajbre7p6fH4XD09PQA4QG/K+vRZv1qPL+7HgddPsQXJKROp1u/fv2UKVOsVmtPT49Wqx02bNhXX32l1+up8zPbPtztPec4enZ4A43ay7JcWFi4du1ajuPcbndRQUFHe9vfX3vTbs9fu3FzcWWlxmpwWG3HvvDsf+bcc7JDeve4My9c/AFnzY9xosxx2hRRuDgn7H+Ko1vUrw3f6y/Jdk5SvtXU1HSg6WX/bAHHceCLgiB8+umnd9xxR15eXldXV3t7u8FgMJlMcPpjpxDbpd9APQc80+uZ9Geq7cVO4xhnPSiHpGUXDdNJkkS7reODVEYRQlQqFT4oSZLFYtm2bdvJJ5980003LV26FMKEdZEbDIbZs2d3d3drNBq9Xh+NRiEVi4uLZ8+ebTAYoIKmUqlwOEzSMQ8sEAJTkiSj0djT07N06VIQcMaussukbIjlPh6Pp7i4+PLLL+c4bteuXehF+Pzzz2f0ws6gN5avUbwhMJaBQKCpqammpsZgMFRVVZ199tnAWxr0umg0rjEY1BptMhHLMZk2rt8wfNToJM8pkZ7xzf7uxd8tbq2+ZOF7UY1OVEQxqShikuPE/U5vNB7A9Y1m448iPdeMfuTZpshvfLCNcwlz6tC+cInnz5//2muvJRKJYDDY2dnpdDq1Wm1ubi4sFhqhBlIEH+cYFDy+XK1Wh0IhBJ3ByJU0wIr1+1NypRYIxYKwVlkqlYLLW1GUjo4OxMoVRUGsLx6PwxDKz88nhAAoLMtyTk7Oddddl0gkGhoaPvvsM61Wq1arQWmSJEmS9Mgjj2zbtg3QsGQyCWMJ1DV8+PBJkyY1NTVBwHIcZ7FYFCYvBvAReFY6OjoEQTjrrLPcbvenn35qMplYPwrelqE7UbctIUSj0dTW1sLQRWBarVYPGjRox44dkOf4Hqq48szAiTgcDrfbHQwGOY4bPHjwYYcdNmvWLCjD0MB7rTuFaLVajucUIvMCF44ER1QNcTsdKUEM9DhsY6YIMfmQb3y7nn6m4tbbeJUhQGIGWUV4br8rlKwVyqKFCNUnM9xQ1ET+HyI2dqkkrUDC6bxr164XX3xx/vz5w4YN83q9HR0d0WjUbDZbLBYaVcNlhd5ImwnBFwL3I/Q3WZbVajUkic/ng2mHW06jT7jTFCSp0+loFpkoivF4PBQKJRIJEBhw9G63G8wOf5dlWafTEUJ0Op3dbtdoNAaDAV6HadOmTZ06NRAI7Nq1q6amBpYeFXq4f99///3LL7+s1+uNRqPb7Sbp5ADMQaPRTJo0qaWlJRKJUCZLbUWWESiKYjabeZ7v6elxu91lZWUzZ878z3/+A5h/BgiG7j+sPjbW39TUJAiCRqOhTKeysnLz5s0+ny8SicRiMaCT4a1B8oHRaMzNza2oqCgoKCgqKoKBSt2nkiRRysRTMBlwKE6RZYUohG/qaG9vb7dYLEdOmhKJJoNjB+Yrh/kXLfN+9Ln23HMkXuJkmRBlv8s3Liunm/6do/lvLGp5T7Gj/5URDAa7urqCweCXX3557733ms1mYNK3bdum1WqROeL1egkhkiQBoq5Wq3HqrDqt0WisVqtKpYrFYjDnoKfB4KFmPfWCpFIpxO6AVKYZa7Ish0IhQC40Go1arQYRgrDVajVmCLrKy8sDXr6srCw/P1+v18OoczgciqIsWbLEaDSCwgVBAFWDZSDse8011+Tm5tpstng8DiAyVhSLxfR6fSgUisViX3zxhclkstlskiQJgqBWq9VqtSo9aNIAx3E9PT3xeDwQCEQiEUIIonZYBZfOkYtEInhPLBYLhULYw2AwiLsElnHSSScNHz68oKBAkqSBAwfm5eVdcMEF9Euo5QKLGh9Uq9WsyQ2zFrsBNspG/Cnxq9XqWCy2cOFCm802efLk4cOHOxwOpz/ml3xGTuUfNb5QNG396MPDTppGVPaYLqnmVP8lfwnND2RtUUJIL56L6xvm5pgA+W8q/sbq9JBOsVjM7/f39PTgZhMG6xCNRpHdqCjKpk2bCCFGoxE3GwdjsVjgRWD1QMgxknaOYadisRgblQIYn76HvTQ9PT0cx+n1esgreP98Pl88Hvf7/UB7SJKk1+uBOQZ7BjUClY8UTzhFce2gZP773/+eNWsWLCt6kHq9HmCRe+65x+v1wnsJ8Y5kM6pLJxIJGHjgGnRL5fSgO0BT40jauw2hV1VVZbFY1Gp1UVGR2Ww2m81Wq9VkMun1ekEQ9Ho9m0IJAc6lm3giTiDLcldX14ABA0KhkFarZS/onixh0tcqZlOKIPEURdHpdG63e+nSpYqi2O32CRMm5OTkRCIRCO3mjs7CYquaqIms1WmIfteOre99cuzfXogJBp2a3+/0hoB2tjcE2ytm+Lgzfv0N+icVRfF6vV1dXR6PB55i6HWUXyA4YzAYwEEDgUA8Hh8/frySxvgSQiA0aAom69RmvdvZICPsHdsNndozwCjn5eWBzJBwGY/H1Wo1KJxePkKIJEn4eCQSCYfDgUAAU2V9fVQBEwShpqZm/PjxkLEckxEnSdI777wDuYekGxAbPUpwFqSE8zyPhM6CggKdTmcymYxGo8Vigd5oMplkWZYkCakxEPuU6iDiWI8r3W1CCIV0Uu2OrpRGzxDqKC4ubmtrKyoqwnyoFZMRSqFHwPet10D/CAPb6/V+8803yWQSqoHJZLLb7VarFWFVjuN4jjNGwjxXGieKWs1FFVE/aJhvmLFn2zrjkKO5/05AIMM5Sc+U5/lefwkta8Havgc2HsAySzD1mpoap9MJ5wT1rYFrSpJkMpkMBgPwPoqiIAkSVwESjzJylsAoydHnZti7hIlMUv4K2YXLB1GA2w8K12g0SrpqCG480r2SyWQoFAqHw4DP07sF8gCdwMzDugCQh1La1dV1+umnw0dPCAEIuL6+/p133hk0aFBlZaXFYikqKsrJySksLMzLyzMajRzHffjhh3B7+Hw+sInKysrJkydD06NpPmy+D8/kB2R0578AAIAASURBVIFxYABbw/UN1WbcE1Yc0f1kpRNkrMFgsFgsNB8XAhxSl1qG0Cl4nseW0kAOIWT79u1bt24NBAJGoxF5qAaDYeTIkWazOR6Pm81mv98PfYEQwgtCRKe1KkmRECFFRD4lS7qTrn3oxRdf/NOoI2k9//1+dbN5RO+vAwcOzE4PUZgU7wOCn1TSsKlwOFxbW+v1enEFoTuBhAwGA7L0E4kEtC9cEYgUeLepTqhkIYb6ZSV78e/jCMG//X4/dQmoVCokZeEjkCTgAtFoNBwORyIRTB5CgMaRqEMVBqFWq41EIgh/tbe3t7e3o5CBSqXq6Oh47bXXuHSgHLoZZAuomk+n+VA3oCiKXq93w4YNeAP1FtpsttLSUii00KUpmbGYlYwwRvaekKyICMs+2A+yXkdwE57nOzo6CgoKEolEIpGA/ozEUxRoAa8Mh8OxWAzOW1h0YA06nQ4x0tzc3MGDB7e1tcF1hNoqXq/3nHPOsdvtIM5wOOzxeAoKChRFIQoReJ4jROD4nu7ucRMnWnPs+12+AT+ZYbbRv4hKFpxZyQIo/fcG7gEVUxzHRaNRqFjNzc0ul4sqTtRNr9Fo4JWGQwJ3HdeXii+KFWLhfCxRcelgGugHxgB7zzLehvsdDochM3FpcF3AAqAfwrUQCATgaaRQTJJWCzFbh8OB1JKxY8f6fL6mpiZcODhjIMHMZrPNZoPv56qrrsrJyWEx9dTkJgzQGQQZiURAbzzP5+bmdnR0FBUVQZcDGMVsNqtUKjAFGoVnRRZUWbymZipJ64QUBgAQI84L4XKYnbIs+/1++HXBFFBnBdsI738qldLr9fgj3Xm653g0XKx4g1arhX1rNBrz8vJyc3NzcnKCwaAkSTabbfjw4Vu2bEHUQZZlvV4fDAYpQ4Q6jUWFI5HvVqwYNmxY5cDKeCohKzJRdmOq9suVzpDtVPHGU3rj3XtRHf978o21lJCe+N133z3wwAMffPABtg8CClFgWOooSgOphZozVDPMcHKw6A0WTc8ig/u1yOl5k3TwLZVKBYNB1MzBV4HLKooSCAQCgQCccvhsJBKBLsfzfENDQ2Njo9VqzcvLg4Lk9XpnzpwJn/7xxx+PuJ9Op4PHX61W0xpYer0+Pz//zTffvPjii6dNm8bGc7h05ihhgArU54FgMQhAUZTGxsacnBxCCO4ixAhCHfF4HPtJBSDIkkpRCmeBwwYPpSEvunvw0VOyB84TURC/3w9+ZLPZKFMLBoMDBgwAEVKPEaU92GZcumgX3KHI+uN53uPxQKojwKDX66HYR6NRl8uFBHaO4wBXgJ9m586dY8aMAeX39PRoNBqNRpNXkN/c3Dxm1GibzcZu4y8fkG/ZNAX+2Bt/y6ABChfa7/YbVajoDJxOJ8/zDz300Lp168rKyp577rlNmzZB0HEcZzAYALkIhULQ4ujNYOF8GHy6jAfVHvsNE2VoRJS1U5qhZV6okqZSqWDwgFlizqiekEql7HZ7T09PTU1NMBiEO7SlpUWWZavVOmvWrDvuuIPjuJaWliOOOGLEiBHvvPPOhAkTduzYUVZWZrfbYdGBuajVapig1dXVq1evHjRo0Msvvwz1KRqNQiBAwFKRTjkOSkQKgtDU1KTX64uKilAUpKura+zYsaiKRZhugCz1Uuc1x0C3+L7lADgmZTZb6wHjgNce+jDHcbm5ucOGDRMEoaSkxOl0UuSXx+MpLCyEAybb2KNP5NOZshQmjnRbcARQtSiKPp8vFAqBCwcCAayRIto0Go3RaITTCBHFRCJhMBi8bk+uPWfjxo2jR4/Ozc3dj/ec6y9/n1A8Bq1fQrLcl3ixf+UbFUfQxz766KO3335bo9H4/f4hQ4ZMnz4d2FmO46Ch0TQzXC+lvzIsLO+nMpNVhPZkb7CijP0jnSStQgGdkBYF4Xne5XKtW7eupaVl8ODBRqNx48aNHR0doijW19c3Nzdfc801UIHa2tra2tr8fv/ll1/ucDgcDsctt9ySTCbffPNNOFHoZf3yyy8FQZg5c+bxxx8P4FIikcDdgmub2kWU0XDpIBgsQDiWHnzwwblz50Kh0uv1W7dunThxIq08t6fdoKfDMTEx0tcp0u/dIunkhkQiodFoqqurUWwLtAdZ5PV6R40aFQ6HeZ53u91wF+Xn57OQIFafp4oJilPgq6hNEQqFXC6XXq83m82dnZ3Qerg08A2nRu3bzs5Om81GmREE/tChQwFdcDgc+fn5ZrMZ8J39Yj1BvnGM35W9rrvrKSgMhouFC+7f+Bt1HMfj8SuuuAI2QHt7++233w70AHVVsbmbrMODy/Lr7IWu6IXOEGj0V4XB1iC0DbAIrjV8+mABkiStW7du3rx5gO2tXbt2586dBoNBp9PV1dWNHTsWdj/HcSjXUV1dLcsyACIlJSWtra0tLS1PPfVUJBJZtGiRoij5+fkLFizYuHHj+eeff8EFF7hcLhBVIpGg+5+hNGa4BNnogiiKwWCwpaWFEILidoIggKQTiURRURELdMb3U+ALRZmw20iLt/LpspnsNlLGRNJobJpMNH/+/O7u7qFDhw4bNgyeD6PROG7cOATBrVarLMt1dXUjR46kAQNolYjIIbPB6XTCGAaboKwWkqq8vBz4BJPJBLONOjaxXqDYkslkTU3NuHHjcIKQeMlkcseOHVOnTk0kEq2trVVVVT09PWazuaKiIgO5+rPpjW4gtdx22y9UvrHMhvWu7F96A4YgGAzOnj3b6/VGo9Gamprzzz9/2rRpDQ0NMNWgLGVQVL8jY1/Y68L3l6y1p2+g/gAwApVKZTAYCCFqtXrRokULFiw45JBDDjvssPb29s7OzmQyidiuRqMJBoPI6QqHwz6fD97Rp556av369Tk5OXBOBIPBf/zjH06n809/+tO3337b3Nzc1NT00UcfHXPMMRdccAE0vVAoZDQaUWuV9HXVEAbD2e9yALBUq9V+v9/r9WIVUL2AF2toaBg0aBC1lEha+LOJCDDMQLew6GgmW4ZynmH60v9SGwSIAhbgUlxcDLKhyXUbNmyAShmJRKjugOlR6Bl7J6kKM2DAAJVK1d3dnUwmrVZrQUGB1WqFRcpGU0F+UDUhu1j1mOf5lpYWp9M5depUtVrd3Ny8a9euc889F65vNhL4s+mNquWEkXUcx3EVFRX9Oie5NOJk/9IbzKFvv/329ddfD4VCp5xySklJSVtbG+QAx3GBQID1SZI03IHZBcyWJ0QRhF58N8dRsUbSk++n5UjGFcmgVXhBCCE1NTXz5s1rbm6eNm0aJRtMYOvWrVarlRCi0+m6u7sLCgrq6+s7OzsJISaTSaVS4dKXlJTMmjVryJAhGo2moaFh9erVN95444svvlhXV7ds2bLZs2cXFxejNAPLUGmlZEwJSCvY97QOF10Itb6wHIAzcWPY6DwWtWTJksMOO4xm9NA7TRgLjTB+SJArElWpogG4YzQahUFFY+vUT0PSUpFlYVw6lZZPZ9ACZQKYuMxUR6X3MsM6oK/BC6i7mG6CLMtAqOEWURD5hg0bxo4dSyP1XBosnkgkdDodn64duGnTJr/fP2nSpIEDB1KDn+Zk/Ax6o2okz1SX7D248vJyham8S39Shrrf6S0SiVx//fXjxo379ttvOzo6TjnlFKT0z5kzZ/DgwRs3boS5D606Ly/ParXCNYyKBoIgiCKv1+s5jhdFDSUznucIUVDyNJlMKgoHeBTVc2gGAKQQUB1Op9PlcjkcDvjQ33vvvaKiosceeyyZTPr9/mQyCchCIBB44YUXUIeYpKOxcJ1ptVqbzbZy5UqbzWY0Gm02WyqVOvHEE/Pz84uKipYuXTp48GCv1/v44493dnZed9110GoAj8DBUKtMURRJkqxWK42hcUxkjI1EZ6jEJCtrkzByXpKklStXTpkyhaQLDeFBUNppmXTqFNFqtbjT0Wi0q6vL5/OJouhyuagAoaAT0lelZx3O7ImzwU88pbOzMzc3l34w+55Q8mDZEPXaZ0QLadSepC1tuEDy8/NzcnJ4nkfkAIRHkatQX9va2nbs2AHn8CmnnKKkQcY/OzxACwKxnIKyMzHDNlCYSPd+JDM6FEVpa2szm82nnnrqgAEDAoFAMBj8/PPPv/rqK7vd/sorrzQ3N//1r39ds2aNx+OBmatwhOcFnhOQcxmNxkRRzM8vSCSS3V3t6eMhiqLodFqVSkxnkSngiNFoFD5DFsCRTCZ9Ph/Hceedd97cuXORbxqNRocMGbJgwYIXX3wRgJWBAwdWVFSg/EZZWdmdd945bdq0yspKJMvBUgcLmDBhgt1uB1Vjc0OhkNlsPvbYY++6665//vOfL774IiEEITiEwqCzYUo6nc5qtVIeT60RhSkOS0+EygH6K+vQ49KOddbPDrgmYtyIN0QiEejz0MTYOAoy5SiTpvVVqeBiMTqYA5WBpK8mpmQNOnlom6Q/bZ9uC02EJ2kMFy2ZTgihwUN8hFZh4Tiuu7vb5XKFw2Gv11tYWOh0OpubmxGLo9sycODAYDDocrmAg6uurj722GOR8fRLHCeUdvh0Ch9rJIt8VqUawmhc+ysowY6Ojo6WlpYvvvgiJyenubm5qqrq5JNP3rBhQ2Nj45gxY5LJpN1uP//88//4xz9Onjx50aJFb739zjfLlkVjcXtevt/rP/zISbFo9IeVq1Qq8eyz/zh69MjKysrLLrs0mUxEo7FwOKQoJBAIiqLKYrHk5+dDzpSXl5eUlBQVFSGxv7GxsbGxcdWqVd9++21lZeXTTz992mmndXd3H3vssVOnTr322mtLS0vh00dtgmg0euihh2o0mldffdXpdM6dO5cKOohKm81WWFioVqu/+eYbq9VaXl4+ePDg2tramTNnXnbZZa+//rqcLrFMa9pBKYK6CD8eBYhlBACzVX3Wf4hBrxF8etQnDtKSJGnDhg16vZ7FuFCSYF9Q5ZD+naII+sXr0E9lCDdWWaWsgWYAAKiwpxtC5S1lXqy+TXeGraILToeylhqNprOzs7S0NBQKeb1enCONwSaTSci62tpazBx8EyEZilL4hb7KbHW9V4Vk/SWsI0VO93bZv/ndgCkhq1qlUtntdiR9+ny+8vLy//znP998882OHTtgDeNf8UTSYs956KG/3HPPPY8+8kRPj+vDBR9brbbS0uK33nxFpRIuvfTSjo72a665+tBDD43FIgheff75f2prax0OB5/OyEZMFk4OSLmioqLrrrvu6quvRs/rKVOmuFwuQgg45UUXXTR+/HiIPqvVCgJra2vjeb60tPTUU08tKCiABwUOwCFDhlRWVlZXV1ut1qamppdfftlkMuXl5Q0dOjQQCBgMBi6dyok4B4K5VBaxMoqFXLCvWbqiQUIEo6mXD/k+DoejqakJcBZYLB0dHaWlpXw6e50wzoPsMn4ZPuEM6Gk2jDsjSYK9aiwdIpqC/B2LxSLvoRoVq2qxTUtoMIZaR6SveIfy3NbWlp+fj92G8W+z2dasWfPWW285HA7UCz3hhBNOP/10iFnISb/fP336dGiDvwRrwsa7qS2z20ZFPCCDoFkHyy+Mv7E8L5VKLViwAGWbRowY0drayqWhQxzTo0yj0fT09Kxbt+6HH36orq5OJGS1WqMSVfYc+/333e90OufPnz9p0iRB5COR8Ndff+V0OiORCNRxJLxQMDHP8zqdDvKtqqpq0qRJVVVVJSUluII0vxgFkmtra00mExDPyIvRarV+v3/Lli27du1yu9244ogBaDQai8VCYzuAdAHxgLQXmItUJiBVDEZjLBbLz89HLT2KcqIDXwjSikajgLbITMsBGl+i7oSysrLi4uKcnJxkMllXV+d2u7HtVPtKJpP19fWVlZUgPxYt0K++l/FHmpdEaa9fQceSVgbJkXSSDnIRwSCyL0m2f4tniiyxBEbFPmvfIvMQ3mOO43Q6XX19/V//+jSMOljFPJOUoNNJDz74oMViAW7hkEMOmTBhAqj0l/gnCVPchTA6I8/zXHl5OfWiZBvcyi+Od7NbuWbNmi+++ILjuKFDhyLKRAOjhBCO42U5pSiEHgaoIhyKuVyu6urq6urquro6uN0VohCFcLys1WplWS4oKCgvL6+oqBg3blxRUVFpaandboPDE6oaOA3tkIZzQpyN4zjYeNFodNeuXcj7pqX21Wp1MBiE6k8IgQ9QEARQptFoZBPhIDdAbKBYUB0sdUIIMjKTySTA7MBh5+TkmM1m6hODIxs4EkpjhNHxKA2QtKmD8pKgVZvNBpLA7oGuRFGsrq6urKykqQzZlli/1JL9HkpvhJFvJEu3zPgS9iZEo1HgszJIq98XXDoWImR13qKD/isYDFI573Q6n332WUVReF6EXoOTQlogMi1UKiEej5955plHHnlkPB6vqqqaPn36LzSjaEFXVvnf7UZmRTNhgt2/UH+lg6qpfr//k08+icViRx99tCRJ3333HcdxdrvdbrdDs4pEYtAvAoFgNBoLBPw4qUg4IoqqwYMHFxcXT58+XafTId9JlmXCyTqdTpZlnhdEUUDZH51OJ8uK3+9HWMxqtfJ96wXQGwBoP5+ucqUoCpqVgf5pL0L466AQCunBShv24OV03zaqBQF4IcsyqAiuMDDa3Nxceu+7u7sjkQhMLJgQyDOCx6Kzs3PDhg3V1dVwpUJol5WVjR49uqioCKgLg8EAYYiGT1RRxPsBJoZ8o62GM6QTyZJs7F8oIWWkNWXTG8kyCylLUqlUCPnQC0aFJ0t7LKPBwVHtlxV0CuNToQs0mUwLFy787rvvQHtFRSV5eXlNTU0ej8dms3EcZ7FYAoGAKIoej4vn+U8++USn040aNaq9vV3JwvX/vKEofcJRdBNEdk+5/0I/YXrqL7/8MnyAKpUqPz8fjL+trc3tdo8ePToUCvOciuf4ZDKpUWvVKsmgN27YsMFiseh0+sLCQoPBgClBXURefW+Gm5xQqdWJRCISjsVjblH0E05OpZKSpGltbf38888lSRo1atQZZ5xRUFBA5wNxRKUfKosoiuLxeIBXpDtAgUKs64LCczMWi7mxJUOAbK6vr4d2R5VYId0xFHwBOyMIQjgc9vv9JpPpu+++W7Fihcfjgcse6E16p+vq6nbu3PnNN98AEDxu3Lg//OEPJpMJaEz0nTIajcA6hUIhQggQVfgL6c95mE1s/SqNMlPPNJtiM+QbYQQd/ot9oInq2TokDSGCtVFxzZIoXtCyfwhXaLVai8Xy1FNPOZ1OtVqNSFIgEOjs7ERUAEecm5sLrcpisXg8HkVR3n333fvvv5+WP/yFd54wVRKVvvk3fb6aSycO//Ln0YHdf++993w+H9hwS0tLYWEhn260i2o5siwrZHegVqVS3XLLLRdddBE+kpOT88ADDxxxxBE5OTmdnZ1Lliw5//zzn3vuudGjR998882LFy9WqVTTpk0D5aSri/OxaFKt0oZCEYfDefLJM1A7yOPxIGgLfyBtSQGWH4/Hhw4darPZotEojC5cC9atRymNjUHDIkKveupd4NK17nbt2gX4NSG7tWW9Xo8X9fX1lG3DWT9v3rzu7m56IqlUiuP4eDzJcQLH4XJziDPH40nIrk2bNq1evXrgwIFnn302jTRATwah0mp51K7IUBTJnv0fP0qcXBpyRZ2rFCOewbuxpV1dXalUCnAtFvmBtwHpgpK7JF3TgSU5jkFXE0J6enoUhYiiSpJ0L7/8aleXQ6/XazQajhN8voDX637mmWcuueSSW265pb6+/sEHHxwzZswVV1zx8ccfq9WSzZaDOhdr1qybMmUKxNIvufC4EnLfmq5UbRTZHVEYR2WGZ+lnD57n161bF4lEPB5PKBRKJpNbt24dN27ckCFD1q5dC+UHFmqqN2OzF+oxZsyY7du3jx8/HogBXuBLSkpGjRoly/LChQv9fv/UqVNnzJhx4YUX3nrrra2trUrfPoaKQpLJVDLZG8bRaNTff/+9TqfLbhNBIUuyLOfl5fl8vp07d2IrtFrt4MGDc3JyAoEAbG7QJ7RTGrCS0+3hZabsBzJrJEnaunUrlUtUWiL1xu12d3d3IzMA4Ik5c+YAQIgkcSa8KwiCCGkM/4ff7ydp9YFP55u3trY++eSTEydOPPHEE0Fd0WiUVtHz+XxIrFYYqyxDM9yTMtmvKKOvIYWUdDlkJV01GP4eyoYwTywf/It6aDO0r2QyGQwGUWACmW8IHrJwDdwclJGFe/I///lPe3s7vhzepuLion/+89233nrr0ksvTSaTXV1dcNgkk8klS5YcddQxqL+iKMq2bdtGjRqFm6Mo5GdbcKw3kqqKdHUiRVVyTJCHY/A4P+ORlM/JsuzxeNavX//ZZ58hB8xisXR0dOzcudPv97///vt5eXnFxcUnnniiIIiRcBwKHnTxSy+9FA4lTP3uu+4OhUJNTU09PT3PPvus0+nU6/XFxcX//Oc/77///j/+8Y8kjSjHaeFQcVqEkF27diFXil2pnG6ujSTigoICWZa3bdsGqwnXevPmzYIg5OfnjxgxAtludFuFdJ9eDLqzFG1kMBgaGhp8Ph8lHpS1U6lUVqt127ZtgUAATh29Xv/Xv/61o6NDUTjYKYKgwvsBcEHLG0So8Tg4eBRFUZSUz+ejLmyNRrNq1Sq/33/aaadhM71er9lsRlcqg8EA4qfR2AySY1VN0tfPRuFgIB68h4LLY7EYrEfalItnSkrSXHJRFM1mMyJgtCIYJTmSFZOQmaR1Qgjej8W63W44llOpFM+TlpaWlStXAvgKFXrcuHHnnHPOMcccc+SRR27btu24445bsmSJzWb785//vHXr1oULFz788MP33nuvTqeLx+M+ny+ZTMpySpYRkPiZUo71RrLiqnd7WXcKK/jo+36Gf5I9ws8//3zlypVtbW1//OMf165de/PNN992221arXbmzJlbtmyZM2cOz/PDhw9PpWST0Wq321GnDZn/qF2DQ82wo2jZKXgL00Kg91xBKmazuaOj462330wmk8OHD6NsnnIdyCWYTMcee+zGjRtRCBHuDZwrbCrc+7FjxxJC4LSEKgihRFdNp4EgT0NDQ0NDA5fuDaDValGix+l0Ylfxr2Aw+OKLL8LzqcgCfRw6xHd1dYXD4XgirigpduFgH6lUSpaTiqKg9AAWBeE5YMCAk046CRQIvbS7uzs3Nxf2m8J4+eWskhOsYsmnq6FR4sGzUC2Cap4UNMNmi9KEUWwmChDCY04lGzJCWDcjvbLQGpB1AeOT5/lwOOxwOGCMGQwGJHBIkvaf/3wP7iiElEKh0BtvvLF27dp4PAqv1dVXX7106dKTTz556tSpw4YNu+OOO0444cThw0fA0uF5/tFHH73yyis5DnHCnxmCA16ZDc0TJvwtsr+zAv2XuCjB2xKJRCAQ2Lx589atWx977LHBgwd3dHS4XK7Ro0evXbt227Zt5eXlhx122IoVK2prayORKAK/yWRSlhVREAkhHI1gEEUQRVmW4/GYIPCplMzzPEd4jucSiaTAC7KcstqsarXaZDLa7XaTyZSTk6vRqIsKi71e77p1677/fgUbNaLcFzRz2223LV26FDlj0IjATcHISToC++233yI2gKswatSoadOmWa1WaGgcA9OBMOno6KDgfSCq6urq/H4/hUcqitLZ2fm3v/2Nsm1RLel0OovFEk/EnU6nz+fV6XXJZFwQSDgch1mSSKB+psJxvKIoarVKluVUSlar1YFAgON4WZaj0eiWLVv1ev1xxx1H+yWEQiHAO5W+0TOWS1JSxB/xApnpQGCBhHA9ACHA5MEceZ7XaDSgMbzAQGFCi8XS1dU1ceJEGM+A5mRbekK6jxzHcTgIl8vl8Xh++OEHJBlCTmq1WnRyVBSltrbW6XRqtRJoPpVKTpgw/rTTTps58+RAIHDDDTeUl5ffcMMNl112mSiKjY2N27ZtmzBhgsfjmTRp0pdffinL8qmnnnrVVVcqvZmZP5/eKAlQIU9Y/2RGqhVhcF8/+2FUp9+6dSsSSdeuXbt58+aqqiq/319eXr5jx47NmzeXlJSce+653d3ddXV1gsBzHEmlEhxHRJFTFNTAUTgO4ogkk2gchVrfmLZCiGIwSPF4XCOqZTkRj6c8nrjX6+bSJbLT0WEeOVGIhtMlC4KA6vbV1dWIpHHpRDjq2SdpAw/2Pcz9UaNGjR07Nh6PDxgwYNeuXQg5QImF/DEYDOvXr4fWN2DAgJ6ens2bN1MVFwpSMplsbGx8//330QYenhWtVgt3ZSgcUBQlnohMHD7uzTffzM3NnTNnTk9Pj8vlmjhx4uzZsxVFWbVq1bRp0/LyCkIhPwDQVqvd5/PJsqwonCiqNm/ePHToUHiDIYKo45QtGs0q2ISQSCSC8ha4LrCfkaOEnHFqf0LjABcwm82wspCPA2AHJCEOAkVac3Nzm5qaUD8Cf/f7/S6Xq6enp6WlxeVyISEVE+bThUyAg4UyQgvpQSNFKcvNmzdxnMLznCwnRZGPRMIjRgw/7LBDRVE855xzXn311S+//PK+++4TBOGVV17RarWPPPJIUVHRzTffPHXqIQsWfDBnzpw777wTM0wmkyrVzyc2lo5IVsqpyOrrfN8EJ5Yuf95TN2/erCiKx+OB+66uru60007zer1Y1b/+9a9zzz33yiuvfPbZZ7u6upS+WRhgezzTz5pC4HD1KRNFc2fKTqjzADohPI1Wq1VRFAguPl2b/vLLLzebzfX19cihzshkIQxSVmYq89x2220VFRXvvfceQjdHHXUUjEy6exaLZdeuXTzPo87CsmXLKKQDChjEYywWW7BgASCOWq2WS9ecg5gNR0KXX375RRddgFQxRVFCodDChQuPPPJIVJsKBoPPP//80qVLNRrpxBNPoto1uD7IKZlMrl+/fsaMGcFgUKfTQQNEsJGqkbTOD+3SijQIEI9arTaZTCjUA/0WFQ2oGKSeW3h9cIJIfkOyaSAQaG9vdzqdTqeTOofhKYGNgJnQLFv8C+Ux6Xugw4dCIXoWFNLN87zD4XA6ndAXoDugAAzs1Ycffhh1k3bs2FFTUzN06NARI0bAwBs1atQ//vEPlUoFPxz4Eaun/Dxhw2VBtUhGPXPqI+GYikI/+5EoBIA0J0JISUkJ7rRGo3n55Zd9Ph94m8FgePvtty+//PKbbrrp8ccfx22AFFL6hm74dFYYdfenu6RHA4GAJEnYbnYtfLolEj6IMjLwGSqKYrVab7rppubmZmCLCFNYhd0gNrCrVqvdbveXX3553nnnGY3GWCxmtVqfeuop+DPp+w0GQ1dXlyzLXq9369atAtOvkJo6oNs33nhDSRfV4tNVGxRZ0Wg0kWikrq7uoosuOvXUUydPnnzEEUcMGjTowgsvfP311xcvXnzxxReLorh8+fJFixb5fL7y8oG7dtUdffQxDQ0NUF8JIQg0iaKAij3wT9AKVkCWAZii1WrtdjuKC1osFiRAoVouLFva/o4az9FoNBQKOZ1Oh8Ph8XhcLld7ezuKiPDpWtFCutw/IQSllnDFJUkym82ohoArgYKccGOSdEINISQYDLLOZGpY0pA9NWU7OzsR8IBBjh0OhULvv//+0KFDq6urKyoqJEmaPXv2zJkz582bt3z58n//+98jR450u93z58+3WCxHHXUURXv/7Gu/d6rDNeitP7kXYvsZ/hLsRTwev/fee5FVCQqBM1pO1+GRJAn5OMccc0xjY+M777zT0NBAryPpG2xl0SFCusSaxWJBeBdVKElfM0BRFNRsgn5C0gi6K664Ag532p2UNWkywBNKOjonSRL6YIRCoQ8//FCtVm/fvn3ChAknnHDCihUr4BZDcueWLVu2bt0KBhwIBEwmk9vthgTDvkuS9Nlnn9XV1XHpMi007KsStaIoLl269MyzzmhpafH7vTk5OZdccskDDzzgcrm++uqrO+6449///vekSZPGjBnT0tJit9tHjx5TXl7x5z//uaqqinbtQaI3IbLJZJo5c6bVak0kEsglRz08q9Vqs9lKSkpycnLgQAfQyefzuVwu5HA4nc5kMon6uQgQUwcsvO2QVLjikIFmszk3NxdRY7/fD/uK1sYDQeKMKFeluhVoCXKSMD3B2UucSCRcLhc8arSu7tatW4PBIL1muCF5eXmrVq0KhUJHHnlkXl7eueeeO3369E8//fSPf/xjaWnpgAEDHnnkEa1We+GFF06YMGHZsmVkf6A7CNNPmJUZu53/ND8gw6NC39rY2PhTH4mvSqVSXq/38ssv93q9KIdG0zH0en1OTg5K7RJCbDZbfn5+Z2dnU1PTmjVruru7vV4vTIgMtBQOBjoYaAAcndoeHJNrBKwWFE7U2a+oqDj33HPb29upoxIJl6ABks4hgH2PSwZpEAqFxo8fP3369C1btiSTyaqqqmQy2draCm0KuacA5vv9/o8++ghFUGidOYVB4uMivvPOO5IkiaJaEARREOGeEFVCIOBduHDhU089FQwGBw4c6PP5Zs6c+eCDD77wwguHH374Bx98oFKpDj300AULFvh8vrlz586YMeP44/9w5plnWq2Wd9999+qrr0ENBYgLjlN4np8xY0ZhYSHsHwSgcBa0BgHVAym7oVnbMM+QZg7WgOwV+E6ghLPOFYWBffFM8c9e72v6mGDEUqlO66NQDABl/alUymazGQwGg8FQVlZ21VVXwV+yevXqww47TKfTCb3tTlUc15s2Ad0qFAo9+OCD0Wj02Wef1mg0S5cu3bx58z333LNz584777zzz3/+s9VqnTRpUkdHx6uvvnr66afvL3qj/d9IVj9hWZb79BPm0rjY/YIy4TjOaDR++OGHd9999w8//NCbPKoo4PrIlPl/7H13gFx1tf/3lukzuzuzfTdtU0gnhJBAQguhC4igAk8eKOKzV576HioqFiwoPESK8rPQEekqIC0UISGkF9I2bXvfnd7v/f3x2Xty5nsnEUhCQO/5I5mduXPn3u/9nn7O5yC4rOs6fPFwOHzmmWfiGtAyiAZBnBBXBQdACJHNZoFADF8IQhQqi8LiwoL3qKiouOmmm5qamhC9rKqqArNhjMbw8DAavemElNGiNMOuXbv+7//+r6WlBV3P2H9ku6ZSKezav/zlL263G82sHLKO4BCFEG+88QasPrxfKBY1VcfxJ5988uLFi0855ZR8Pv/CCy8EAoFLL700k8n8+c9/7urqWrlyJWbBrVy58pxzzmlrawP0jaZpuVx23rxjSGhapaGjjxVYxQgkxuNxZJxcLldlZSXQxakeBaYmiSqwJRac8gGk8yFA8V2aGiesjgTTQvjBDKDm5ubq6uqJEyeOHTu2paWlqqoK3AIOJ2EElcWxVQQbkwavPp/PH3PMMSeddNLq1auhD4tFA5U31HIRCAR+9KMfLV++/J577jrllFPq6xseeuiaurq6pUuXXnjhhysrq5YsWdLd3X3UUUd96EMfMkqnkx848bST4M3BwC9RGdACmWQHpf8NZlUymfzsZz+7adOmSCQCqwD2AGwYGl5BFhcPURjW4Fx4BRUVFUBlQhkxFpeiYVQ8gYAKSvjHjRuHEi3IZrItKViHeweAAk0aoMp6CFSKUAPSEOMKUF4MTOUNGza0tbXBpyekWsFCw4QufM8991hJXl3XXYpQwNex+MhDDz149tlnwyAEkmxPT09XV9eiRYv++Mc/fvWrXzVNE5EPxADvv//+a675rsfjXbRo0Xe+850zzjgDIUHYgT6fJxwOL168GPyAvQjVBD9ZsSqqhQX2ygWWYcMgNWyIzmR6YLUx7RFBF7yjKIrf70cUhCCJkDyAWQhwdTxQ2AgwFnA8T7TQj+Ipd3Z2trS0WBlzDU4AVcahrj2RSFx44YV33PHblStX7dmz55hjjmlra/vb3/721FNPxWKxysrQK6+8AvCFA0mAcSI8PGKikpoYwXQ3V032xPc7I4T+PB7PnXfeKYQYGBhYs2bNsmXL1q5dOzAwgAI/CtnRt3gIlYIfCO5B81BSm39FtwYm8pI8TdOWL1+OrQ99Qr05vCZLWnFiDyo4NE2TKieIqwmKVLUahymIitgavx00EXd2dlqID0VdxzQsoQgFvn5jY2N9fb2maYFAoKWlpb29/eyzz25oaBgZGfnKV74C2P0LLrigsbFRUZRVq1Zt2bLF6/UfeeQEzIWBWwv/FgkuSDc4WojNYil4qprCDGBU4C7TzqZjyGJXS0EpuX1ERM+OmozIHQDRIyNYdWqlQaCVg0+C/fAnZpGDUe+4444vfvGLlnQe9ZqgdYEK4fV6//LE3yY8MwnKEyIgkUgUi0Wvz/PCC0uBgoFQ9oEzm2BGKTERfWSapi548KQc4x34zwP0CtTQ0HD22WefffbZwmpAXLZs2amnnkpxfBqjjjQO8qSY50RYcVbzkgsbiIQfRX1g6SGnvHc0EUNuhf0Jj4I4k6wjw5rRTstEsUr+Jg+ogKAtR4sddR37RggBWxreJhrb6WHoul4sFIUiNE3DcFtMS0T7TzqdPvvss1esWDFp0qQnnnhiyZIl99577ymnnHLllVdqmrZjx46Kiop8vrh7926Px5NMxkdGRqgoBynKsWPHJhIJ2Ifo4tuzZw9C9nwf2F/Y22R4CFfaIfaAtiS8+COQNiJnTjsRr1Kdt2IVr+BPONVdXV0Kg2QWwigWRwGXXG6XKQqKaubyaVMUkiNJwyh+4AMf+OEPf6QoAmxJu+7ASXLe+IYR0G9UoEyrwP3dg3Ud+6Ljjjvu/vvv/+hHP4p6K8ghhEPg9QrLjHG5XE1NTa2trcQnlKCEsVdTU4NcFjdp4JZgYLxpNR9AjsKNgYItslHxlPqjteP7jMMbS/xGH9FCU5sjjgRgHqrAXC6XooBFLZNDUTRNP+mkk2bPnn3ppZcivDF16tQTTzxR1/W+vr5rr7121qxZX/7ylxcuXNjW1nbJJZd861vfqqmpmzp1Sjabe+CBP2HPxePxpqYmXddTqURnZ2dXVxfh6cME4C46/9f+wu7GSyynWFX/9myKdIywZsHZ2UwwD8e0qrT5kRQDo1MR/B60IjB2Y7EYB7oUFnY1jZrQNO200047//zzJ06caBijA+tQgHaw9rPCKpUlg1yl+W8ma7Ojf81DgxfECZd1/vnnv/baa4sXL4bJDlee5CsR+uUEA2YknYNJucjqYkYcOSHXX3/9l7/8ZSr/48ocqjIajQ4PD+/atWvTpk3d3d39/f00DCmZTPLAruS0KKUDY/nqKVbvKQKYiA2iMBpgBxQgRWmsYUKg6A8//BAaBePxeHV19S233PLCCy+g1a2xsTEUCi1YsEBV1d/85jfXX3/9HXfccf/99wcCoQULFnz2s5+96aabampqYrEYUsOoGhCWXqKyEkLFof3Nn7LBIAAUG977vriOG5NmKbKI9KlaSpo13lWx0gxkW+I1LEC8Rq0slY+pVhsxWgdgPYZCISBnVlZW+v1+/EkYAqIUwohr0YNF3GdTWGOOwucJi3IVzbigd22ecC6Xu+yyy/76178apQBV0s2ADyGW8EKxRhxhP5lWyf8xxxzzxBNPVFVVqawdGPuvr68PYQMIfpRlADoBkfRsNovcIMKhqNhApA5alwa9I16CQmfCD0bkEx6RqqqopYQSNllZM/BqFUUVJuBblGwuvWLFimeeeebaa6/FELNisRgOh5999tm6urpFixYNDQ0tW7YM86ljsdjRRx/9f//3q1Ao9I1vfOPhhx9GepD0mBD/vFVf8rh4vJofQO9IfholDxUrcW9a/UrED2AesAq4Bf8Smi3eh2EC98xrEXLiqEvG+5h+DqUELrIb9pJYfHc2MIjmCXPjaK/bwvGVifHootWDja+8H4JaKxaLt99++5e+9CU8hiKbS2jnPYpHmdZAj2AwODw8fPTRR99///2VlZWDg4PRaBQJNPRioQcPHVD5fB6cQ4P/UHKF8DcH/CEnEClBYaGJwOfk9ieP7BWtCeMej2doaIggKwkFGRK8ODr+zjQNwxTFWbNmPfrooyeffDJmTeRyua9+9atf+tKXent7UZxw3333XXTRRUuXLt2yZct5551XVRW5+n+/dd/994VCQUQ71L0gzfKgFimYQTxDn/IKfWIhqr1QGZqYxEiahREGZqA4B5xw8BVccTASfHIcA+fc7/f7/X4IPrtdaq/YoGW3f0rHvDtblxPhmZf9VEE6nBvr3Ow2D+V8U5JJko0nrHzoypUrb7/99n/84x/oh6eCA75jyKTEzqiqqqqqqkLJmLDaMYXN3xDl9D6lj+xXaLB+Z1EqkiQhxb/LX6Bmny8ytzwpuVQoGLqujxkz5tVXX/3d7373/e9//9hjj73hhhsaGuqff/65yy+/fNasWaeeeuqnP/1pxDArKioWLTypp6cXYf1UKhkKhXTXqHBFG6coBSQWFl9xfUUdnzRmgBIheEHhQbAQVA3eAQsRzxAX0WHImLtcLqSzYRYSn1iXqklL+j6lsnhB9KmulIYs+ceH+rapfgdOFOpZh4aGhoaG+vv7h4aGMEV+9uzZRxxxBHqEYcVRcRBVGJOqQYcV0k2KrSdC4hbuptJ5yvKPJInKxhKklZXEM6xWDGqhA/DTiAxRv5gQor29vbGx8etf/3pfX++6devz+Xw8nnjqqb9feeV/HXPMMTt27BgcHC4WizfccMPWrVu7Ont0Xc/nc4oiGhrr0GlBXESeErETcREpJXKKwBXgE92a3EveMqxumgsJww+1xT6fD3qJ3C2FtVPSzfKmUu4V8zV/XzObKEXd5LGf0fAB7EmT1eZLG/HA7UnT6v/N5/MYWQKHBwOc8AKVDdlsFskf4GwT5RmRg0TwO5RB4gWQRWsIPWcze0SO8nLCxj+8kVQyAaS72/+94wXtv3g8rjJkC2HxpCXyR+EogTSB+5o5c+aHL/zw7CPnaKq2cuXK+++/H0Ys5JSmK4qi+P3+5uZmTVM0TYP3ZOE2jGItIz+OqhG00pBpB/7Bn6SacBiqIsFXgUCAtCK/qXchrvY+Il7PJVhljEDgyj5vUaIDtyfBb2AbYLMgA4vhb+AxYjD8iX/BYISdiiQBlUoQ71EYkF6QH0XuH2dFUdqBLpjJJ8oBeIhymFP87sq+tr9DkWKMhEf3h+Q7IWKsWbOgEEH1+/1CKC7dTRNVOfJ2Lp9ZtGhRQ0O9aZqBgF/TVI/H7fF4PF6Pxz2qdijYQCUd0FfQcngfRR4c6pSbdnaJYw9XOiQYv9lNRRPzOiQRZZYWWR44kRkjhMC8XGFta2I2xN+5fgNbojaSsx8ICpOQVQmCDjxGLwxrRgde05+mDU1RMOAgOkCUakXDhnMqGQ/74klhaUvEJ9HwQlNwhVXhLYTIZpOwxwqFUQvQ5/OgszaTTWSywu/3p2MpVVVVTegubcaMmXPmzAE8CfpcMJcDo4lROOrz+SgOIVi69a08OPufDmvtn/jG4G/inZKpYiCe5t6/sfQOiHQrfhfGDMBJuflO7hl8NorFw/KkUD7CcfgUzMkZkt6hSCO9IPbjKlFYsHacMzlbckbl8RXTRrSARWsMslna6SOEABw6ChrRpYbkAWlmQmWnB5TJZIaGhrxe78knn3z88cfX19c3NzdjalcoFIIsUy04OtMCyeIhPsOavHGwypccKkvUEEB1BaOZEilYwl8c9KJpOymswUmyT6ASkXvZ19eJMZDswgvEVIhLyeyEnqQUGR1P+pDGCJIOpI+4QyjYxuUKk2QTMRWpPiTEODfymyXPmcodUFA/ZsyYcDiMtolQKISxjzwCtB/a16pqBzCJwqG3RdxO3Kvf6C1eWCCYnjncl70/omA6VSSKcpMHpTvi5jX3+rhmoxeE30p2KWckaX0Rf6N/KW1FqBtS/tduXChW7RI+ohQIj+a9C0V2Dr1jkhiH4mSjVfJkYJAdwqPn73Fj3Z5VE/9s2Dn/9K0oisNyU3RVZetsHB31XiaTgUwrrMlmNNtpWq3HOJrvxfc4sznk0HuTeCyXl7+YpklD6GXB7xgtDjn0Dkiq2yT9RtVnqsRpgrGjo+IccuidkZR6RdRE5blgKT1HJaEOOeTQWySJiVRrDhQUmL4fVXZQ8BQccujfkHhyiOfi9vpvgiFam6Ul2w455NBbJ25J8lCzaZq6PVjCKxIc/eaQQ++AzFL4qb3pU16vxBMF74v8m0MOvTfJ3s432torpcPVAx6O45BD/86klKLaiFKkkpI6cV7avJ+ecIcccmhfZO8d4R+p1HBpb2dy8gEOOfQOSGIl3kSiSy0bIG5eHu6Ld8ih9xNJFSPS+6NNUBwiT5Q6ecBDF6VQnnQWaeoAf5P/sGC1mwoD5ROltSwSzysMDFO6Bn4bUuMcR86gdjK7Vf1P74hfiVkOMmA/dyS18/GTmOWgPvf/5OhS6Qz8jqSlsN/UW7wjqf6I34VUB0gn4a2r+7qjsm3O0h0ZtiHP+7mjsstlsLHPfMvt6/ZF6cxDviySM7WfLVf2jqTflW5Kq6qqsi86Zz8pfGLf3Hbga/yGhGNnZ0t6ltKnfIEk1jUZlqi0IaS14AyMPcF3kp3V+c/x7jVeDifhme/njqTV4HPP6I7s1TxmaZe9tKXsd8SbOYStgIjaQOSSWXVv0lVaalGaGeJn5puGHgSPrpVltn8a4qaloDkN9s5jzgP22gz+jERp9zoNh7D/rp3NyjJ82dxY2TuysyitD+fDvftV2o6ccXmNJUdZpLS4Wjpeg75VtkxMYg/eGSlJPmmx6JHYWx74nfMb4WfjbxKCorA6yvjMAPohepB0R8KGQGzfPdSuxu9Iumz+OHF5fP4e769XbINT+OJwy19hAP32c5ag/LIINTFM2UpauiNaHDqJwUbb0bf4YVwr8l54pRQ2X5TKKW4x8auiO7LbTdJl8zuSwL9oKciNkp4CFx8kZIVNd9k3Nj3fsne0d7djsLWwJj9x+cFfS7KTXzqpcqWcwcr3K51NwkKUzD9pT0hbk59WlNNRXC9Jd7GfO6Kvq2wUllLONKL3+QPgqMOidPiJfTAFvyPpAuhsXA1K1r6kePkm4MLFvv5lm7JMBvNedk3oI64Y7Rvdfkf8siWoT/sjLqtD9nVH9j1mvyO+76Wrlc5pFzHCRpKOFTYbEIdxNi4r2vbimUvXYVjjP4kP+TH2m+EXZ7CJUNJekViazkNwrtxAkpaS8ySdmb5o1wNKqWXIv2LXM9LrsmvC71G6I7EPM9J+R9Ky8OZ6/qYoHRjCdcU/vSPJFuV7Rdg6xBWbZWtnDP6RKK2I4MgAis1CKYuQz/cAaQbpSEKnttuofDVos9nXxP74FMu6lhaEL4LJUIDFvgW0WeqiS6clyH1pt6v8yvjmoCmHps3MpUdFQlFSIPzx8O0iATlw1jct05mgsqRiF6XU+6LV4W3pEp+YzJtXLBuP1IWwsE/4HSmM7O1/0tKblgVeVlLSHdGgFrPU3lbKWYm0e/gXRakNTwtC0+vpqngduiQUBLNwysoyMqXsqpt/iz8jsQ+oLzpYYhKy2LlFalqIqAoz76VnxPWqdEnSNuN3xMMKkpUoXRs3jKW4V9nbUW3A9fxHhaXlpB5ujQ+yIC0hrEJm2kCSIVESbGHnlRSC3RkA8dCFZI1wi3Rf+k1hdjaEgrAcSInt+R1J12OUzgORZFtZUUKonfY7KrtKtD78mvmZ+UkMNoaXbo0bP7R0nJ34z9Gu5WpQMM1mP5u0j/n1SH/y507rw8UKFyJcWtGbpmnS6Dbpjvjjlq6HWI5vaPsdidKaYOku7OKAfyQ9Nbvm4OKeqz7FhnMlLR2HdVK428afnyTqJHnMZR7nGTqeboCLSem7fMdId0s6wR5R4DdWdpkkE8X+7LlE5N/ij0oKtPBf5KpMsnC4spKEqFFuIKj0o4KZkfza+G8J23AFyZ6RrpMvlPTguJpSSlWZ3TBTbBaX9OBob0kXI6U93uId2ce+7ctxla6KP3R7DNkoHcImnY1rCL5PpDvi5+cnoYP5BhalGrVkN/OoLudpzqbC5kvwJVNtQxwljaSURvn5dueqnD8D2hZ8NblakxhD4k9J6vNHTsqELyhtPr4JRDlPRpKs/Myi1PaQ5DHfwXiHV/aUNY34bqafIAh+/ryldVCYR8E5zbSMZ8XyLSUO51EfSTJKO1XarPZV4jahJP65ey8s88QoRbDmQJ12ccDviEqgyubZyFKQ2MC+5fhToAumYS94H2czbLPj9nWzJgBLuK9plI41lASh9BTtoXCTOUV83dW9k12FXYnR1XMuxfHSU+dLY+d8Im6Z4Ka4LLRvFNou9tAOHU9BcK43eIGbdHmSqDKt9Jd0R1x88jdFORVEl8Tvxc5dUrAEdr6kqQSLnpEpvq9tWjbBs/87kjaiJHTsPCPJKfsdcaaicaES80sGZFn1y3eptJNpw5ilHgdfNLvs49tYMqwkxaPbV5Pf7bs26s0hh/41qOz4jVFZKdkznJUP92U75ND7j8py0GiEWbKvykYIHXLIobdO3OYUzOUryZMapej2Dr855NA7oLLutKIoo3kP7qmLcj6lQw459FaIB6J4oFXhcAll8waH+8odcuj9R5RgkIqQSorHeaLGsSEdcugdENdSUi6+JAfN074mqxh0yCGH3iJJvU6cj0pC/1RJIBzN5pBD74jKNiIL7rOB1NJBik6MxCGH3i5R/oy6Z6iQRRe2qj/HbXPIoXdM9qw1KS3dXl3KC0oO95U75ND7jIiJuA4TZEZSHQkV44rSBl6HHHLoLZLU+sz1li61WpWtbnbIIYfeIkntpLyrQycNxhGmDvcFO+TQ+5U4TIsoLc/aW661LwAchxxy6K1T2f5PGIwlXeJS26JjRjrk0DsjKb44iu0p9bQK1l3vVJA45NA7IN5FzjlLF0zl2XEUHHLIobdFEhOVYECQwwa8FN7R7XhuDjn0dolQfMxSTPK9uPYcG0sCM3LIIYfeOnGQK8Fg7UzT3ItDam8hdQIkDjn0dokHF8mkHAVOlkDOxL4RxRxyyKF/SvboCCF26zziT0fb4Zodcsiht0gSfCXx114njXMX1Xcd7st2yKH3HxE0sChVdHvbtvloEqmd2yGHHHqLxBNpeLF3yBnFITVNI1gEs3TorkMOOfQWiVhLlE6iKmkepbkB+Jc6TB1yyKG3TrwQWRq/qvNBnjjaZKNDDveVO+TQ+4ykYH7JqBZROtGvBJ/EqdhyyKG3SVI7KB+opOMD+wgix2F7vxBlStGRyHEvHHH57hNXV3zE32ieTdgm3AmnFvl9RaY1a7tQKMTjcU3TfD6fx+M53Nf170jSSLeSRhs+8rxYLNIIzMN9zQ69VSoUCuQFZDKZO++8U1VVl8vlpEkPC1EKjc9qHB0DSrNPwXIcQcF5Wu8LolaOWCz2wAMPfPnLX66oqMjn844jcFjIjhhJMRLdHjMx2dTZw33lDpUhaT6tpmm5XE5V1Yceeui0005DJ4fL5ZIe375ccftM3cN9f+9v4jOQeS1ksVjUJcvSPvLXofcaUdVBoVDQdb1YLLpcrr/+9a9HHXVUS0uL2PeDo/fl6SqOc37wiIKQSukEcxUkmD/HdZpjRr5nKZfLaZrm8XhM03S5XM8///zAwMDcuXP38xUJEoOIj4BwfPWDRVIDDWivEoNNwgtMHM323iQwWLFYLBQKqqquWLHi6aefvvjii+GF/9PvSiRKE62H++be9ySxGV/YvS02GBk12uXmNI++H0hV1Q0bNnzrW9968MEHvV7v/pmNc5dks/AHrev64b6t9zcRwgisBm446DwhwIPIjkXx7hPlYPCnhEDIPS48tT/96U+f/exnGxsbOzs73W53NpuFeZLJZLLZLDV6QAdys4X/qISBDdsSVekulwsiWNf1QqHg9/vdbjdVq3s8HikMY4dCxJ6jHxLM4SSHhQfDxfs/wcuLCkpsSFXVeWhE0zSsjlQt6dC7Q1IQWMLW5WyTSqVuuOGG2267zev1Dg8P//KXv7zyyivz+bwQAmIV3DKa3lFVHvSCSKUf5U68EELXdUQ4DcPI5XLBYBDHU8wTrMK3EbJHmqZ5vV632+31enVdd7vdfr/f4/GAVylIwCdJcMybw732B40kABJ6poZh6HSfo82kDDb5cF/2vwXxfcaH4+H9QqGQyWTi8Xg2m81kMqlUKpPJFIvFVCr1pz/9acKECZFIpKWlZcKECclkEsFJVVXBk4LFxAzDQNyyrNnCNRtCL+l0Wtd1n883NDSUy+WSyWRdXV0+n8/lcvl8HuwBFcd5BoJA07RCoUBWktfrraioCAQCtbW11dXVUI+KorjdblwnVKgo1Qnva5IwjvfGJ1taWrgSl4pNdu7cebiv/F+cJEAKwzCy2WwymUyn09FoNJlM5vN5MAn1QGEfR6PRjo4Or9dbKBRM06yqqlIURdd1qBG8EBa/CWnCA3PM+AVQJYOqqoODg5s2bZowYUJzc3OxWEyn07gSVVXB0uA6l8tFmk3TNLxvmmYulwPj4cw4LZgQBS7Nzc1NTU0NDQ1+vz+Xy7ndbvEvEZmbOHEiD+aXREqQmeFrzbvfdu3adbgv/v1KtIkhvPEAisUi7DRsSpfLlc/nUc04MDCQyWSwpyHds9msqqrQAD6fj+qMhWUrAucTLORyuchWxKbHr+Mr0CFg1Gw2K4QgbgE/4CuZTCYUCu3cufOVV14544wzxo4d29XVlU6nM5lMMBhEZV8gEIBl2N7enk6nOzo6otFoPp9HzYrb7TZNMxAIhEIhXdfHjBkTCAS8Xm8gEHC5XLFYTFVVmKOFQgEXoKpqIBAIh8MTJkwIBoPhcFgyemn1ONnLMA73Ax+lSZMmSQhae73TiRMn8ssl+xJHOJrtHROPRkBa53I5j8djGEYsFtu+fTtMsurqal3XM5kMLMbBwcFoNBqNRvv6+np6ekZGRlKpVCqVSqfTiUQik8mAc6QMDWXMhBC6rrtcLpfL5Xa7PR4P9j3Zci6Xq7Kysrq6OhAIwKfy+/3Y7kKIPXv2PPfcc3Pnzj3uuOM2b96cTCY9Hg8YQ9d1j8eTSCRWrVo1ODioKEpjY2NDQ0MkEgmHwz6fD2yG+83lcj09PTt37oxEIkNDQ/F4PBaLQacFAoGGhoa6urpIJOL1euEZglEzmQxERiQSqa2tra+vr6mpyeVyCMOQsYrlJTv2vUaTJk2Cz8wDQqNmY0tLC2cw7BLchmEYjmZ7xwSRjHWHBTgwMLB169b+/n6fzxeJRFKpVF9f39atWzs7O7dv3z4wMJBIJKLRaDqdHo0U6zq21GhTva5TJJB4DBqJ9iK9oD+lOgZh1ezpjMLhMPb9iSeeePzxx2ez2V27dvn9fuhYHLN169bW1lZVVefOnXvEEUd4vd7e3t7h4eGOjo7h4WFoNoo9FgqFT3/60+3t7bW1tUKIjo6OSCQCps3lcr29vd3d3bFYLJFIhEKhhoaGhoaGqqoqv9+PAwqFQjqddrvduq6D5SKRCFQlKb33jiqTaOLEicJSvFKwZNSsB4Px2/hXChAdFqLQ7sjIyJYtW9asWQPnKplMvvLKK21tbX19fclkEg8DWTL4WqFQCPahYE42iT+wHIUl4CnhBWdC/qlggzCRDSckbLzYs2dPZWXltddeW1NTs3nzZtR/ke3a2tq6cePGadOmXXzxxV6vd+vWrX/5y18ymQy0ZSgUqq2theeGa3a5XLfddtvg4GAoFBoaGgqFQtu3b3e5XDBf4ZtNmjQpGAxWVFQUCoXdu3dv3759eHhY1/W6urqmpqa6urrKyspsNlsoFPr6+rq6ukzT9Pl8DQ0NiLJ4vV6FDaOmDf1eIF6uhXf2VkvCZzMZxD8PWDlm5P5Jii7wP3O53PDw8F/+8pc//OEP06ZNa29v37hxYywWMwwDwXGYVfhKPp/3eDywD/GcwHvkjyEUAVcNO1tYKg7KDVKfqzW6KqgmivjT80XcMpPJnHzyyd///vdXrFjR29vLAx5DQ0PPPffcwoULjz/++Fwu98wzz3R3d0+ZMqWqqgpqai9IW6mL+Prrr59yyimTJk3q6elpaGhobW2NRqPgEJx8aGgonU4nk8lMJlNZWTlmzJipU6fqut7d3b1mzZq+vr6Kioqjjz46EonArYX0wfogGtTc3FxfXx8MBu1Z+MMbX4Fms+8HRVGUCRMm0NJLDpuiKDt27DiM1/3eJ9M0EecwTTObzcK7MAyjra3txz/+8UMPPaQoCuwxCH5KW2PTSEFg/ie3lxSr9Ql8hVg5cRppOQpUwm3DFcIWBeuCb5E8QHfpwMDAz372s2OOOeaZZ57BkTi/x+N5/PHHm5ubP/jBD46MjDz00EM+n2/ChAnIH+DfsguCZPf27dv9fv/ZZ5/d2to6Y8YM6C6fzydKnViumnp7ewcHBxFTOfbYYysrK59//vkNGzbgGlKpVDab1XUdiftAIDAwMACnNBwOT5w4EWEVUeojHRZCNJIzEY3T0Oktaq3n0UiH/imB04Ql4F9//fUf/OAHy5cvRzBA07RsNoscMVaVRgWRxyVKoeFpIyKGDq0lrNwxIn5utxt6DLFNuhi/308aAAeDz8F79OArKirgLz322GMjIyNPPvkkktdCiHA4vG3btqeffvraa6/1+Xz33ntvJpOZPXu2qqrpdBo/mslk9hOcSCaTY8aMWb16NaImsVisqqoKKQrBTCce6ggEAtXV1ZWVlYiyvPjii3v27IlEIhdccEE4HL755pvnz59/4oknRqPRqqqqeDxeKBTC4TC+G4vFli5dquv6woUL6+rqDvd2EHSPfFfg9d5yLRxHJj4d4dB+iDRVJpNZvnz5b3/725deeimfz/t8Pr6leP87dVqI0ipVvv/AmVzVkCPt8XiI06ighMyzYrGIGg46JxVt4fxut7tQKAwPD5900klXX331mjVrYrGYy+VKJpMIWi5dulRV1R/84Ae7du1aunTp+PHjUQWSTCZ1XUfYECp0X2sCR7Gvr88wjEgkMjw8XFNTI4RAuIUzG+26aDQK6ZPL5YQQXq931qxZyWTytddei0ajZ5xxRjAYvPHGGz/5yU8KIUKhEGVHcrmcoig1NTWxWGzNmjUnnHBCMBg8vJqNnizFJOlO987UpufxnspavMcJgaVHHnnk3nvvXb58eTqdDgaD2NCUCqPkJvEMrxThRKFFYg/OZtBOCJCgABJajkcgEfAoFAooYuTFh9ig4Javf/3rJ5988rJly/Cm2+1GqdeDDz547LHHHnfccU899VQ0Gp06dWomk8nlcplMBpwm3oIgNgzD5/NlMploNOrxeLq6upqbmxEuososHialL4KB4Z0mEgm3211VVVVZWbl8+fJisXjRRRf98Y9/PP/888eOHYutbJqm3++HIIuEq/sH+tetW7do0SJFEaYwTaEIId79fUwCjoMe4N+9gD+S9/xeEA/vEeKxCtM0KbCRz+dXr17905/+dPXq1diOFRUVXJtRUBE8A10kLSw3HcEqKCmG6aiwvkO8cLvdOD8vOORZbBiWyBnQNeOYTCajqup3v/vdKVOmvPbaa8ISAQgVPvLII5dcckk4HL733nuDwWBTU1MqlaLrJJwFe20kWcJg8nw+H4vFQqFQV1dXS0sLDh4zZszatWvJpxXM1uIlyDhhJpMRQkDLKYpSX1+vKModd9zxqU996oknnjj11FOnTJkihEin05A7qqKqht5Q3dDV3bF5x9ZJkyZqhmIoWsE0vYqmqYdnG0tmpKIoe6P8iq3e3CEQ1ALtEk3T8vn8+vXrr7zyyksuuWTt2rXpdBoBOiGEYRj5fB5hawQkqDSerESlHEE76bqey+XASFR9T7wEwCyYjjy+j9PSwYhMFgoFn8+HWkeUO3o8njvuuCMSiSxbtgzH+3w+mHwPPfTQ1772NVVVH3jgAYTy4/G4YSNop2IpUZIN+TEc6fF42tvb4VUWi8XKykoIGoRn6CTkyhJJv0hhz/nz599yyy0nnnji008/vWnTJtM0Q6EQUgKqphmaori0MWPGblyzLjowrAlVF4rbVLV3fSeTQy5YiQheq9xP5TExxemysUixKp6wuQcHBz//+c9feumlr7zyysjICJLXFEnPZrPIhmHHC9YRw60mnhAjgu0BHiNTkys3CsZQdEQrJQ4X6XK5UqmU3+8HO40fP/7OO+9sbW1ta2uDesQP7dmz5x//+MfPfvaz9evXP/roo+PGjUun07jIAiPwEhHnBxyJYkghBOqk6+vre3p6NE2LRCKGYVRUVHAzGFFTLuX5+nAZBObM5XLRaPTYY499+OGHlyxZ8txzz3V3d1NLkVAUQxOKSy0UCxMax67+x+vFbNFMFVyKms8fnk1Mu4VrNp2HInGcg0EiUTab9Xq9sG2+973vPf300wMDA8PDw4g7I2gBf4Nq7bGfpGWUDAdJrQkhwAPgNMTlOKeRO0flS5RP4xk2/ovQkDt37rzgggs+9alPrVmzJhqNQhBomhYIBJ566qmampr//u//vvvuuwuFwsSJExOJhLBqL8uuhn1vwLSG3Uveptvt3rNnD+rFhoaGmpqaIpFIT08PrhBajk9NojNLja0o19I0LZVKGYYxb968e++99+yzz3700Ucvuuii6urqYrFoKsLl8iimqap6UPPkA6ENm988+qi5hVzR8L7bXhsxGIlL0l57K4C4DQ1R/W+l2bC9KEMKyZTP51E0lE6n77rrrt/85jf5fL6jowP1e4qVeoY2wxKTXyfKAVcpLNdMyTHBwidU3rHX0LeUHvEYuXMKQz7G2QqFgsfjIV2RzWZTqdSXvvSlM888c/Xq1eB/n8+HeuJHH310ypQpp59++gMPPJDP571eL0IgVLnPk0DKvqENye/CF7EmXq83mUwqilJVVdXb2yuEqKioaG1tRRGmFCzhdaTSouHes9msz+cDBO38+fOff/75s84669Zbb/32t7/t8/kKxaKiqIVC3hsMFIZTFdWRQTPbPzQQDkdSStEtSmC/37UdxR3RUZnIbw/y5r1ffnaICM4YlXHk83mw2Wuvvfbxj3/8xhtv7OnpaW9vD4VClZWVZE3lcjkEeWEmyUUD+ybpAHyFKyjy2bjvRzzGTUfiSSSO4S7iYr7yla+cc845K1asoGpDJN8ffPDBmTNnLlmy5P77708kErA2oT0IYxRuFWxILMt+iPIQ4E9N0+LxOFYVVWk1NTUQB7lcjpKB9l+R7FU0BwghcrlcKpVyu90jIyONjY2//e1vr7zyyu9973vxeFzXNKVQFEIki7lAwJfNZ1W//tRfHjGzKU0UBJMX78IuMkt7psgjMwxDp0yRlO35N/TZKFxLdcDt7e0///nPX3nllVQqhZIFpLCQp0ZgAPX1CLhLi05Wu7DxlVKuYlhYeU6KNEqsJVh6gLQZPwkcSL/fn0wmNU373ve+FwgEXn31VU3TQqFQJpNBmu6xxx479thjjznmmD/84Q8Ik+Tz+UKhgLowYhi+MvtZN9PCReQbC/8mEgmEKIUQSIpgoai6WrDdWVaz0ZVgiyJHjwu+5ZZbrrzyyptuuulbV39LGKbmcRU0o5AraLrwutSeDRt6xy9vWDzfVFwIBL5rpJRrP99r9PMFpUDzvxuz8VtOpVJ333332Wef/corr3R1dXV2dlZVVem6HggEYOmh28Xn88Fao/QAvq6wjmOJo+xBSIrdU4aTVxUrpdF/8CEnqopUVRUtPNlsNhAIXH/99ZAXePa5XA4lWk888cTixYsXLFjw61//2uVywaqkEk2uWLg2sysce/gE/WlCiFwul8vlUFSFVFgikQgGg8FgEL+1LyXG9RsRRUHxXehtJBiff/75o48++q677qwIV6Vy2aJLLRYNn6ppqeS8uqa/X3eDlki/+6EHcii4GjMMQ7UfR6//TQIkPB8CQ3rz5s1nnXXWT37yEyHEpk2b3G53JBJBAA3BsWQyCQ6BhQOdI41JUEoLu+08Jr2mb9E7lJ1DsSK2F7ltRPwr+Xwejc+/+MUvEonEnj17FEUBlAg03mOPPXbWWWcdffTRP/jBD5qampLJJNLl8Xjc5XJRmBHrILHB/g1I6HlwCwxFXdc7OzuFEPX19biXiooKdNDQ8aAco2w2CwwIEA+E4reEELlcrq6uLp1Ob968OZ/Pd3Z2PfHE34JVFW6Xki9ksumsT/PU+AOh/v51t/7WFKYQwjRE0TSLoijMvDCLwhTi0KgSxZZEpaz1Xh9dZShI/z4ZbQTfoJfy+Xw6nb766qsvvvjiZDLZ1dW1e/duVD+AD2nwCA9CkJ0jGYQU3rC7ZzwbJqyaDDhmglUbk7dGrcq8SJJuIRQKIXyCGKbH47n//vu3bdvW29vr8Xjy+XxFRUU2m62vr//1r3+tqmpLS8u1115bX18/PDzs9XpjsRi6WuFZwacCUeLL7rOR3qO4Iqks5JoR0ujo6ECiL5VKmaYZDocRTAJb4l+eGqHz89e0LfGjyHlGIpGBgQGPx/Pkk0+e+4Fz/vrw47t371ASwyPpmKeiOpZW1bH1lSIbvefB3PCAaRjFXDGVK+RFQYicMIrCPES8VgIZSDRq+UspfHrx72BDYnfSGj322GMXXHDBc889l0wmt2zZ4vF4mpub8WghWXmATsrD8qgdTih5aKJUa3HPDdqJOJaYTbES1qTfXC4X5bvpPPF4nHyhpqamW2+9dfXq1QgnAvGqUCjU1NTccMMNq1at6u3tvfPOO5ubm4G2kEqlAJuFu5M8TFJuvCaGkz2qARbFa5fL1d3dres6qoeFEA0NDTC5+Xf5SezZc25bCiFgSuTz+UAggNdut/v+Bx74yEUf+c53vl1VUVVbXZNKpXMFo7JpTLKyoqqy5pbLP13MpYq6ors0TWjCcAlFKSrCODTaxGSgB1xSCEQjKdCvMLyXf5MACVRWd3f3f/3Xf/3whz+MxWLbtm0bGhqqr69HUlgIkU6nkRVQLNSdslQ2xigFQqRsGEUUhWWLkm9GcREhBKXISd3xGAmilLFYbPHixd/97ncRzoEVB/eytrb2t7/97RtvvOF2u3ft2gXrFw8a+UN7VBBsAxfOzgmS/qHCNEL1wjp4PJ7+/n60PqDIuKKiAi4ud8NIxVE+gOs6+oj4TQgBFBPYq6qqpjOZ9Zs2zD1yzn9/+b/9/qBiKELRYqoWPvbYvnzev2ZT60vPK2q+YBZVUxOGSwiteMjsNsl9EBbXFTFYA0aUKM0M/DtYkogl/PWvf/2///u/eDyeSCRaW1uDwSD681E7W2QwoyC7W1v2X3v4UXpHlGbeqJ2UuE5YsoBSbdLZqMJrZGTkoosuOuuss5YvX45UG/axz+dTVfVPf/rTCy+8UFFRQUYp3CHDMOLxeCAQQMkISVti6aIFO8mFNC0dd0hEqYAGD+i6Ho1GkRfJZDKmaQJMcmRkxOv10pmlwhEpJkk9X7S2RQv4KBAIIF6VSCSee/4Z068eMWnSP15ZNumImQWPHhPmpLPOfPa1FcdNnfT0t3/8+WPmi6oaIRRTE0IommliIQ/6piqrpUaflFJaCkA3/C+j2fAsqXyGXggh+vr6rr322hdffDEQCOzcuVPX9erqamE5URCovMqWdrywTUymheb8Q/vP3rcmrFJGntiE6Uj19fQt6K5isUilKtBOsB4HBwc/+clPLlq0aN26dVTvj8vw+/1/+ctfHnzwwXA4TGZLNpuNx+Nz5sw5+uijg8Eg2knx5uDgYG9vb29vbywWg/2M/nECSpBK+UgL2XcLvgW3cGhoiBY/FAoBH4EXRpaV8rQy1NdjsgGrkCPxeLy3t7dYLM6eMfMDHzp39qzZiYH49p07Js6eYShm1B849WtfWPt/v5oZVd78299nXHqRqXiSiggUhWIaQhVCOfiQQSR6pI1h0kxt+pu2l/mv0mhDQpFuB0/rueeeu+aaayDg33zzTXQuCmsDUbEV7QaSwZxtyvpp0gtRqu4EK/gwrd5Q6n3CFoTRiN2J14YFl4DJNThe1/UdO3b8+Mc/bmlp2bBhQ6FQIMR/VVW9Xu/zzz9/5513hkIh1ULOy2QysVjsjDPOiEQi/f39g4ODOLmu616vd+zYsdOnT0cYpre3d+vWrevWrUM8E8xG98sVvsLKrE2rO1awdBOQuYrFotfrra+v7+rqUlnLshQg4Gk3PAhAbgkhkI53u92pVGrVqlXDw8OmaS5cuPDMM88cP3ac6taHo/FgKNjgdne375k4qSVpGJ6WCeEli1pe3POXW/8w64JzRYW/IFQhhKqY4tAYbkppXyzfCbr0rlqK6Xk4ueQgEcwhgukFHtsVV1yxa9cuVVX37NlTLBarq6sp7k8BfWIhHr5XSxvbpVW2G42iFGTazo3wx0wLtJia0LCbCUUcugWKBXB0+Xy+s7Pz/vvvj0ajW7duLRaLFRUVKBMpFos+n2/lypU333xzc3OzwroWXC6X3++fMGEC3tF1HQ5ePp+HgwrnChryiCOOmDRp0uuvv757926UhtKCiFJHQwrMggizFeufTqe9Xm9tbW0qlQLUj2kVQ/KV5CWFVGWay+X8fn8wGOzp6dmyZcvg4OD48eMvvfTSk046qVgsBgKBfD5XzOeqa+qKxbzP7zaL2cGu7prGxoFc6rj/vHwo8fBR27Rl9z54/Oc+5RNeYQohFFOYh8hNogfNU9ujzCbJbBJL/xrMxisPTNN89NFHf/zjH/v9/lQqtXv37lAoFAgE4KOjEwyvScvtK1FGJ5fWV2FhRvtHPD1A6gv1KF6vN5fLAVKO59kURfF6vX6/H5fn9XpVVR0eHq6urv7Zz37W09PT1tYmhHC73ei2LhQKgUCgtbX1V7/6VX19fSqVIugu3MsxxxxTV1fX1dVVXV09MjISCoWEtcURjUDqOZVKdXZ2ejye2bNn+/3+devWof1cMAMPl8qrHIXlZdG/cALRMoe4KFZ4P5qNv4/sXy6X27hxY39/f7FYnDVr1qWXXjp37txgMJhKpVBX4NY1XXMn0im33+0WRnNddXdHTzqR0n3e9d0D6QZ/YJMxtHqDmU+7FY8ilKJiKqZ6KHQbv368Q66pzlmQ7G/lfRgaMUrxzPAnudeaprW1tf3gBz9YuXIl9mIsFkOqF9FqGhxBXZKcecCrSBkjnIAgBL7ldrtJ7dDOk0pMKepIpiOVLCNUBdxIWInYnel0GiZcQ0MDGs+ALmwYxoUXXnj66adv3LhxaGjI6/XizIFAAF0nbW1t1113HXgMKS9hQfFks9kTTjghGo2i4ikcDlOVGT10rABOG41GNU07+uijOzo60HtKkUxh1U/SKtH2ovybx+NBujwSiaAdCSEN2KVYVVo3pbSpT9O04eFhNFjk8/mqqqozzjhjwYIFDQ0N6IUXQmCUh2mahiI0Vfh1tzBEvlAsuvSaxvo9nT1V1eFE3+CCsy4cGkx5e3Zmt7QGJs5OezW3UFXzUMRHymxFYjydcq9cir8fdRpELMlamENutxsh7DvvvPP3v/+9sGaamaZZUVGBAANFrmlpuLOBwnns1FwuBwbA5gaXIkWL70LtYLug64QCJNiggA8xTTOZTA4PD1NJLrjL5XIFAoHKyspMJjMyMoKv5/N54Hng9QknnPC9731P1/U33ngDzA8EEeSdkG3/4Q9/SFKDHjyUTE1NTSgU6u/vBwKXaeH+02WTdYN7QcpbCLFkyZI//elPKE+B/8b3Fl7wGAZ+OpFIwFckXkLxPtxU8AxuE7Yrhockk0kEbNAOt2jRopkzZ06aNKmqqgpgECYDiRBWclJRFE0YZtHUXe68EJpb6x/sS6dji+bOjybVkQkNkdb1ieWrfdOOLqiqxxCmYRyikknJ8DGtjpsy/WzvR04TlulPbct4Hv39/cuXL//2t7+NOFhvb29bWxuZjgT8hkg0bSD4MFToIIRADQT1bgohEMuG+44ti7iLEALsHQwGyfyDx2WaJoDEye+vra2NxWLA0sFui8fj/f39qNkFCAe8LL/f39DQ8KlPfaqysnL9+vUwn/Bcs9lsZWVlKpWC+ffpT38ae5oiirgvOD8oNyH0YiKFJcphr+IdJOLi8fikSZPgdMGu06y5mbTmlB6g4CEAZ/v6+iZNmgQFC171+/2xWCybzabTacwegDgDh4dCIaDTNTQ0YEwP4ZckEgnoWzxcCvPSZWNbozMA+M3zjzl2oHcwr2ljT5hvbG7tf2ND7WUZTfcrQlG0Qx4g4e+oqjra8KfaQCMPN++8k5uEisCfqVTq73//+7e//e3Ozs5gMBiLxSCqp0yZAjmKYmL4D0ALhSNhlGL0e71e7HjsMBoKARsSmwB/gqmgTgOBgKqqyN4Ky5DAxqL8rxBiaGgIMyWEEKFQCOMFSbfk8/nGxsbm5uZZs2bNmzdv/fr1L7744pgxY4BGnEgkYArC2UOh1tVXX40tiGGIwgp44E1scUy3wNQOaBXYriCDISXjU0zbEEJMmDBhcHBQWCFH4k++XDgbLgBQ6lu2bNmzZ8+2bdu2bNmiKEoikWhrawMcMlBWI5EIoI6DwSDkINmWiBVjIEEsFoMtjXwdxWmJ2aAk3W53W1vb5s2bGxoa5s2bt3nztnFjxuQ82ZgpqmbOGrnvz90bVjfMOcEwc4pLUQ8NIBBP59DmNAxDBvzhpSTvr9C/YfU49/b2dnZ25nK566+/fvfu3YFAAFUL4XA4Fovt3r0b5pawNg1MO2TVeMCjoqKioqICRia2JkWxqS+JUs+UDoLhCv9EtWB2wKg06QIDLuCxqKqaTqehAMPhcHV1dU1NzdixY5ubm9FnoKpqKpXatWvX8uXLL7744u7ubgQq0OuJsD5whX/zm990dHSQ58bVDl5UVlZu3779mWeemTFjBrwd7E4XI0RHgW81PDw8PDyMmkkacYgVg2iDUoKoSqfTqVQKWh1eIu7okUceQeHb3LlzDcOYOXMm0utAEBGWSUL6EBAs8JDR0AQDBC0LMGKhzAENRhl/lGuvWbNm+/btM2fOnDNnTiqVcvu8adPMiLRZrNKPObp+2cqOFauapx1f9KvGoWE1s7RbjQsjnfYW2IxKt96bnEaPh5dN453h4eGenh7Y9Hj/5ptvXrdu3a233rpr167KykqAe3o8nkgkArzBcePGRSIRNM6AH7DPOFg3Fdrydg+q2YOdiSp1IUQ6nY7FYlhGcD4Cm36/X1jYWHAzqqqqwuFwfX19dXV1OBz2+/1er9fn8/l8PoyVQTwQFfEwkDAOBloI1wkoK03Tamtr//jHPy5durSiooIA52hlTGs6B7TBt7/9bSEEVKjCsJZRXIKcODzAVCqF9DGAw0zTRPob+HaIYYDxwuFwbW1tVVVVKBRqbGysqqqi6Tk83jYwMAAMSeh5HkCiIlWKS+HM0GNUsQ2nFCDTyN253e5MJhMIBIaHh//+97+rqnrUUUdNnTp1tO7MKPqqAqqRVgrakM8bOumYv/32N/MvujKh6z6f9xDtUkTmeEQab+7Ns0npDvM9Wa5FuRcqPkin04ODgwMDA7wpC3ojn88fddRRv//977u6utra2iorK7FBEdDTNA31ExRUJD+E4mO8AJeXO1CimcflYCNFo1HqkgSjjoyMpNPpdDqNYlzwFY7hGDgoiSCbFpku0xo3Mzg4OGXKFGwgqBfkiFGT9eSTTz711FMVFRV0kdQRA+cT9i3Fcsi9JDmiMMhQCjkqDK+mtrZ24sSJoVBo3Lhx9fX18KwqKytDoRC8Snh6sLdNVt6F00Jter3ekZGR6upqrA9Pq4hyozrpTxAP52LpoOg8Hs/KlSs3btwYDoePOOKIqVOnQkP6fD6XKy4KBa/wGrpWLAht0dypT45L9bQGZs0xCqRrDj5JzWyCpthwi8hgoE7vQc9Ns0bD5HK5WCw2ODg4MjJStCYMwukSQqRSqXA47HK5gsEgvIimpibqN8ML7EWOCSVsSRKzFPeGtrJhAQfwa4Nph7QP5amRWQJcaU1NDfwZ0k5UhQisRThXwpqGAa8JdSFbtmw54YQTFGvaIHgsm816PJ5Nmzb98Y9/hFtlsipe0mngNCoNIzYWlnkphECICOk+cL7X662srKypqQmHww0NDUcccQQSD3xvwPbDT8BsBjI5xYTIlgYz19bWYmIO2nDoVFIxiqQQBONDsrywDYLBYG9v72uvvZZMJuvr6ydMmDB37txUKkWPWDMMn1FMCN1UFV0oUbf/yHNOe+qRP1449Re6NQ7h4BJtHro7MrVGAyTSPYv3agUJZHZ/f39fXx9KH3DN6ObEXWBbI8aYyWSSyaSwJA2ErmmaFDPAaWkFRGkFA71vWrWLwkraUnRbyqpB5/CWM1hZPFFLfZ8YV41ZvoQ1RGkYRNjhmyE8QOW8aFSLRCLxePymm25CZJLkBR4w7WYkzTHWMBKJYNwZohGAHHa5XICXheYHU1GFFxyqgjW4FOyKayMuElYikQagKhYWumAyCyY6vsiDK5JO4yTxIRYZ1nihUHj99ddbW1v9fn9jYyMm2mAWnGGBAno1zWWIosvrNs2CIjxZreK4WS/efeOFX83nTd3jOfi2G68xEqVlD3vns0n+3GHUbLTdKWFKj3lgYGD79u2G1SuJ2gJsCDzs6upqbERMbCIbiSKNdq1F3SIqA5Oy1zRQqQR1lFEEkvgQF4mBEhDewpqRaVhz2JCtxkhRnI1jcphW3RYkAn6rt7d3zJgxQBaC+wfQAU3TPvvZzyJJAAcSvZtU3R8IBHRdr62tpXrLGTNmLFiwAIWgJGtI+ZCbAZ+WknXgQ9rxcKI4ZjN/QbqI5DqdOZ/PNzc3x+Px6upqDvVHv84LncHV+JRMCQJW2rhx43PPPVddXV1bW6vrOlIjkUiksbExkUhQ4ConRNaluc2iYhou01RVrVgxtnb2ksGhodqxzYdo99JGIhE8WskgyRLuuR0un21veYtlHGqaNjQ0tH379mQyiUEtsVgMOxL5FvTFBINB7OMiG4RbtAZP8xYsrutNVvcgWMSFuxOk2RSr6JZYgr6IaAH/UewVcAWiC0NDQ9BOwkrI4iegD8moI+wdxCdaW1sXL16MAGmhUIjFYqlUau3atQ8//HBdXR3CjHV1dTQ+t7m52eVybdy48c0330Q4EUm8QCAwffp0agsQpWCvxBKc6+w+Ff+UL6BSWvNpZzy8A+VTW1tLldbgZIo64pIQdkIuRAiBUJDf7+/o6Fi1alVbW5uqqjU1NQBcOOKII2pra4FoBBuB7q5omoZQNNNQhKIKU1HFwFB88dnn53JZ5ZDBklP6RFiabDSULUpngdNGN9hkgHeZjNLZ5JlMZteuXX19fTCfkskkbBUwIYDlsFmHhoZMq4WR2IB7/1xxcTtZyn8QJ4jSOkAqqKf4B/wf6Df6XfhIXq/X6/Ui69Df34/oJZ2TwgMGm35ISST4VAh/d3d3v/nmm8ViMZlMYsY0opdjxoz5/ve/TwqHtDSAAzCJGxlkkq+AlFVZEyrvRlVLISgloqdjf3NfgQ3BXCyulEZGRpAbgPqFywedT48AtWbwAnp6erq7uzs6OkZGRmKxWEVFhcfjgR8Oe7ihoQGPoKqqateuXbW1tfR80fhbyOeNoqGYwvR4zEJx8uTJW7dubZo4QVUP/g7na0UeB97XydMgJ8Tuv73LRDF3IUR/f/+WLVuwiSkcjykWlZWVCIIlEgm+uOSeGRYqBveXlHKFMlzL4QD8Fm0p+DxgciragqpBromWERsFpixsRViDFM8kb5D2PSSxrusDAwNDQ0OoLUb/i6IoQ0NDixcvPvPMM4vWFEIK1uM8FGUmZB46wDRNqh6GMwaMVLIzpfIRwZpWyzJb2cih9I7JwFeod4G6STRNa25uDgQCVKATi8UwhRQpO/ybSCSgppCdp171mpoaxHLr6urC4fC8efMAuIJ1SKfTgUDgoosuQtyrUCgkkkmO7ZPJZkPBYN4s+gJ+VTu0O7zIEMhLzEhuXtMLY79ogQdOtPtp31NZE9Zu586d27ZtI9sM26hQKCDdjH2PIgNCCoHGA7dwBuA/KnkXRAorWVIZCohqYcgZhoEeZ+gfbBRhuWrUtZVIJHBh9NOIpKOuIhgMIl2LuEhfX9/IyEh7e/vAwMDIyIgQArFK7EhoyyOOOEJYIHYwqCjQR4kQ8m+LxSIq/eGz+f1+hE8Q/CBHDvzGtZmw7GSTlctyv05ywATT/7RhitaYHtT4Q8dCLWezWfzb29u7cuVKJPGQGRdCIBFPpyV5EQgE8BQ8Ho/P50P6rrq6euzYsY2NjS6Xq6mp6dVXX504cWJzc3MsFquurobHPmraFIuZdHo0LaG7VEXJFwqmEP6KkGEailkSfTlYu5qrKy7HdYpGSKGhd0G5UcyK+8SQaj09Pf39/bFYDNV0yBLiGYTDYYQZqfCPo6yRcUjOp11kcA3Gga64IDfZPASC0AB7UMMImZEoIyoUCihQonQW3sT+oxHv7e3t0Wi0tbW1pqZmzJgxW7duHR4exreQBcaQN5whHA739PSceOKJJRFkXaegC/ctySiFLsWF4dqEFdavqKhA7QiZkaLUMTOtjDxpJ+7TUo9CPp+H3EEKkcDnCoVCOp2GoClYkw9oADI2PaD18JHH40HkUzArlPgZBKMRTkR9fT1cNdzC4ODg6aefPnbsWIzhLhaLY8eOJdAheNHUzqPp2to1a0xTHHHEFEUoRcPQrUd8EHc1l0oysyksCFbWxz2kzCaYUEGA++abb16yZImu60CKh8GGsjcY64ZhDAwMwKuGWiPoGJWhZZiMyPsXltTkSHJ8pxKvYkMTu8JWhPONEKgQwu12h8NhbLJ4PJ5Kpah0CFcCdy6Xyw0NDSFXge0YjUY7OjoGBgaWL19eV1cH5YPaiFgshoBKIBCIRCLr1q0799xzUQJGCodEBg92GdbQNmyyTCbjcrmqqqoSiQRcGk3TYBFQawI9CBQAgA1QHQKGAUdBUWCpOXKrsMKYBGiJyL5hGAiZQvnjvoD1gMqPdDqNcCg3QblZgTMTxhGaISoqKmprayl7nkwmkQkUQhx55JHZbHZoaCgSiYRCITwdxGYh4wgHRSjK4sUn7969G0tdXV190EPukrfCXZi9ATEeLXh3gv60L1G0WllZ+dnPfnbu3LmVlZU7duyAi4yQFMB0TdMEGL2iKKi0IO7CzVAajQfotXJ43aYFrCuYcOHKzWDDQeFFQIkVLHxvVAl1d3eDfxSrC0tRlGAwiBLkFStW5HK5pqamUChUV1fX09MzderUK664wuv13n///T//+c8DgUB3d3dzczNi+h6Ph+bNYx+0tbWdccYZ8FFpRxbZNFNhOW+KNdYQ8gjmQDAY3L59O+ZlF4vF/v7+Xbt2YQ0R7oOm4iY3gr2KFSEkFqKKNlLRZIKiFIakABJ6gECH6otEIqjMBsXj8cbGRlKh3FCn0CgFb1CFDLMZUR/EjSoqKpB4hHwBRALqQqVMKboNcG1+vz8ejwcrQsVisau7OxQKcal6sEhiKHpT53WGihUTU8q1/R90wsNLJpOxWMzj8ZxyyimBQODUU0/dtWuXYJIJvSpoxyB3zrCQqLndKBgSI+W4yE2nI4nHDDbTmC8QtwFgIMEqoy2YzWYHBgbgvIE3UIvk9/t37dr16quvoo6psrJyzZo1jz32GJh/wYIFy5cv7+zs/M53vmMYRmNjI2SzoijhcBi10R6PJ5VKRSKRYrF47733fvvb31asqnysGIIK0K7ZbDafz8fjcVQqgnPcbjeVUMJ/g7uoWJ11wWCQxAoNalStMmuKRoB7KT+BJeUT4eBL4yQk1JBm7O3t3b17dzgcdrvdkyZNAm8IS45v3bp15syZlPmU6gQVK4dJuV8qN4WKKxQKlZWVeLIofOnp6cH6JBIJ+HgwpKmOzOPxQNXrup5Mp/x+v6Io/b199XV1dXV1hyg2ISkwIYTOTUyzNPN9KDSsYTVQ43Emk8l0Or19+/bvf//7uVzuu9/9bm9vb8Garex2u7EzwGkUfDcZqoz0kLiuIz0gLPwzvOYuCnd4eJ6HTk7djVAgqVQKfWIo9oMLV1lZuWnTpp6eHnBdTU1NW1tbR0fHKaecUlNT09TUVFFRsXnz5rFjx/r9/oULFxqG8dJLL9XU1Pj9/mg0KoRwuVy5XA7FHIVC4dVXX+3q6vrc5z535JFHEmPAU8XmxgXA4IRxS/GMzZs3z549G1lj1Gq2tLTwsIdkuZF84YkvSfRQKV9ZF4OivjBGtm3bNjw8XFVVhbi8EKKxsRGT2XCFaJzlck3aewpL98EaJ9FgmiaSGSgcSyaTg4OD5LFjZcDwEKOZTKahoYGsEr/f7/N4C7k8hGNbWxtNaTy4+9y0Gka5L63TeqkMqfcQRUfoOWGL4CKeeeaZ22+/Hd1NhmGMjIygdB1lAQSIK5X8idIsqmL1CEvKiriLLsDcN6YIeXc4mGfDAYGoqipQcajFOJFIrFmzJpFIVFdX53K5jo6OlpYW1Lign6Cjo2PixIl///vfp0yZgj6duXPnrl+/Ph6P19TUGIZRX1+vWtX3mzdvBs7Xueeee9ppp2GhMModfaXC8jmpzYcECi577dq1kyZNqq+vR6IPkQl0u9FTN0rR+PhKitK5hHx9JCEtEdROoVDYtm2b1+udMGECICcgI1AmLqw6G/ADl5X0K7TryKPW2MADMBjuHRgNfX19wmpCF5anB+GF8CbSQmRvw0JBYsDn86VSqaGhIVTYHESWIzOKV06PBkgEay+lbNtB5zT6VTxsXdfb2tpuueWWN954o7m5edOmTQ8++ODGjRvhQyOxCzNJKY0pS/kxHtIgPqSb5M9Seq6czaQ1wg9RMK1oTYqAPYkl2rZt24YNG/L5/DHHHLNr164VK1agQMQwjCVLlqxZsyYUCv31r3/NZDIbN24888wz586du3bt2smTJ1dVVV1//fU1NTXwdqAT1q9fv2nTpnnz5n3nO9+ZPHkyHCq32w0DG6EXk00S5vdCoI7YdkuXLr3sssuGhoaoaozXVWHlyzKbWVrkyeOf0kOUmITsPTi3TU1NVMuWz+cTiQSey8SJE3fv3o3KGMLGxBlIxinMtSbeoLgLUgidnZ2pVKqhoQGYC4KVcWE1pBAFNgPtjeHh4XA4HI1GkUYfHh6ur68/6B4TmVS0aHt9NoPB/R/q6AjWN5lMXn311YlEor6+vr+//4orrli3bh1YCwXscN85UwkW0OdcgWNI+3FJr7AZInxjSZxGLGowyFGDwZngHQyqRVXe7NmzTzrppGXLlj3xxBOI1NfW1gLIALg9AwMDXV1dfr//4x//eE9Pz6xZs4499thIJLJt2zZUgSA43traunTp0kmTJt1www3Nzc25XA6T41OpVDabraio6O7uDoVCBENEt0C2k6qq4EkhRHV19Z49e+66665wOLxgwQKfzzc8PIzMu7BSjhRQkRZBYbUEdj7E7ic+FKU2BZ6U3+9//fXXV61aheCqEKKysnJoaGj+/PmNjY2Dg4N+vz+TycA1oD5rYjZSYuAxsD3ylrDeMe2tUCjU19ebpgkbHrh9pJDhduIFBoYIFknC9FOkWMC9Ho+no6Nj3LhxB3eTG6WIB6MsNmHCBC7naGti1+7YseMgXgHheQgh7rjjjqVLlyL80N7e/uqrrz7yyCOIlVOWlq5b2CKqgolYyarku0TYJLEUgeRWJXLNNOhQtQZ5ojcxFovdddddq1ev/vznPx+JRJ5++mnEM2GqjRs3LhaLDQ0NTZ48ORaL1dXVPffcc+PHjwfATm9vL8Aer7/++u9+97uoMuvv77/rrrtqamquvvrqcePGDQ4OIinEdTi3+yXGIIua4oE7duzAxYRCIWCuuN3u1tbWRYsWcYWPtaXyKMM23YHzDxiMPG27YWlaJaz4YiqV+v3vfx8IBObNmxcMBqPRaDabnT59el1dXV9fX0NDQy6X6+/vx2QP0+pMg3EI8C8kHgYHB5HBE6zZ0jRNDJRrampCYg1sCRAXukhhWWqJRAJxXWpfUBRl1apVCxYsMAwjnU6bpllfX79hw4ZzzjmHZ78OxIeaNGmSZILtlfjwnmlf8uSSqqo7d+48iMxGN5NKpT71qU/B7Vm9evWXvvSlCRMm4OZNNieNX5UoLf7YD0nGIf+iUhr1kl6TokDpE9quqqqq+vv7f/GLX2Qymcsvvxx+wuDg4PDw8Lhx42guLo5XFOWpp546//zz0eAD7aRpWn19/bPPPnvbbbetXLly2bJltbW1q1evfuqppy677LIPfehDSG0R5pS9FtzObFLOA7pr9+7dBM6B66muru7u7gbDU0CVAiE4EpF6UiO8KpVztbKP2Ilg8Qww58jIyNq1a9PpdH19PcJaCxYsQIQTmmTPnj3Tpk3DO0i7xeNxzFrAOuAycBd0DcQAM2fOHBgYqK+vr6ioQBMg5cq5++NyuXbt2tXU1MQBl9LptM/n++tf/3ruueeuXr160aJFmqatXr36vPPOI5/tAAMWEydOJAlOYXD8ubfcVnq6h6IKWbWaJrZs2QK9sX379qampuOPP37NmjVIEFNhhHRhopxrbjcFBVNfdmbb19eJmeFYI3suhMhmsz/4wQ8GBgY+9rGPKYrS0dEBELjKykrizIaGhmKxiDLIRCJxzTXXNDU11dbWptPpsWPHFovFrVu3Pvfcc5dffjl8s7Fjx95zzz3RaPTaa6+dPHkyAMChVHH7/GbJVROlulpCa0TnGE+R+f1+AGnV19dv3rz52GOPRdmHabWToiYDaShhFX9Stzi3x6S9QUqS2/bU2OZyuRoaGs4//3zACiGNAXA+XoTQ3t6OOgFwCJVQ8vgNlDy14eLKp0+f3tPTA85samqqqampqKhAWwNUpWlBuCO2FAgEaFWRiCsUCh/5yEf+/ve/z549G5+igmzMmDHiLQv0f7rP8YIKdEzCIOFPTrAGgYPuvJEx8MwzzwQCgTVr1qBkO5VKwYSAK0+t+5JvsC9uscvaskeKcrYl30nYsihK6O3tvf/++1tbW88777zZs2cnEolkMtnc3HzUUUchnB2Px9FnkE6nu7q6DMMYHh5ua2tLJBI33njjxIkT6Zyapt17771f+9rX7rzzTsMwrr/++qlTp37ta18DqA7FftD/JoUl6PKgB2Bmqww7RAiBMKDH46msrFQtiEg8aUh9VDxByagWNg71ViNLhipePIJgMIjjldI6SR5ZkVabp4tQcQLOcblcmCmJmg98GovF0H9A3wWHoySAHhkOQGU5rjMYDLa2tqZSKeB5tra27tmzp66uDixH0A+8IUNYlZ8UasaCnHvuuYqiIJWiqurrr7/e1NSkHIz0sslSu/wd0zR1/nRJ3x0KTqMfjsViGzduFELMnz//lFNOSafT8FlN00ShjWCBQfLLwW7qKMixJoSJ+hAhhKIQL9GvyF4ZZznBCiZRvgjXHJByuVzu0UcfffTRR+vr6z/2sY/19PSgXDMSiWzYsKGnpwcVJDAgBwcHM5lMb29vRUVFMBhEbvqLX/zi4sWL58+f39LS0tvb++qrr37zm9984YUX+vr6nnzyyXnz5l122WWEEcQ1GFX045pRNwgVJBVYUU2MEAK4CYJFyUkTBoPBYrHY2NiIckSKWypWwJmYhDRVoVAYGhryeDwAF9Es9D6UhoIhOfaRYYFK0NfJjsV3EakXLECHe1etZlzuaJkMS4+LG/wiwJUR+SCs+N27d3d1dVVVVcFaxs/l83kgtAuruprMOUJJwdpiEDFq8Wig7AHym5Smx50KaDbOgvTiAC3XsgQG6O7uTiaTs2fP7u3tveeeezRNGzduHOp6Jk6cOH78eIgxiCXqU1BVVQijWDQ8HjeCGS6XR1E0K+yrFYtFRaHgz94ZBkppXQiXwfAZwuFwPB4Hqzz99NM33XST1+s988wzq6urkTNdtWoVovAtLS1r1qzBkMRAIODz+XK5HAIbgUBg2rRp1dXVsOXQg4dC6srKSp/P9/LLL+/evXv69OkXX3wxUnZ0X9QmRzuMZr1r1pw07rxJS0o9rBT/oIOhnaqqqoDkJ6yCD+gcgjAQpdFdFBPD3MDwgPb2dsRIeTRFlPM+hIV4KaxmCBoXLCyLl5C56B3DhuZCx8P14F4QlgURLPxiLpfr7Ozs6+vz+Xw1NTU1NTXV1dW7d++eMGGCaUE+o+4PX0HcC4IgFospioISc16ueSCbXDApprB8vc5DPYJF5w6FcsMJh4aGoMdaW1t9Pt9HP/pRj8fz0ksvrVu3bvXq1YODg8CZqaurq6urq66urqysDAaDgUAA/xYK+UDA7/F4hVB13WVtQYgGAxI6l8v7fH7VwpBSrOYAPCrU18bj8WQy2dvbi/pGwzDWr1+/atWqb3zjGyeddFI0Gk0mk8Vi8cwzz9R1/dlnn/3HP/4xPDx89NFHo6MRjxbYve3t7e3t7ShKUBTlhBNOqK2tbWpq8vl8t99++ze+8Y2vf/3rL7/88sknn3zKKaeAOeG1Kxa8HLkluFnIbKqH5P1g9mCJKI1ncLkmhHC5XNXV1ZSLh5+GbYf9SsWBJIzguSmKEo/Hd+3axcMqmjUMSMpkmozsF8YvD14iuQxl9xi3SqjeSJKYdMGqNUkL9SJtbW3d3d0tLS3JZLKhoaGvrw+HwWNErwCCk0BMopZ/ehwHHrCgRVBLuwp0mO+4KwrKCZYEPIgErl6/fv348eNXrVp13HHHjRkzJhQKPfbYY88//3x1dTXCtbFYbMeOHcj0U++joiiIVvt8vmLRRAchuqE1TTNNtMQKbAVdd1PfoRACtcJgNjgG8M7POeecr3/968BIVVV11apV11133bPPPrtjx44jjjjC7XZHo9HXXnvN6/XOmzdv2rRpN954Y1dXF4ruEEEhtjnyyCMbGxsRre7o6DjppJOEEFu2bLn22mt/9rOfPfjgg6eddtrxxx+PTaYoChx6LAsEAcCAhRDpdBp8S7bZvvaifbNK5VcINiqK0tfX19LSgtAodC/QICnNQJZhPp8fGhrCUxgaGoLNRiafYc2sIiAzyQ0xbTNK+Y7CeagcT5IU0h3RPUoam5tdipVSp5ZCbOPVq1dXVFREo1G/34/fRRMJOgbRgQoTFJsElgsQbw9cs5lsXIRp1ZEYhrG3EJk4jYK/Bz0gCSlVKBQmTZp01VVX3XvvveFweOXKlcuXL+/v77/uuusWLVr0wAMP/O53v6OZKdls1hCmIjS3251KZxP9g0IoVVXhUEi0tXUkEjFrY8FFGV1ZXR8tp4IcRRcm3bzL5QIQ92OPPXbFFVfMnz+/v7/fNM0TTzwR2KkjIyNr1qwZM2ZMU1PTnDlzent7X3zxxQsvvPD4449fu3Yt4EphdaAQafz48SgtT6fToVBo/Pjxa9asmT59+oknnvj444/feOON559//tlnn402SlyMwjqbgFMEb4rmXWCL27egsMVOuP9Gr5GuRMI3GAzu2LGD4F/hdHV1dSUSCeS1iJGEZQTSYBAYhKaF9yxY8QBdA29NEqUxKoOhUZBNSBMRzHIZHcpqqAwgFLqIb2iyw/EO1dBgjyUSiWAwuGbNmgkTJmiahrCKYeE1bdq0qba2FnUkFO8dHh5ubj6YEEAUi9ob5bKbmFyEHFxmw5lHRkbq6+tvv/32qVOnbtiwYerUqdi+l1122ZlnnvmFL3xhxYoV69evf/DBB++7775EIqFqLsMsplMpj9e/YMFxRx011+Px9vf1L1p03IwZU3/yk5+8/PLL+XxWCBGLxYPBgKZpqKiA9EWYi/aHx+MJh8NHH330xIkTp0yZ8swzzwghZs2aBavy6quvvvbaa8eOHYvgx86dO7du3Tp16tTp06cvXLjw1FNPveiiiwA6RNC8Pp+vsrISig7VktFotLm5uaKidrQ1zQAAgABJREFUor29/ac//enRRx993nnnYS4HGIBcNfjucCGwuUVpnSpFO6RlFLZ5i/QVfB3+GKL5KHBRVRXBHggaUlNKudwJ3CQ0udHS8WJRUVorZ5aSsFmY+CH6Xao4s4sSblIR1xGD8egoh66AgCDEcrxIpVLbt2+nqR2Ed6LrOrqTqV4Zfaj2iNo7ILvCJ97bi65V1vk+uMym63o6nd61a1c8Hj/ppJM2bdrU3NwcDofnzJnz5ptvmqb58ssvv/LKK0cfffSVV175gx/84H//938feuihex/40+YtW9xub1ND07r1m048ecnv7vh/I9HYmrVrzj3nzNtuu+U//uPS9evXIrcci8WFFQZAxT1a6CdPnowhFV6vF+gxy5cvf+ihh1avXr1+/fpf//rXsPsnT558+umnP/XUU2PHjs1kMtXV1dlsds2aNblc7qyzzvL7/b/61a++9a1vDQwMoE46k8lgtIrb7R4zZszg4CDiWnPnztV1/Sc/+UmxWLzyyiuR6pGC3Xjt8/l4OrWsw0PvSMXigsl4+HWmaaIYino6i8ViX19fd3f32rVrqcaSvivxhp1bTFbeXbSQ2O3HS5cqhQf4qcAJvPqs7GYtK/TJzTNZ4QtWkqbGFYtFgFKjRiSRSGB5YS9QzAbLhdITSBb4F1Ig8R0QF15S3GhvoY3kxR50TgPt2LGjoqLitNNO6+7uDgQC1dXViUTiox/9aHV19V133YWow6pVq1577TVVVf/rv/7r0v/8z0sv//hLL7/8u9/94YVnn7/xppuXLDlt5Rtrpk2bMefI6Tfe8NOHH374tNNOSybjfX194XDlpEmTjjnmmOOOWzhjxsyampq+vr5oNLp79+4NGza88sorzz77LFq/4a6oqhoKhb7yla+sWLHi2GOPRUrnP//zP6PR6KZNm1Ci5fP5qqurKyoqfvWrX/X39yMZ/fzzz69du7avry8UCkUiETyzzs7OE088MZVKnXzyyYODg52dnS+++OLXv/51KpYVQlDlMTViUmiKl25IaoEeENVGUw0hWUHUagmFpihKIpEYHBwcHBxEdJEAGnjc366IyrKQwSAADVsj/H64TpS6ZKblH5Z17fhmpa9QoypV8Ek2J8cXhJmKojkMuKMdj1I4lFMiTAL03kQiAcNqZGTkoGx7g7WuUjhn1FpBdYlgEoUvE/o4DxYhEZnNZrdu3bpy5crTTjttcHAQTjwAqp544okXXngBIJterzcejxum4fUHzzrrA0dMnfryS//4yIcv6urq+f3v//DlL3/lppt+MTzYfeyxx86YMaNYzP/0pz/1et09PT1vvPHGo48+tnXrtp07dyLgi4pBTdMwYwnDzdxu9/z583/xi19MnTp127ZtsVhs/PjxfX19iFbdfffdr7zyyowZM3bt2lVXV4c6QwTBZ8yYUVNTc9FFF3V3d/f39/f09CD2OGfOHNM0o9Ho8PDwE088sWbNmnnz5imKMmXKlHQ6jTSxyZBhCQiEd2GrpVhXCquIVxkpVvrRsObL4AYVRUGwfvfu3X19fZRCXLFixaxZswiQGAY2KdgiG0xXlt+o6FmUemhleYy/UGwdJIZh9PX1NTY2UpW5ndkUVlhIwxj4ChCn0fH0kWmayWSyuroa1oRqjZi7++67X3vtNWSxZ8yYcfHFF0+fPh0NOODDZDJ55ZVX0kDZd7zJUc/A+Y2saAWfSeU/ZBwflEJkdB+5XC4EHpLJ5O7du2fOnDk8PAyzm1p9DcPo7e196KGHVq1aFYvF0MKUz5uKon71q1/ZsWPnX574i6ppGK20aeP6lonjqqurd+zYEY/H4WngEQJSXzCwZysbrjY3N5944onnnnvuiSeeCBMinU5XVFQsX7586tSpMDwQnEgmk1dddRWgLxDzxP5Gs1Z/f397ezvKI2GeYcdXVFREIpEJEyaAyVVVHRkZ6ezsRBwVzctDQ0NCCAw9ov40bnVQmQ+ePcHp0IhTxGYjkQjmxVA0HwBBra2t0GPkfb355pvTpk0jraKypjWJZ8jGsWs2/rosp0lmpCjFvSX27uzsbGhoKMtmwubOSE6psMHsEfv5fL5isdjb29vQ0JDNZsFjEyZMuPXW259++mmXSy8UqPtGqKo2f/68z3/+8wicVFRUdHR0fOYzn0GQ9kD0G7XqktGxt7IUVf8m8+d4hu3AC5FxewgGrFq1ateuXdjfVVVVwJOA+CE/GL++devW1157bfXq1X19fS7d53a7M9nMZf952cknn/zCCy/s2rVr4cKFwyODb765ccOGDbFYjGasCavvkGLr9fX1jY2NU6dOPfLII+fNm4dpsfDUafcg2LV161bUagE8A1Z+W1vbmjVrMPAaEXnMvgFQPjplID4B/4RiLsLeIrWAZAPKvnw+X11dHTgBDr2wDEUqYkB4DZMAwPz80SisdaiysnL8+PGNjY1+v7+7u3vnzp2m5V8R0PK2bdvGjx9PtThSEOKfMht9RP6bFGYU+zVKBXO0VFXt7u6WWsjs/az0msCa6IVExIeGYVRWVm7YsGHixIkQ4hUVFT/72c82b96qsaEOJGiKxcKppy751Kc+hcq7RCLxmc98BlL1QJgNpqJq6ws1TXPUjDRLGweJDgqzkRX7wAMP9PT0IBG8c+dORPBABIeIC0CVRm9v74YNG1atXNfV1RWNRk1hVkeq6+rqVFWNxWIj0aFUKkEbC0vv9/vD4XBzc/PkyZOnTZs2ffr0MWPG1NXVYXAEoDvAmVh0JLUMC+8AIUEUpxIfYgw0ZaLAS8IKXvt8PqTIoJ0IJgSpc9hshKcC4ETgt/p8vvr6erjvptVsgkXADdI0FpVhckhbGQuby+XGjBlTX18PDw2PmQoFFUXp6Oioqamhue8qa5MVpU1Mdg40SgECJU4T5YIl0pucqUzTHBgYqK2tLbtbFFs/gWRAlmU2KshCQhW5WZ/P98tf/nLXrl3FoklITVRihpMVCvkrr7xywYIFeC6f/vSnAWFyILVTVPXPY1Egnd+bUYopID3Ud8xsZIUDChK9DwjUkreay+W9Xh+cKyxrMBiqqgo3NjadfNKpO3fu3LRp0549e/bs2bNjxw4r7lTw+jxY1nHjxrW0tMyaNWvq1CMaGhobGurD4TCMK8SpkE2G20aNTzgAsSmItM7OToIoBloOmrJQbwGGgV8UCoUAnkMeMFX60ubQrBGE1EQMHvZ6vePHj49Go52dndByVMQA43N4eJjKkaSIFskvkxWOulyujo6Onp4eoESjO1u1xhGbVqU/JZSpot9uE9qZzWRBEdJsdl6y25PSaywUdZRLPCa9MEvr7PiRPAdA2Q6s+eDgYGNjI4rR7r333t27d+u6rmmj7cjwVzHLO5fLGYapadpDDz00d+5cRVEgYdEqcYAbXpSaHvTvaG0k2dPC1gRwgEQ+Yl9fH/D60T5cLBYxFcEqS/MOD4/wibuwnkOhkN+nHXnkkdOmTUMxztDQ0NDQkKZpgYC/ojI0ZcqUCRMmjBkzBnlhIBeYZpESL4o1gYWbYRD/AF2ibijifEp5oT0M5UtoV9N1HWkxwVx50kvY3FBQOJjcdDzmbDYL1yKTyWCYYDKZbG1tDYfDjY2NSK3C/6TBGhDtBDoEtUlFCVQUD2YeGhoCcBDeJ3WEHBdqtVSrXXBfzFbWhqSnWVa5ccaTao/M0mAJRYm4ECHZwReW70xhm5rLdzPYLx6PoxAkEAisWrXq5ZdfBjSgy+VBajsWi42MjFBQKpmMm6YyMjLyyCOPfOADH0DF5oHrGJV1BtLZRguReYySjJaDpdboGaC8EDMKjzjiiNWrVyeTyba2tubmZkyfyeWg/dV8Pgfp297eUVERam1tNYoCQGimaQKmc8aMGeCBeCKGdGRHR6ff76+oqAiFgm63R4hiOBxGOAG4OlAakhBBu6pg6hchE9h+hKZICMFYFiqiBVvy9TUYDDNuHMcAZDKVShFSEKFi+Xw+gL21trYSfKrJus4QXnrttde2bNnS1taGPrFwODxhwoSWlpYFCxa43e7BwUH4foZhYJoxoFxIaqBwBIFKcmDsDCZKaz6kwwyGuWTYxkGW1WwKq7kVLCzO3zFsUHbEaWTyKVZBlmlBQdPOpgAYMJSAevLXv/4VVkxFRcWMGbO2bdsG1xcFcWIUssmby2UVRVmxYsWHPvQh0zTRh3EgNqRgHWp2JtoL0mpYcy5JZhyUci1YLMlkcsOGDVA1qLcA5qaiKI2Njbqu53OmpummaWqqqyJUVSgUwlXVqVSqproOdp3H4wFGd1NTE/ghlUrpmmtocKSnu09RFGxljA7M5tJCGLlcbtKkSdOmTfN6veFwGA8JqV5h9fOjcwRSTdd1moNDDxWNZIYFDkWySS1Fa5dYjrrUkPVCbDOTyfj9fh5nN00THTS6rjc2NnZ0dHR3d0+bNg0aoKKiYsuWLXfddVd3dzeHPXe5XN3d3Z2dna+++upDDz20ePHik08+GboLZwY8HlxiiAxcALlzopyLVVatiXImpaQS7cwmcRe3rGBIk2CCWpZmUPAMlWAejcn8f2GN4cbBQ0NDiEgFg8Hf//736E/3er3hcGT37t0omlEUpa+vD0l/t9utKCKbzaDwv6urSwhBGZED2fCkgU02ag/XqfMF5V3cwuaIv2NGV1V17dq1WGg0aFLHezQahflnWDXXuBI0Hba3tyPiN2bMmEKhgAihpmlwpWAcovxqaGgIYdXRaVKFrNutp1KpjRs33n333XV1dVdcccWMGTOATQ1mgKVnWuifBKGlWOnjIhvkSQBVZDRyG0awaBvFUUjoulyueDyOSb9gFRhRZBkqitLf359IJHw+34wZMwCx6Pf777jjjrVr1+K3oKmQJkJ9Njr8c7ncs88+u3Llyg9+8INTp06Fd4oSaqBQwnyFgqVCx/2Yi5wVpcCJWRosEfs1PgUzIGkzmAzOxGRhcd73Lay+G/i6wioT4yU4dAykFfR5XV1dPB5vb29fu3ZtVVUV1jCbzfT09EGqErgdsBJVVcUyulyul19++ZRTTsFDP3AdYzeDcY+6sJWMSKr/AAlR+E2bNsGLAFJSZWUl1ZLDZzNNhW+FVCp17Q+urautSyaTIyMjP/vZz/70pz9t3rLZ4/ZMnDjxqquueu655/L5/AknnCCEeP311+fMmYMRpPCRFNXMZLJCKEKIjo4OpN0IsD6XyyEKj66tdDqNIAoKw2fMmEHeEdmN8MRIENDOIJODCpqkimchRD6fx3ACMuHgM1DnNcYAoE4vlUq1tLQ899xzDz/8MPYBzaqmsUmwcrGBsAtHRkYeeOCBJUuWLFy4UFgh1mg0CvMbNdOC+c80vd5OPPRfttBECvqbtqp/vnl4wIPeIcmFslVMVMV5gFyEkgNIFm5WmCwVyV2+oaEhwP643e5HH30UrbR46AMDg6ZphkKhm266aezYsbqub9u27Wtf+xqMD+A75fP5LVu2HHfccdIdHcieFzadL2BG0rvKIahCptkuEPCw9xoaGhTW1qGqat4oclWwYcOGqUdMXbhwIXB/AQv3ta9+zTCMe+65Z/369a+99lpXV9e8efOampruuuuun//851TjWywWjbyh6ZoQmqq6ikXT4/EFg8Hh4eH29naUusPiMhjEMmIbMPQBTQG2JKsP00DJyyeYStVCC0ZeQYJqRiofbCwsPa9Zs6fdbvfw8PDg4GAgEIAdGwgE/vrXvz700EMEqa+MZkj1YtEUQikWTSFU07R8bt1lGKOTNJ577jld14899lgoMcAuIO8nhCD7jTBSTVuAROy3QESU89/oCqk0EZfNId9Nqy0NbVOw9zC7Q5QOFYJhiWZcTHcgk4yqYWjZDQtoJJvNBoMVmqYlEqmOji6fzxcI+BVFSybTxaIxYcK4p59+eufOnd/85jePPPLIG264Yd68uSeeeKJhGC6X2+Px5fP5oaGRXK6QyxU0TVcPbCIply+itERElyxjpVxq+wB/+4033gDqKMRtKpXCZC00yUKxCLF3Jqppmvl8PhAI/O1vfwO6xmmnnTZ9+vQZM2ak0+mLLrpo+/btgUDgIx/5yM+v//kdv71DZeDY9KOmYVKYGk3KW7ZsMRgIJDf5aAPV1NQA1xGD3vG80YcCFS0sV0GwCJtpmZ0UW1ctaF7TNOPxOBdnQghYPqhjBqQC1L7P53vooYeeffZZRGW5i2iao8/FsEaxkenr8bgUaxji3/72t2AwOG3aNMrvadbcYMrji9KWxf2YkXSbdj4kz02uSCptw8FFwgAGECigDXBmOGxGaZMXxGU0Go3H42iHB16/KDXjaZdGo1GyzLF0wISExAkGg//v//0/VJO0t7efccYZqqq2t7ffeuutn/zklYD0SyQSVPWvKIphmAfCb3SFCqtVGJWYJJzI9SyWjqE4QEqlUu3t7SMjI5lMBij5nZ2d8J2IA/n2xb/Tp09ft27dhz/84U9+8pNXXHFFfX39tu3bNE1rbGzE4iYSiWOPPdbr8T777LPos7TfM/5TFCUQCLz55psI06Emg6Y38VEVQ0ND9fX1UDXbt29fuXLlzp07oW0I0JLEgWl5+RS65CDY2OKwbVCcZVqBTZiCiJS0tbXpuk59bn/+85+fe+45RMxIB6IwBYE1UCQSoSFSmCSMHCB2+WOPPdbf3w+5gBUW1tSrIhtETGl6iUxWCcnf52l9CgKRmCYewy9iCxUKBUzo7erq6u/vRxMTj4tgR6ITlwjZF9wy0IEgoLkeFlZjx8DAgLASaOl0ev369RgQS0bB3//+9KWXXtrb23vEEUf09/dj59xzzz0zZsxYvHgx9fKiWMfa8wcBXYvyZwaDQdAp6E9OqmqDJDkQwm579dVXhRDBYDCXy3V1dQHBrqurCwFJl8uVyxoUoTIMo7a29uKLL77vvvuSyWQ8Hr/uuuvq6+o/8pGPwH67/vrrN23alMlk/ud//uezn/0swDp5Were0lVNQ0RhcHAwGAwmk0loFSk5C0E4ZcqU9vb24eFhPDBFUbq7u+Px+MyZM6uqqoaHhxHTQ4ECD41Q7hirpzKIjsHBQfhXwlJ3iO9XVFRs3brVNE1A8WSz2ddff33p0hddLk+hYABDRVV1YnIC08emR7FYOp0eHh5WVUGdcojxPv/88x/+8IdpDisxv2GNkpI607hItvtdZTUeL8CHx0vxbiQ5aPoPMYawevZMa3IdqTWqBRWsL1tYfTHCKtmB1iLoFAhNiFpF0fbs2QNRAtDlaDR61lln/fGPf5w8efJrr7120UUXNTc3oyP5xRdfDAaDn/vc55cufREVc/DerdLTA+I3irrRO2QJ63zDcUuSbvvtErEoVnbLli2xWKy+vh54PpBzAMrctm1bQ0NDY2Mj5DcWApsmm80uWbLk1FNPJSioz3/+85dffvnIyIiiKBMnTjzppJNQkfiZz3zm9ddfh53A0d4xR9coFoUQ8Ih4FEQwUwrp43g83tTU9PLLLyM/QTOHksnkmjVr5syZU1VVNTAwgIw2GAxflPYi7RtUnKFiBsNEsclcLlc4HB4eHh4aGkJyLJvNxuPxu+66y+32UnoX5cV+vx+4UYZhAH+bsk/QbJFIJJmMI/WnWHNeduzYsXHjxjlz5iCWjfibEIIjKNptQu6A0fvS5C1qfidUMkpOAugftqJpdf2YbBIljqTuBLwmUWKP9WNJ8dTIWyb/BzkbxZovpWnamjVrUGyFOFmxWPzEJz5xwQUXRCJVM2bMUFW1rq4Ok9z6+vo2b978iU98cuzYsT09PcFgEAJCCKEoIp8vuN3vfMgGSSjL2Vbpme4duSCVuooD1mzYta2trd3d3aqq/upXvxoYGNiwYcPf/va3WCx26aWXfu1rX+vq6jr++OMzmUx//zDF1mBrQYBh9+DJ1dbWVldXY3eedNJJEPPHH3/8okWLEIokxGy4Qx6Px+P1INdRLBbRRqCyWUTQOXBmjjrqqHXr1kFHKaw6Dsy/ZcuWmTNnBgIBdEkhbgYbmNvb9OyxuIODg2h1g/TFYBcM5tu5cyeSZjjbzTff7PF4DMNUFc3tcWMNKiqCdXW1Xo93oH9waHgQ09mRJ0Q/ASBrMGcQEX8wQDabXbdu3ZQpU0j6gM0IzJBPjRT7rdUipQ2NBEtEtRDBMJUK7QgEH6SxEcGq1TOuWshCuGzqu8OnhPsvSoN4FKMqWqOSTdNEvB68DZ5XVTWbTbW3twshsD6maSJdNG3atNbWba+++irCVOPHj9+2bRusmEIhf+655952221Qv8ViMRDwGYZJg8LfMfF0NmmvYrGo84+5w3aAv4czoEe4u7t78eLFjz32GOaGmaa5bdu22traCRMmbN269bHHHnv55Zf9/opQMAToP7fbHQqFKioq4K5QvgXFU9hACKsAv5Eaw1CeQ4Evl8slTOH1eoeGhhRldBG5aMe+hKLw+/2bN2+m0jiagkkWWldX1/jx4zHjW7Mmx5KvSGKMqhyKxWJ/fz+ZRugYgMW7detW0sOGYTzzzDNogFAVTVU10xBur6eysjIcDicTyT2723K5nGEWUC0NawfDOC0Gy8FzQ846m81WVVWhj2nKlCkU5VesuTyinGYjHpNC/xR84oF4oEfiX2EpQBq/iJg7VUWBo5C3gG5HQSlpIaoL5yBiFAqiIY8o9/F4PL29vdFolJoekTLt6urJ5XIoWEU+bd68eatXr77hhl++/PJLf/jDH3p6er785S+PGTNm5cqVQogpU6Y0NjYec8y8Ipv4V1kZVhTlwJ0nszRzRpESnTOfyZCADpDlIOAHBgbi8XhFRQXgr9GmKYTYvHnz+PHj586du3379t7e3s7OTlVxF43RZIumaqOvheLz+aqqqgCkEQwGm5ubAY/j8XiqqqrgUhtWIybyM0IIVDMGAoHm5ubu7u6nn366WBxF3uaBOMPq7f34xz/++OOPY+aDpmlUxqVYEzfdbvfatWuBmF9dXd3Q0DBx4kRsGrs8UxTF4/EMDw/DzkGxot/vxxDaTZs2EeKNpmlDQ0NLly7FLiwUTCTfwuFwMBjs7e1Fd6NhGG7PKMaBYs2nhqFLj8/n8yG6i/CaYRg7d+6cPHky/BAKuCtWUR532PaVqsYPYd1gAqAOhrL/xFQwFsgTAwuhGI3AyCAdhBD19fUo46ioqAgEAjiAWxM8XIdnoWnawMAAWvXa29vhmKHNH/gUbW1thFGHBzF+/PhvfOPrjz/++KmnnnrLLbe8+OKLW7duFUJ873vf+8Y3vrFkyZLm5qba2jrSqPPmzWtqajwoARJRWkdCBkVJITKHtTuQn6EH1tvbG4vFGhoaTj755Jdeemnp0qVz5sypqKjo7+/3er3HH3/8448/jgVKpzNut9dE4ksxdV1D+DWXzwwM9CmqqqlaNpczzVEZrGuaYY4mdoQQwUDQ6/MF/P5wOBKORCpCoUAgUFlVWVkZikZHMpm0rmuw6ChMRB1HM2bMmDBhwvr16wGRj5k1FKKEwYZWa4Std+3aVSwWKysrTz311FmzZkkra1qwu0NDQ/Ba0d0TCoWGhoZ27dqF9Dp81MrKyieffLJYLGIyhsftd7vd0H69vb3ZbFbVRLFoaLoaj8cADG6aIhaLCWH6fL5iseB2e9CdhEqleDxeLBo+ny+ZTG7btu3YY4+1oP5MKmumTKAUcCbpQ0E/MJVhGCMjI2j6otgG1hAaGwICPwQrESYJjAsQKmCFELquNzQ0AEkOWP9Ieyq2wmJoQhw2MjKyffv2devWAU4Xc4MJySefz3d0dOAahBC6rsXj8Xnz5nm93sWLT1m27NXzzjtv/fr1fX19V1999csvv1xRUdHY2BiLxb1eDwFFfuMb/62qKpZBiHdeREIOp8Lq+EYFN0/Jm6z+yDgYeAxdXV3xeBwd0HPmzEHAGr89PDysadrUqVPXrFkD+WiaeaEITRdCmEKYhgEtIUxRNI2iaRZcLhUD5QzDUFWhqzrq6w3DMEUxmYyl04me3i5yrHENuq5nsxkhPDQOihz3TCZTVVX1yU9+ctOmTcQwUJWwhWgfU2w9Ho+DqRYvXtzV1QUULfA8jYOBIzEwMAAbWFXVsWPHQiTDeYOS8fl869at2759O+7C6/W6XR5N01VVTSYTQjFi8RGPx5XNZiORyO2333nBBRcg+BaNRn//+9///Oc/TyYTqqoEgxXZ7IimuRRF0bSMoijFoqGqeiqV3rVr15w5c+BToWqUjyDFElGXF3QmepxRI480CYxVxGDhOME59Hg88CFh+UOzAZQS48X9fj9aGYQQqCwbGRlBdxWWF3gwhBuLxcnn84ODgzt27Ghra+vp6RkcHBwZGYERDu5FDTpyG7jgXC4XjQ4bhiGEu1hEOVihpWW8oohQKDB27NhLLrlkaGho4cKFkUiktrZWVdU1a9Z88YtfvP322xXFLBbzl112aUNDgxB7gaUPkIiheBxkL1wRTxSapbU2b4u4NTI4OCiEOProoy+88MI///nP27ZtO+OMM9Ds/MQTT3zoQx86+eST33jjDewDsmrIz+H6lsQteRHCGvhmWjMf8K/KAL2xjaghjXDncU6Xy/Xxj398+/btZmktOZ1fZWNjwXWBQKCjo+PHP/7xG2+8gSCN3++H9qOqv3A4DPgTRVEikQiwMYeHh1GkJqx2AVVVX3vtNchjnMEUozGAXD6fzaZramq6ujruueceCObPfe5zgLD/0Y9+dNVVV33iE5+46qqrHnzwwVQqg8pJ5KaSySR13OzevXvOnDloO6A6DCEEdfcRm+E1Lq+3txdgAeAEaimCJQ9tRkEOvAiFQsDMhX2IBgsUD8HfBno5XCwkLaDxkslkV1fXyMhIW1tbb2/v0NAQ0qEQUlj/mpoaRVEwxp5DGpumiaBRb29vJpNBvRsutaam5qGHHrrooouWLFny6U9/Oh6PL1iwoKamZufOnT/5yU/Gjx9/0003nXPOOZFIBNvpd7/7HRWmSBiV75jZKC5AdsTe5lFSa4Rn+I59NpxhZGQE3BIIBM4444w///nPkUgEjTDDw8NQcRMnTpw8efKuXbvweCgzi92P5YYxRrhUcCQMC/AdNro0QJnUC85AkRWOoJbL5U4//fRQKEQTn6W4Il8BCroMDQ1dffXVGIT9xBNP/O///m9nZyfZVJSuhO9XUVGhqiqMH8TQ8CvoWMVECMD7BQIBl8ulKBrKIHPZLNySN954A9gh6XT67rvvrq+vP+WUU8gA/trXvjZjxozrrvtp0ZplAbBECocODAxABWFJUVACFoIzRoEypMVQPqpaA6yx7B6PB2oKPhigH9ARjzfh0RlW+yyaXCiqDBcOlZwQFqtWreru7u7t7UX5dZEBctPBUHEE7hAMBseMGQPDBJFVvMaGGRwcxH0hvIwtB6yngYGBj3zkI6eccgqABu+8885QKLRmzRrIBcOaVmWysrsDjEbyNAmxFSSXznMX4mAUakGk6bq+Z8+eoaEhv9//+OOPL1y4sK2t7aijjqIKOgDTTp069bjjjtu5cyflXnlAjKLwpI4oE4p3gF6MRCdlcihhjZsEAAH8GWF5JoVCYdy4cccff3x7ezu+olngu6LUQcc5UWgfi8UmTJiwcOFCVCFWVVX97W9/mzx5MudtXdcx7QXm5ebNm+H5IByCEAVgXpctW4YdBk/DMAxdU/bOiDGL69evv/nmmz7/+c83NTVhZicWFhH/FStWPPbYYz/60Y9WrFi5dOlSLCmWyEqBqKlUamBgoKmpCRwIE9G0pgVBiqNGEReJchmMd0FfBU1ZQHO63+9HblCxBp1DC6HcjBAaIdeQGBwcHOzu7h4YGEAiBHKnaCHV4ppx1xTOBW4SfDw0+JKSxLgPGvCLHPrw8LBg0SzqG87n811dXTNmzKiursbYxNNOO83j8TQ0NPzlL39paGjAfkOEmUA6jAND1+LpNTrh6OURLh+P/CoHUItsWlWnuVwuFotVVVXlcrnNmzeHw+GNGzeuWLECCOzZbHb79u2zZs066qijnn322VgsBjPG6/VSilawyBglW6hTaDRRqOtIepIdCIkCuwJJcF3XcX6IPYQorrjiCmCt0ld4ZQ2ZAWRPQp1+9atfffLJJ5ctW6br+sknn7xkyZLNmzfDpMHT8ng83d3d4J+tW7eSUSes7BY0ZCKR6O7u1ixkVbLhsY00TXvisccefvjhZcuWnXfeeYCyVVW1p6cHrovb7f7HP/6xZ8+e3/zmN/fcc/f06TOwI4vFot/vRzIQyqGnpycSiZjWnEfD6klHmSKULTwiqC/irsrKykgkEgwGKaKIhDVUn7BA5gjQAVGKgYGB3t7enp4eQPpB8kIUwr6Ahwb5RUZsOBwGhhIkBdoyAAkD8YQ1hLHNh9YLIfx+P9wEwRo3McMtFotNnTr1i1/84mmnnbZ69episfjiiy/OnDmzpaXly1/+cjqd3rZtm2EYzc3NVIF04MS5RqoS0YnH6FApivIOCPllaBJN00KhEB5qLBaD1kZnl2maW7dunThx4umnn37fffchXm9YuF+CIWyTRhZWYQqOHBkZKZZOEqTLVlV1eHgYOVMYmTBEkbH5whe+MDIyQqhV9ricXdAYhrFkyZI1a9a8+uqrsJfq6+vr6uo2bNiADARijLqux+NxXdc3bNiASfbYLvxJaJq2YsUKqh0DlxqGYZoF7M7//M9LXS73j370oxNOWLRs2bLjjjsuHA5Pnjx58+bN2EaGYTz++OOKoqxYsWLp0he/+91rvva1q7DPEGQ3RidpuRAcJ8sc58e6qapaWVnp9XrBXcFgsKqqqqmpKRQKgcGoBQZRWQr0IzzY398PfdXT0wM4BrA0t9uhqWDtw+nCD2F0I54I0tOYGUaVzXguED2mhVxCohbBFZQHIPfIRTNqMi+88MLPfOYzKGVG9PunP/3pN77xDWDIf+tb3xo7duzdd9/t8Xjq6uoOPLFsZzkyGPf6bIIl3UgpHUgcklQETaDEmkJiYdMjGzY4OLhx48ZJkybNmTPnmWee6e/vRyyLR0pUBgkGSQYrAvEAv98fj8erqqoE00VkQMLwAy4/utdg6c2fP9/v9ycSCc5anPi9kF4CjOQrr7xSUVFx3HHHnXPOOYhSIg9uWIDHmUzGNM01a9aYpgl7j9rYKMybTqehD5EhpJYtt8udyWRdLtd3vnP19Bkz4/H4li1bUFCqadr48eN3796Ne9y9e/fOnTurqqrq6+tffPHF73znW9dc810YqPC10um0qurIYSC2jr2LB4ERBbAVw+EwpnPBRKTxn7QUpmmiMbyvr6+rq2toaAguNxLrkK2IkeD8KB3G+36/H0O/ampqcBkojMrlch0dHWSqwDSgqm5qziBBKSykLQqrogRPYbMy6YIVq2E3EokAPf6222579NFHDcOYOXPmXXfd9eEPf/jpp5/+3Oc+19XVpapqS0sLlcIfFOJ5eZVN/9BN1o8EncDjJ++MpxH+ikQisGdgeMBAp1+JRCIVFRUjIyO7d++urq4+++yz7733Xqws1WFQ9IxEHQ8SIo6Haley4IVVDYC0GHb8yMgIhKuu62PHjr3gggu6uro4cwpbiQ1fNZheV1xxRU9Pz6JFi0zT7Ovru++++3p6ei6//HIUYUJ94Vdef/116lVFAI3uCxefSqWGh4fh/JCzJ4TIZDLFovGFL3zh0UefEEIUi8Vt27bV1dW98cYbc+bMufHGG//jP/6jpaXF4/G88MILQgg4YNu2bVu27PUrr7zyl7/8JQ2wh1GN6ZsG61F0uVwY/e7z+ZqampqampCah+4CXHlvb29HR0dnZ2c2m4WQgpVOKZNIJALpA+6CWYGAZCQS8fl8eBxDQ0OGNYOqr6/PKAUggd+IR0wAm+T3gvE4hCMkWiwWgz9smmZFRUUmk+nq6oLDTwIChcXbt28/9dRT77///j//+c/r1q2LRqMnnHBCLBZ76qmnTNOcNm3axRdf/PnPf15RlA996EO0LQ8KmawwkjPR3oCJUtrDZx5Avyq+OG3aNE3T+vv7KyoqcrlcNBpFTgbRYZjv48aNMwyjoaFh5syZJ5100ssvv2yaJiwWYUVEeJ0RiTpY8EjUoB5fLYUqoPwB8Prx9VAo9NGPfrStrQ3PmIaP8agjFbbiHcKKO+ecczo7O1966SXwCbB39uzZg/HQII/HA8B2FMJi3YEpTz3XqqoCjRNz5BRFVRQ1nzd0TXd7XMPDw+d/6Nxbb71lzpwj4/F4d3fX66+/vn79+hNOOOGWW27ZvHnzhAkTisXirl27FEXp6OiYP3/+rFlH+ny+s88++4YbbsCNQ1HouoaWItJpiCXMmjULYXrEqLq7u/v6+lDvggBg0RonD1dNWL4QpkNCJWJOA8oyiVUymUw0GgUcCBQU8mAaG+EtLGgzfFGx5i7gwcFggZAazU3pOr4YjUa9Xu+3v/3tmpqaXC73sY99LBqNwnZVVZXEoxBKPl9wu73Ll7++fv2Gxx9/PJvNzJs3z+fzPfbYY0ccccRHP/rRZ5999q677kK2LRQKHXnkkQfXjCQmkt7fW0GilvawHUjoH6eqrKw877zzbr755lAohBIKBIV1XQ+Hw+FwWLE65NHkd/bZZ9fV1W3ZsiUajY6MjKAI0GTgsqYFbU+7hyoYTFYUQ/FcQJVAPCMT9dGPfpRKZpEeRbIIkW5h9dKTzkGgGaG2kZERILHOnz+/qqrqyCOPhEyFIwpTyu/3t7a2Ygdg1wrLfMeOxPbasWMHnB9N0xRFFaamCCGEUigUTjhhUV9f78svvzx37twFC+a3trZWV1c/8cQTl19++emnn44I4cDAwJ49e2bMmNHa2rpkyZLjjls0e/asTCZTW1sL7HQ+TJSa0GCytre39/b2ut3uVCpVsOZf404FqyWiukQEcqm3BaEOlKGl02mEncgOkroHcCRsWkrlkeNN5SyUN8cakgoVVuCqtrbW7XY3NjZ++MMfnj59Ok4yf/78xx57DMfn83lV1RUFBpui6y7DMDdu3PSjH/1IVbX77rvnxBNPdLvd6XR606ZNF1xwwXXXXVdVVfXHP/4xk8lMnjwZj/4gkmQZ0Qu5NlI94LZRRVEQSC0Wi+edd96jjz6KwbaAEMVvJRKJPXv2hEKhcDhcX1+/efNmwNYvWLCgvr4eYy8Nw0C9Kf4EsGYul0un07zcgRw8XDb1jIGjULOCrPFpp51WWVmZzWbr6urcbjceIRoxkauFiMUvxuPx4eFh/C46Bu69914AdWG0AKqBGxsbR0ZGUECkKArC3JDxwkLgNFmqFGbVnj17sHERAyrkR7u84vHEueeeO27cuEmTJqVSqddff/3GG2+84IILAoHAsmXLFEW56667fvzjH//2t7/905/+NG3atF//+tczZsyYPn2aEEowGJw+ffratWvR7iBYYTH0FTxM6pFB9AKRHrJykRtE9J92Akoio9EozQ/AOSnzySO3JmtEhj6EnQ9dJ6wh6X6/v66urrKysra2dty4cePGjauvrx8ZGXn66aerqqpQfTpmzJjGxsZAIIBsnmFNGIVtedxxxz3yyCPJZBKGEtkykN0ul2vHjh3V1dVPPPH4okWLJk2ahEaB7u7u2tpawAHdeeedmqadeOKJELsHpXBElCbPiI9G82yitILWKB2Q985+zOVygd/cbve111576aWXulyuhoaGaDSqWQSWSyQSO3bsCIVCCAohGobGDTTmQKzCrsPlocoWHWhwxsByQG6hGADqoZLJJHbVhRdeeMUVV6iqCo+F6mLhPg0PD3d3dw8NDeGE4BwQWqqBx7Rjx46qqirUKCIZ1dPTEwgE0EdcX1+/atUqqEFh+RiitOYQsUoG8V8CB28Yxty5c6dNm/bEE0+k0+lf//rXt956686dOxcuXPiPf/xj27ZtH/jAB1AYdcEFF3zzm98UQoTDYU3TNU1JpVKTJk1auXKlZUPqlAgBp6GzAZUGiB7puo7gvt/vh4iEFTA4OAgjX1jN17R1eGcn7hq2CTWqU6CCMml+v1/TtLq6utra2ubm5okTJ44dO3bMmDEIXPGF0jRt8eLFPKhArRU8oIBs9YknnmjaejSFNR4Itay33Xbbz39+/U9/+pPGxsaenh5Y+G1tbYsXL0Y9k2ma55xzjnLAQ7Q5UXCBxz5GBV9LS4tZWnnMS/7fMdY/ggp4YMuWLfvSl76E2iXC1YG/hPod+jlYNV6vF3Hh2tpaGIrgJfTVw1Wj8gJsJiploA4aj8eDKZu6ri9YsODyyy8Ph8P9/f3JZLKnpwcMhhPSNClUSyCvgNfI4EExIrgCHYVOZDj0yCNVVVVFo9GnnnoKzE/wAaRekFr0eDy7d+9GTlzTNF13m6apWiIvnoju2bOruroaxtXQ0FAkEvn5z39+2mmn3X///X19fTNnzvz+97+fyWRCodCqVavGjBnT3NycSKR+/etfF4vF+vr6r3zlKzAfkslkNptRFDFx4kR0DKLcrKGhgVhiYGAAvqVmIWRSmTI9DoPBzgqW7oeKphICbDKYgmh4raura2lpaW5uBo+hmEZhY2iwTxSrrR6LY1otP/wYgyHHUE4oHo+3tLQgu+jxeIDRIhiiLjoqXnrpJSGE3+/fsmXLE088IYT45je/OXXqlKOOOjoej0YikU2bNqEX4WAZk5MmTaJrFqWwP3s1G0+v8cDRO+ZvXH0mk1m4cOGNN974iU98IhgMkkUBNwDFB4FAwLRaNoQQ2Wy2r6/PNM3Ozk4KV1ATTU1NDYLUkPHgWzwt4kBYcSiZra6unjBhwqZNm3BhOAZnqKmpobVQFAVAKTThVlhhTwrc79mzRwgRCoUqKyuR9oVhg/To+vXrqTSezCryh2mENG6NDtA0rVgo4i5mz54NPSCEgNnc1tY2d+7c6urqJUuWHHvssRUVFVCz8XgcRY+f/vSnH3740eOPP/6DH/wg8kVgfmh4tOoA4wQXgzJC9CZDtHGGAUOKUqBiHqQ1RkeW761EVSy8VJwK+QAAq2zZsmX79u2QngrDGsE7qDwGkBbcXbwD55DwIKSYHqXd/H7/xRdf/Mc//hHpDdgIxJBILwWDwQ9+8IPbt29/4403JkyYcNFFF40bNy6ZTJ544snDw8PpdOorX/mKYAhOB4VMK9lrWFMW6MJKfDaqxdxXOOUdEITlwoULH3744euuu27Hjh2KogCMHtEOHEBWBwk/zYKFUi30f03TUqkUWld4JJ0QAaiHGtoJ4YHOzs7Vq1cjDIiEFRUxU08x3qQeRzxsKtUDJyDJ63K5EBw3rTlY6XS6u7s7nU7Du0PwnbeoCsuWA2cCQxJRPgsOYPTIyZMn/+Y3v3nttdemTp167LHHTp48efr06Rj8/eEPf1jTNCC9Pvjgg3/+859nz57997//fcWKFePGTUBXDmWciAew+6VojWmagABQrXHyVKNMrwVDQTUtaCPE62Gb0MOlBRRWgovy6QR/wB8QVZ/Qn1TRT51vMCvwJsSiz+dDFJReuN3uyy677Pe//z1Xv7SZkdT1+/2FQuGIKdP+42P/ccUnrpg+bcbSpUvvuOP/DQwMKkKrrKz8+Mc/jtTFwY2RGKNTckoGFQiCH8dB3Jg8wDCJ/bfnzp1711137dixY9myZStXrtyyZUuxWER0gbwCDiPDrwrPEnE2qUKSthE8b6l1midqEDPEfiKDk3xUvkDCioPhHWGlg+DLwXpUrNnQ/FLRe4L4uGB1AvRDcEexy6lWS1jWVF1dXWtr6/PPP79mzZr777+/oqKipqbmggsuaGtrgx5LpVIrV668+eabTzrppBdeeKGlpWXjxo2wABsaGtD+ozHgpqGhIXSjKLaZbNTVZlhwJlBrVDIi2KwZHvzgLj09KZJ9/ACyO6i6V1FKRoRSMJkyDeTSQ96BY/GC/qVOucrKyuOOO27FihW6rhvG3qQo3DawfSaT8fuC9993/58f/DO1wOI2r/rv/62vrxdCoBLlYJHCZlmKUkgSGaRVlJoNB+W3CRjH4/HMmjVr5syZV155pRDizTff3LBhw/e//33eG0+cQHzCC+Ro9IFqjbpVGKgTaQwcgP1EmTREq1WGyE8eNl7w3KhRiotIBCbheTka0k0xOtpqBMTA09Yo5jKsJnGESXC2YDAohAGU2Orq6lAo5HK51q1bl0gkQqHQ6tWrhRDTp0+fPn16a2vrzTfffNddd40dO9bnC4wZMyYYDPb09ICBCWLE7R7tZKcEgLCCGQQ7RxEm6gOgZCMJXJUB8RMn833CYyfEV+SPQeHTF3ntBM5M6GP0kWahKuCE0ISUL4E56nK5Zs+evWnTpkQioao67V5UFCBBFwwGM+ms7nIpqiKEyGYzhmFms9kJLRM+97nP8g1/UOw4wTLafJPgT53S2ZwFD9YPCyFoHTn74cW0adNmzpz5wAMPPPnkk5o1V4nMMLIu4OmhLoGeGSEL0BPFXWQyGagXpOOoE4fKf8gcwrPklhJ8GMEkusLGkZDW5SEEMmDANojpcU+DwlxI8tIOxlYIBHwIM1CwJ5vNwvAbHh4eGRlZsGDBJz/5ySeffHLVqlUAFLnmmmu+8pWvHHnkkbt27frKV77yX//1XyMjsaGhofHjxwFzkkajQMGSEjZN0+fzdXZ2osBXlKZ8+L/Eq9Ie2lf6iMQQ3sRDoX2FdYMo5HpPigvQUnPFSMawaoECCeZIG4ZRUVExY8aM1atXG4ZhmtjWo2tsGELTtHQaATAzl0vjK/l8Xnep3//+NbFYtFgsEBTKwdrwojSiQyRgRgpWl0RS7SD+9n74MJfLXX755U899RRKk4H7Da6DxUXFHIFAoFgsfvjDH37yySfRFQ9EIEVRfD4fYeKSqkE6FTVBwlKwJPVpSqhhQUeBEyjjxNN3Yh9GtVmKu0g/RI2PMFyp1wtsbzDQO465ryhKX1+fz+fr6ekxTbOpqemaa6456qijpk6dWldX19HRAUfr17/+9Re/+MXZs2d/7nOf8/v9KJ4oFoumKVauXIlby2Qyxx57bCqVDAYDNBhxeHi4v79/aGiITD5ifn6ngoWqhc3qkSz8skKZMxUvc1UUpazM5XY+V6T0Jm+M4OYM/Gefzzd+/Pi2tjbKH9CwHsoBWtsbLcXKZz/7mUDAv2HDhnA4jARvZWUllRkdONkVmEq4kaLU1D7AQuS3TslkMhAInH766bNnz37zzTd9Ph/6Ak02FQ2cgCpHXdfvvvtutBJ2dXV1dXWZFiiNoijoDcnn80iF4WGgdYrak+khwSc2TZP6Gk1rTgpUnFY6M4UWxyytky7LgabViUd6DDXZqNvgvigPpSiK0tXV9YlPXB6Lxa688sqZM2euX79+ypQpiqLU19ePGzfuC1/4QkNDw5e//OUzzjjjM5/5zH333ffNb37zP/7jP/DIEonkzp07fT7f0NAQIErz+Vx3dxdKZFC4Q8k3DkNCly292M9r+y3bd5jk2pml6SWuu6RllBIDnGnpNVYYUHZwDerr6+PxOOKuZO1DuhGGLLppPvaxjy1atCgYDI4fPx5dc/wXDwpxEczVmM5Fl8KGO74LhKa9QCDwwx/+8Pzzz6feGZ7Oh2EWCAQARRwIBCorKwERh2VF0AmM2t/fHwgEAJ6B8tlisfiZz3zmmmuuQdApmUwODg62tbX19fV1dna2t7cPDQ1Fo1HkA9DjQ9cgSmevcHdO7NvE50FqgyF4Iw4xODjITQtN0xVFMY1RzbZ169ZTTjnlAx/4QD6f7+7unjVrVj6fv+iiiz73uc+dddZZ6XR6165dw8PDwWDwIx/5iGEYn/rUp77zne984Qtf+uhHP9rV1dnd3R0IBDDxMBqNotMdYQ/U5hatGUtUX2q/cu7A8GPomhVb3axiBZAFm05Iqkyxhbu4uVj2Ndn8nEs5T9JeBV/hvpBgJPceeT+4IU1NTWPHjl2wYMHs2bMxqQ9mjrDU+4FjRUqrIa0qLr7EZ+Pm8rvAdYpVMnvaaad98IMffOyxx6Bn+MriGJSDYLJMKpVCuQ2NY7f2llZVVWUYBookcJ8zZsy47rrrUE5VU1MjWIIf2yIWi8VisZ6enh07dmzdurW7uxsjHVDGSX6IKPX4+fbiHoh0pLAKNZFaBL6dycq+6Su4ql27dmFWbSqVqq6u3rNnzx/+8Ifly5fPnDnz7LPP/sUvfnHGGWeMGzcOUFyXXXYZeogeeeQR+nVMIQ2FQoiA0E5CFxyECNwnzjx8f0gbmt+UpJrs7pawqSz+mse06F/K3HAYBdUaqUX5VTxugvGkkQBCCJ/PhwSSrusoc0cKlLpgEcDkrgGejsGQzw8imaWoWTyVsjfPRkk2e7jp0DGbYtXm//a3v33++eex7bAbuIuJXUL1tQCuIHGAJl9FUeCtKYqCOiBVVW+99VY4e1ZGaxSmgpYboPnjxo2bO3cuxeJRjRmNRmOxWH9//8jISDQaBSwfCgXRkQXoDqqJEWxKGy8vEkKg8B8z5uEumlaqA7XIipUa3rx58+LFizF//fbbbx8zZswxxxyD8uJ4PA5ky8bGxueffx7iefLkyVddddX553/wkkv+A6XeFGEqFguAi6IZUVRcX/ZZCJtCU2yBEPqTJI5iI54sJV7iQWYyH8jap7Qb4tIgvEbtNWXeKOUNEBEkxDHphtKhdKkUIcNlc2Fx0HmMEzG2yvpHRytIxD6GRL47nhuourp65cqVCxcuRCeFUdpmRs/VtIruYPIJK18Mp8u0EMXx4qabbjrmmGOIu4RVDhaLxWDOIUuGggaUs6DyGG3mANbGrCNFUSKRCM1tQwMb4uaojSbsECpEpAbnQqGwY8cOkzWMEOfD1NTUvRHLl156qbGx8X/+539ef/31mpqa1tbW3t7eM888E+ccHh5++eWXL7nkkg9+8IMPP/yw2+3+3e9+V1tb397e8eqrr1K+3tw7R3cvq3C24dtClHIXJ/rKvjiKG4EaQ2vl6WyeRuNMxfPXALeDjkJMH69ReoLqTRwMl4HqFsi1NkoBZ4Wlbw8pU+2HyHjhdrjOzV+VjbpRDqDF5h1QoVCYMGECSiU6OzsRipXC67gqePmUVePtujSjMJvN/uxnP/vEJz6h6yVzjAFuMTw83NnZmUgk4M9ATQkhYDcWCoVYLIZqpqIFfw2FRq4XhS4JXdRgg5R4hgoXhsyyYTVEstimqjAApmAw+MADD3z6059WVXXOnDmIaOu6PnfuXEVR2tvbfT7f888/f8kll8yZM2fmzJnz5s0bN26c2+298cYbITgo7s/5hT/NshqM28N8r0jVjKY1dIGcIs1CQCPWIk3FuYv0FTEYVBMvDQGPUc6a3kTMmcSlREUGuUsb5l0LOpQl5pCPhr725tnM0lHadKFlg92HjpBimj179ooVK0455ZTNmzcjFEsAHny7EMuRfYitj4iL3+//yU9+cskll3R2dg4PD0MhIGQSj8dRkgu0KdQTA2KN/sUMMSgo6BNqLaFiC1KwFPyg7Uj8prLmOp/Ph5HZcAIlYOZiMe/SPWDRjo6ON9544/zzz/+f//kfdC0cf/zx1dXVbrf7D3/4w+Dg4LZt22KxWHV19aJFi6699tp4PK5prgce+JPP688XcvQQcW4h9kpWu76y57WExVeKleAivsKakzWosKpU/Evd3NA8pLtg/tELqoqkQhAwHkxBcsAEq+VV2awSungpUmWWyw+/m6YZkcp6xhUWkVaAiAzzQ2WAdu8OSUoWwZJIJPLqq6/ecccdv/zlLzHqDkYj6u45mDtJDpJn+XweCAv9/f0/+clP0BwA5wohYDgtBYuEVU5Bf/JWS5NBeglmn/C4OXmVPJQC4rlvREeoeZnyP6ZZNAxD1zWhFFTNME0lFKq85ZbbHnrozz/72fVdXV1CiIkTJ/v9QV3XN2/efMQRR7jd7lgsVldXd/LJJ3d1dU2Y0PLJK/6rkC+aplLIG0KoND5bVVWu2URpVGNf9VOjGSFLTdEBxEvUbosQBZwoMBu0E/EVtBNKk5EL1TSNICj9fj/YDBdMP0e7gisou7JSSvtiDgtf7WdXS3JB0GANOohY8N25ev5zgoneYDB41VVXXXLJJY899tgf/vCH1tZWgHPxMmLBXDjB5gyGQqFXXnmFYi3CyorSj0qBH9LyFOvnH/Fl4W4tD9nZ3V3p68LaSVLc3GSQKtb2UhRFXb58+Z/+9ODSpS+cdtrpwWCwsbExEonEYrHW1tZ8Pr948eIdO3bkcrk5c+bU19ffd9/9y5e/ns3mrG5UwThEUZS9q0oFe4oVlCLVyuuk7JWK+7IGueEHgk1IR5KXBY4ifwxhd1oEk9XZvJvG1CGisjHeUREmWDEuty/NAxuv8bbIsDBSEd9Lp9OAoW5sbPz4xz++YsUKYFPDlaIpsvguL5wTQqAIo1g6RV4SHCRpqFFftVVgcw9H2DbBW9kTVBsAW4J6jQ2GvmxadSTkdhpG0efz/ehHP1q8ePG6det+/vOfz5o1K5lMRqPDyWTyjDPOQG6jsrLS4/G8/vrr11xzTTZT8Hq90eiIruvBkN/iIpMzEg9sSO6WbhGVQdGsDLzvZgS2IbeKWAif0pxe8riAdMLLwRVbuow7LO8dBfWOiXs9UlfbaPOoZECSsNmxY8ehuyzq1U8mk319fYD1HBwc7O/vR6hdCNHX14dYBfqC0U0MM49P9NurqXU9kUiQXCEfxq6XFJZdFDY1K3Vt8HXclyqTQkrcRkAUlCZK8ydBPKBpmmkKj8drjcBUXnjhhbFjx27durWmpqa9vf2WW26ZMmXKnDlz4vH48ccfv3Hjxu985ztCiHyuGI1GA4GA7lJRyswLtTmzSfqKCAzGNRLsQ1iALjbzGswDDQZupCAHdBrZn7QUfLl4Ose+NcW/BLO1tLQoLGVV8nrixImSUUTrUiwWd+/efYC/bbBZSthh4C6AfCQSCWB0plIpVHjgBXDgEL0gouZomixDfhQVrZvlxo5xg5Bf274sw7IfleUxey5bun2+59B/TaNtTKsjjqw4VdXcbg/mJJqmmUql7rzzzgUL5vf29tXU1LS0jC8UDEURb765+dZbb126dCkqHosFM5fL+QPe6upqOFaKoqgqGFhHPBZMhYEKPJ1FpiA4h5rHKB2C9+F6qaqKIh7kuIh1D2/0771GxGy0kUj06KYNSpIOOig5CoSSEKhIpVLIXwGsk6ZXZjIZwlEjU4cK+eg8moWIhtoRQvM2reZcCgbydmmJVfjut39KP0c1/ibDBhc2ZnuLkpjCD4qiJBIJlzUcmCKWYrQWdLTqP5VKqarq8XiuvPJKn8931llnnXfuB9v2dPT29jz88CMvv/xy85jm6Ehc07RC3jDMgu7SIpFIZWVICKHrqqW7XC7XaL8zmArvIzJBaWJyt2D+qdaANXAd4Me5xisrUP4FNNLBInLOldIUsQBuJNd0+MJBXDvTmmeHRDDZflK9PO0//hG5FtQcgTPw3DGhGFAUUWI8kzWnSTEP1daUJWzdTTxutP9dZedDfkIUnRESBFWx4GDe3gYAOURfIQRfeOGFv/7lSRrRVFVVtWXLlqrKqsHBQUyfqK2tGTNmjKoKS0Xpbrfb5XJ7PKP1FiiwoECFFLEAm4GpAL5EJU774i7zYLdi/csQPXRan72wCJzHuDNzsH4bdksgEECBNr1DbWZUdw9DkQMTIF6PbUoTCSlwz2t80Z9KhYjEtFLgnhuWxNV0s9KnfOGkI6WV3defwuaxCCFQqClKTVAxqktNKjGBlEHBimmaiAGapjk8PFwsFr0ebzweR4txJBI56qijNE31eNwul45ohdfr8Xh8yGxBg9FQNeSyXIwA9w+GxK+IfegrukHHdNw/cSYiXSdX/R9EAD0QmBl2CwrSMaMIoB0Y9yo5ZvwFGIwyzqh+orwZ1W1QApoYTCrpIBKljdictfifZTMBdktSskv5jfOOOOptAyMFg0HoeWrDs7ScWSiYbrc7k0lrmm4YRbcb0+cyqqrm8tnR/gBVKRRziipMUdBdnoULF1ZXRzQNcwndqGxCjtjr9WHlKeVFfCUFKgknQpQD9OXuPr3jqLV9kWQ0UUxSl9wS1YYveYAkPTNd19H3CfMSHIUhJnhN/xJfoZyK0tMI/YMh7bqOCj6I2aQktcHwDnBVpP14hzJnNjsrCmZK2QMw9qWjKBGsR+h53LXLmlSM0uFiURgGyojzFE70eNyGYRSLBY/XY3W4CtgL5557bsAijKRBfRMiGSh7R1wRre6U2Xu7D/G9UJzxfiHFapqhNuLRfjYyKyW5dSjsBMoyGxb+B3YD4PKlCCTNwsT2wqdQjBSNBEmvqShEcu2oCIszG4+mSJCJZikZ+8DZFrY5OELIkU+eXTAtjFTM1onFYvQ86DmZFlaHYYEL4aNYLAZlaBgGACFramoCgUBNTU1FRUUkEolEIpWVlZiTxOMZptXoJRwL8NCTFGIkHbYXm4UcNjImD6LnxolbLFRGqCgKXAt6n2rnUc1IxfVIu8H45CYoWZtQd2R/ktlJ/3J1x5FwuPHJdaAoDV1K1cb7IsXqzCeuJg4nxBG05SNCCylAaQDocMpZwcVF1fW4cePOPffcCRMmjBs3rqqqauzYsZFIBIENerqUXSDzj2CXUK59uDfkvzipFoAa/jQp9M+dOXo8h4LT7OekygZR6uSYpokaSBhLitUgY5om2AlpAyhAwocCa9EIP9J1YDNKzZGpyQk/SopRMPaQHDy7EygVhUisyE9VZBjJuBiUTWKSGGQHFLiwgPFgTFZXV0+ZMuWMM8447rjjxo8fX1lZaVmYowjeaumQBq7TBNO0h06GOsTJtFA28KdKGCRmacPYobuC/Rv6ZRMPXAbjAMKvpW0NRgIfkhVKSo/6YvAR113k8vHeGeI9rvfIr+NwCTwYw6UVDzOarH+RcyAtNRUBQ/8g6hgIBMLhcFNTE1QWWulqa2sJA09aSQ5UWHbNpdLYQ/eIHRKsQh1/Uo5nb55NKcVCel+Emyj9LViFp2J1YXM3jMxLmr9Bs8go9KIoCk8qcGaTbEjiKEmnKaUkrFShaY3XobQh9fbDufJaRBlk1Ezi1rh2clTTe5wkHlOkqn/+MX3nfeRGk4EkSjtuFAv9Uwjh8/notikUK3EU/xOMKgU2YWeq5aZqmVYRJlXTI/CImiZA0HJQAEJB5GtO5jQZ8wScTF60ccBjGBw6pMTrcqXu0FGdIFiRqFSq/F4m2nloZqPuEjqAhIooTciS6sa+t9dDcpvWZEleoxQHiZ9fIrMcsI8ozRCYrIWM7oiaA/CRUTov5nD1+Tv0FgnPnYQj6TchhM41XZFNt3jvc5pS2j7IQW3fin+i2KZy7etgnuR9i1/ZzzXsx7MSpaFa6R1Jjjj0niUKBQsW9zcMQ5e8bV7N5dgqDjn0dkkqQRbMVlJ5rlaxQc8e7it3yKH3H5UN7yuKolO3smI1Wb73DUiHHHrPklIOKQNeXAlYtLBMTJWNMnDIIYfeAXEmohjk6B+mbRyEo+IccujtEq8Sodd7MZUUBnArynVYOOSQQ2+RuDsm9dDs7Wezl0ce7st2yKH3H5mlHVhkKiocN5KI2NGJRjrk0DsjKdwIrisBRAARjznFCg459HZJinRQL7xpmnJftsmASpwAiUMOvV1SSjEweUeIzgvzeCbOCZA45NA7IF5AK8UaVV53y5E5HLXmkEPvgKQeaAqQCCFGR/KQ6cgLShx+c8iht0sKmyGhsPkZAsP4eNSRCv8dTnPIoXdGBpvoIFgyoKQ1i1ScUTp7ziGHHHrrRNwl1UKqPAdHvW1ORtshh94xsYF7JcOH96oy4j+nXMshhw6EJJAl6swu31OzL2h7hxxy6C0SgU3RVNeSEeacHM3mkEPvgEw2vVkwLWcYhirBGFJKzmmxccihd0AI5pfOS7HA1/YWbll5bSfD5pBDB0ImQ/kXHNaNY2hLMRInJumQQ++MOMiiXBsJQEI7JJBDDjn0dokjcxNPGYah8wplDijpGJMOOfQOaF+AP6qqKi0tLdKcB34cgiU0zME+MUAwjSkFV6ReA1EKSsmvj5+QDx6wI+rRHDNhA+6m37JPrih7R6Tiy4IW08UAcFOwaQlc+XNH177uZukgc+mOyFUmP/mf3pH9Iz7VbT93JBi+Gj0jygLxEj5CxeYxapONy+RXyBeHLoNGLkqA0Aob3b6fO+IIp3z1+Grwq+L1vvyL0h3RZuCrbb88CQ6cPyOx7xC9UgqbzdNr/I6UlpYWuhpN05AcsJdH2u9Z7MPULDvbUmIzvkzSmtI6cg7n92m/Kv4T0iPhqty+uJxJpCvkR/I7Mv/ZxJ+93jDb0JJAKfuaL4t9zd/WHfE9sa874ntCOkD6Rb6V7bvNLn/f1h1J8no/z/Gf3pE9xCAJOI4IwvnNfi9lV96+66QFFEyQlZV9WiQSEUwvlf15USoX7WvKj+GJO9qmJNKU0vIUSXzyF9KIZ/6ohE1qcrah/EbZBeXE+ccuHUiq8TviH+2rrk2SbdIq2V/Y3+e7h36l7B1Jq8evRzo53/0So9o1qvR+WTaTvrWvO5I0qlLa7iVJW2k7CRsH8jOTjcP3ld2Ysp9Z2njiLeDuSBvVfkfSb5XdAypVRZpsHBFpW1p6vr0kfi0r40k1EaOLcpqQZEDZx8xtX7vQ5UsvDbsgomvjT7esiuDDn6Qr5KflayJssV37JjBLx7VJryUBzx8/PQv6ObvpRatkvzDpW3ZtIG0R6Wb5FfLL5jJU+kiwqSCSTBSlKo5fGx3A/5X6Ku1q0zRNSmTxO5LetAsIgmnkz0uUmlpczdKeL2sl8jviD5RunJtyhmHshbITzGAQ1uhKgrhTrGHq0rbg687lH44vK9r51XCVQr+FF7B0pQk7+1lHiSQtYT8/7pH/urT6XBULNrWQNoFigwC0Kxw+RArijC6GVDcXXpI4tEt3ibtoDRUrW2OfKSk5IbSraDoprRL9EK6N1koycGhvSEKBpsnZ2//pBaZJSuzNV1vabIrNo5FUEOc3Xdf5StLkSv6kaGKeYLKbm1H8U/LJ7Z3X9AjwK/QITDajhjORpmlaZWWltI/pTnjyWzJ2zVKfij9g+zrybSFKu33ocrmlS9tR8hO4ZWUyl50vHJL3/Fe4NU93xB1rSdCW3SIknMpufcn3oys3S2cmKswu5RwrCQiuRjifSOsmSrUo3wF8/aUpcPwF3TWO4cofe0V6plwMSVNUJetGssokI5+bA5InLEpVpVLqNfGOFaXU67EfJkrBdsraR5L84gcozCaSFkp64vagi2BKmD99rbq6mt8zd+ulb/LtaD8jl8eS7uIrwu/Erqwk0Nh9bRGFuZ5crksnEWy0MX/TPmDNLA3Y7P+OOMPw58qv0C5l+IpJ/CB9RPpEKQ1LSIvAV0ApNQ75r9i5kV+kJI8UZvlIbCBdKif7xuV8a3+a0h3R+bmBoJR6CvxX7BKT87BdAdgB9svekeQYi1KS7kgaWS5tObs+BGmVlZX8jNyW4EJX2AwtiRvtm4nvCUl6SRJaCjzyfWDf93b5oZTLE5C05nckMZJdrHLTzi5Q7HdEk9P4JdkXp6zO5I/HLpJEqSah/SRJw7Jbh1922TuSdAIZt3YtZ18B/hQkNrMzhnQL0tdpPSWXcj9rJSzDlQtZfkIKA0p3JLE3v37JapOeiygNYdAx5B/afSXO7fwWtHA4zJ+BpOW5NOLRTGELbUvLRN+SbDxp7ZTS+LtkZfEbltiYXxvN4zSt+I1083w57NtRuiNpM0k/LWkwfuXSaSVGEuWorHqXLkbi5LJSmT6S0kH7+mm+Jlzi8BPaB6zvR46YpX4a33P2vVTWeBZMS/Cltktefr/Sstu3OOdkyVPgT1OSrUqp7WBfN+6b2BWMdEd7r7ylpcX+rv3B2PmK7xUp48nvzR66lPYZyTbu6ti1kF1yi1KjSGEWlBQm4jYwz0OUvRJhUybStuAgttwut4vksh6C3USRBC2/YC449jWh0r6Tyu7ysgqQ52bsG8V+wVwi/9NnxHPBfJH3pZbplve1W6QIOWc5hRnD0qd0hRSbKbtjpS0hyhFXxfYnInG7tG7S+khMJHEWv3eqHNjXsojSQgW7hpCe0VtkIr62fFVNyzUrq0gw37jsfhCl5iSxGP+Ubxj6FTvji9IQxr4W56AwkTgAQSftcNqlfAp0WSaySzD+QhJ0diZ6W4JOYiJaH8lLoAU8WIJO4nr+E/tKqe5rtcte0t60Ng80SNFs6VrNUn/HruGlVeOnNRnRTxiGgbixJBGkFbF7dsQPXJ5K24WbZvbb4duUP3i+v+3XrFozWyXhKK2kwogfbH8YCotUm5Y5zK+Wn9m0GX3SNdjZnv8QvcMzbZxz6FK5CSZsYQLp3ukZSRwobCFGfm30phR7LvuMKIcsLbLJUrlcNEh7SdoJ9me0n+AuvxE6CQVKpFMJW3xE2FSaPSW+Lyaye3/StqSL30+UR2FhfvunZZmo7GE8YSRJf9qitHP4lfMZx5yJxD4sCYqH2LcoXaRdVUvLIl2txERiH9F6fp18P0v65q0IOs5lwnJ5TZvXxa9fKc1C8BXmN2t/jgcu6CQm2tdGol+RBB1dUlmtLGyCzn4SSUTsK4T4VgSdQJCE7zyFZZpNK6XC35eEArEonVdSWnbelrhFWAa+tEWkWzKt7J4UEZfEHL//fT1yybySLsm+X+kG7YJMeupKqeLhvy4tLEl/0xb2lliRZNZecN3S/CN/rvYQgf0rfNn5jrczrbBZdmX3mbDJYknOSjtkX89IEhASq0s7W9rN/BlJZ5P4337lZW9N0uv85PbNab8qnk75p89ISlCUZSL7DrFvby7+7NdJ4tW+x97KMxKlMUy7zCr7jJRyRAfYLdGy/KWUGlJ8lUh0lE33S9aYODSCTtjcQb6N7Ry3/71kWk2PdkEnPcqyTCTepqDjCy4xEb82iYnKbqGyC0sv3qKgIyYiQ0qx9O7bFXSjtf/Sff5TkgxzvrLSeXh03s4tdIzEQvbNwU8oSqPD9Ck9SymbxFef7yHJvih7eVyyS3eN++K1LxJLm+UCO9JaSVfFqexX3uIzKmsL0waSigCFLdpuP5t0kaYtPsNPaFqJPu488Z/jfh53tkSp0OTPaD+3T+tMBUn0Dv+TgntSaSjfPEppp4/0E9JWtzPOgTMRnYRHZiTzQuyDifj7EhOV3fx2HuEHS/ci2UPS09w/E/FjpB0oBWP4YRIT2c/GF/DQMdFbFHTmPiKW0jN6Dwo6SWpJvXvCJug4m79FQSftAfsDervPyC5CpU8Nw9DC4bCkXe3bQmETOaRFKetcS5xj32R0TFmhabcapDuxSyVRjqslg0VaO/uvSHvabsnak/P0ouwFSwagfXml79Jrrikl1rU/Rc6B+1Jp+9pJUpUF3+X8AUknKWtR7ucJSpfNl9csdbDsQQa+kjxJ8E/tX/szspv2dukpbUj7MyrL2PzG98NEdk1vv2aJjySRYd9IvJC57MPlz1diImk/SAJRunhpe9gvnhZZEv12JuI/XfZ5CSZbJAv9rTMRvwU7E71dQVf2GUm7tOyGf1uCzv7pWxR0/OCygo5+3V60ameid0fQSUwkWWD7EnRiH9aDnfd1Ueop82fA5RpnD35Ma2urcMghhxxyyKFDQBMnThQ2a5Ina/dlPevC5iqSqttXtMQhhxxyyCGH3gWyRwsoycoPs0fj9rbblQ2vk26UXHV7rsUhhxxyyCGHDi5RiJsrI8Fi4Eppwm9vMzwhG1FBF4csEqUF3PRjEoyLQw455JBDDh102r8yIuBjYav703mvuChtzpDqBXAYLwQ43HftkEMOOeTQvzJJjWRScU3ZChoU5+t0Cl5uJ0rbbuw4PcIJSDrkkEMOOXSIiVSXyvCGKQMnNemaVs9+sVjUpROVbUewf184AUmHHHLIIYfeLZKaT+hNUVrqSO+UNIrz7BzhwhWLRcQ0pV+yhz4dcsghhxxy6CASDzbaNdG+Ov8E9QBI3QMGm3Rvh62UopQOOeSQQw45dChI6q7Gm9LYFzv0sxBC500DVELCMarL6jCn3c0hhxxyyKFDTWWRa8o2XnPdViwW9bIj7flxpg0ETMKYccghhxxyyKFDQRJUFvfhuCaSEL9UVdUlqC0OaiKh0hEElx1JzyGHHHLIIYcOOkmYWXjBoW4lAHTSf7pU98gVmGB4J/zHyg6Oc8ghhxxyyKGDS3yqolTAyH01e+iyBCnc7rqVjXUK2zBDhxxyyCGHHDoUpJTOuZWihnaFB/WkE25kWcRk7tLx6KVZOgXcIYcccsghhw468YAir5nkE9559T+hc+mST2eflC3KNc05dZIOOeSQQw69C2RHfBSlmkiwUa54MYq5JU3JI9rXtD2HHHLIIYccehdoP93ZnCRgZIE5APwImiAgSgtJnNSaQw455JBDh4t4W5r9UxpoQwfrlFfbC8PFoJClWhJpRpyj8BxyyCGHHDp0ZA8fShk4fMoV2WgPgLAVQO6rToRinfRjmOLmkEMOOeSQQ+8a8R5r6g2QPLG9+Taxj/k1PMTJESZN0wSYskMOOeSQQw4dUuKqiwpG7F0Be3sAcOi+oEagEvksN8E0n1Nd4pBDDjnk0KEmKuOHMgLisX0iG8fi0qmzzT4Ih1SaKA1Fin2XVjrkkEMOOeTQwSJSTxRWLOuDCXsGDjFG/Evf5G1xorR4kncYOH6bQw455JBDh454DSNecMUkbMCQhBmpSjCS/AvcM+PlKKQ2Hd3mkEMOOeTQoSOoIQ4ASQ3akosleW86V2lcVyGySa+FM9rGIYcccsihd5fK9luXzZFJ+kuXviksZahpGrrhJAdOlDp2h/vGHXLIIYcc+pclqiIR5dC27JUfqH/UNE0n50xSVGUb3Xh8E7NND/eNO+SQQw459C9L0FV2V4qqJfkByMbBq9P5qBqpxL8sejIdXCwWnVEADjnkkEMOHTqSgEgox4YXlHsTrOkNf+pUGyKFMqHGoAPxouz8N4cccsghhxw6RCS1pYnSAn46jPe3QW2N+m2SB1Y2u0aAXdJwAYcccugAiQdL3mK5lsOADv17EjwzXuFIH3EfTNU0jWpOyHWTBpZKSpKXnxzu23TIofc98ebRYrFYKBRyuVyhUMCb9CKdTheLRame2SGH/rVJgvLnQUTpfThgAOIyTVOXhply9WbXasIGxuyQQw4dIBHYK0jXR1Fe8/l8oVAwTfO2225raGhYsmSJ1+uF/lNVFYc55NC/A5Wd4iaFEiU9pZeNgdh7CCQNKUrBShxyyKF3TJTYVlUVfhtsz0wms2XLlhUrVixZsmTixIkul0tRlEKh4Cg2h/59SMI65v+SMqL4JKXiRucACJs+lDCVBRtm6gAlO+TQwSVe6IUCsEwms23btjVr1ui6ftlll/l8PkVRdF3P5/NQgRxawSGH/oVJChDyBBs1APB0NVyy0d5t0opSpLFs4zcdg96Cw33jDjn0/iBKEkAzkTWaz+d1XSeNJYQYHBx89dVXt2/f/pGPfKSlpYXOoCiK2+1+Kz8kSu1UvHjH3OpkHxw6jFQ2rEgumn0uG4UY9bLNbfvCHJFmuR3uu3bIofcNkeoC4xSLRbhiLpdLCJHL5cCxzz777GuvvTZ37tyrrroqn8+/sx8q+/5+VJTDyw69Z2lfmsiOhMxVmKZpul1dSa6bBHAiGC6JY9A55NBbJ+q8QTWXEMIwjHw+XywWfT7f0qVL77///hkzZnz+85+vq6sTQni93oP76/vRYQ4vO/ReJnu1hwSbZcfV0u2ZNukInEKKT1IP3eG+ZYccen8QAOp0XacMAdRboVAYGBj44Q9/qCjKxRdfvGjRIp/PJ4QwDCObzXo8nnfwW/tKiu/LpXP8Nofe+ySVgJCLJSyrkdwwvN6bb7MrMGI/UdrTZi8wccihf1Uq2xLztuDCecwE+OOapum6nk6nly5det999z399NPTpk37wQ9+MH/+fFVVC4UCVCBXbCj95/1tvCfVsIheS11BeEGtchLZ0/X0GjWZVGytaZrb7UY9px1FXbUIXQronRWsuahsKKnsSkpTtKSsIZdC9oQif5//HFnqEvqEHWVQlLoIwvFrDx+RDqO8GhV/8EwblZAIC+hfmThxIk5RNmop7UipjcA0zV27dh3ue3fIoUNCUlGGYBKZsxk+smOx2qVhoVCAN7Z9+/a///3vf/nLX9atW+d2uz0eTzqdnj59+qWXXnrWWWfpuj48PCyEcLvd6G+DVsNrCV7PLv3tvwue56aqnSTXjU4CMQF163a7DcPIZDJCCK/XWywWCfkBJ0dO0TAM1LxAzyls+BZ+xeVyud1ul8uFVgdRajoo1pxknJC6cfkNEtlDVfwWuF0i3VrZFIxdx9MslP0snUOHlKChJNbj28ZuBo1ibu2ruY0fRB/x+i4n3+bQvzaVFZd4s1AoKGxUPSQgOVUcWwTpNMMwUC2SSqVefPHFu+66a/fu3UIIXddDoVAwGAyHw4qirFy5UtO0CRMmeL1ewzBSqRSUBBfi9KNlA4lKKTaspAXfioCWZH0mk4Fkz2QyiURCURSXy6WqaiKRcLvdqHbBadPpdD6fJ8OZB4uwIDQ2BMoSy0IGhF1CkUakXnXoV4/H4/F4oB11Xdc0zePx+Hw+j8fj9XrxLXjGpB3pjtARL2nHsqWk5Bk40an3DvEwAA9CitKtjte6aUMYIfVIQMmiXCjAIYf+BWg/m9leMAWhDP+pUChks9lMJpPL5XK5HDBESMPB06LwoBAC/kcqlRJCzJo1a+bMmbW1taiThALz+/2BQCAYDKbT6VgsViwWQ6FQLpfjykxyU8gxogs2TZNSeqQ2SDrvayjVfjwY0uVCCFInuLtUKtXf3z84OKjr+v9n7z/D5LquM1F471M5V3WOQCM1iAwQBMAAMBMSRVK0qEBRI3ssOY1nHO/Y43vta2vGc+9zHb755s7oG1v2aMYjybJs0ZREUSRFimAECRJETo1G51jdXdWVczj7+/HiLKw6p7pFezwEaWM/ePBUV506dc4+e6/wrnetFYlEQqEQVVQpFAo1Y5DfY1ISUD90C5g3bjRziIluEyq/WCziHsvlsun26V5wfo/H4/f7A4FAMBj0+/3QizabjdR8U9UlWWEnE4B5Y1yXYVoYwkAUhCU/jTaLXLduHVdXVv+d97gxCQJd12F+3hg3xod0rKLbisUitBeEKfwwbCcrPEhajcRiU3wSb1ar1Xg87na73W43tB3FvKHtrH0Tucjmqo7zuegk9Ce9Jmztx05CU0jT4XD4/X6l1NjY2IULFzKZTEtLy8DAQHd3d0tLS71ez2Qy0Gf1er1arcJHJM+JRwHxPmGSNHV8Gskg4NAoV4Q0pTTVMDvo66bAHn8c9HNSSqfT6fV6/X6/3+/3+XydnZ0Oh8PlclnLvtzQbddrAJOkx22tIiIajTN6bReN8TMel8Ob9FB5+IGH8m6MG+P9HMCUIBYJarNCcCbxB46GMKo1VqvVdDodj8dR4ApqiUI7wBI5GRgfwSGrVqsOh4NQR8hK+G2VSqVUKlWr1XK5XKlUIGfxP8BJ1ThwRxxvpP8xeMyJBqlAcvvIo8LZbDYb/qQTQs2gXpdguQc0UZqmuVyuXC5XqVSEEJVKxeVyeb3eUqkUjUZHRkYWFhb8fv/u3bs/+9nP2my2xcXFXC6XyWSWlpbgLOLCcIWYTNLT1Wo1l8tls9lMJrO8vJxKpcrlMq4nn88LIXw+n9vtdhoDric9Skwv/i8Wi6jbAsDW4XDgtxwOh8fjcbvdACc9Ho/P5/N6vR6Ph84JQBIPFM+lXq/ncjlgrVgVQgjwZRwOh8PhgObzeDwejycUCgUCAXL4rMuMryKaZ34YydWmUBnGDSVqGlYikmjsHmrCJK+52hSp4xYoAZKqGbXpmtMn5djY2PW+9xvjn9wwOSvCWLcm80sIUSwWl5eX0+l0LpeLxWK1Wi0cDns8Hk3TIPKghwCjLS8vJ5PJQqGQy+WKxSLEcSqVSqfTwB6hvarVaqlUgv4jB477aiSqeNybg4eCOXOm6LUpkm0CIelTkwfD3yFNRich/QeR7TIG3ocXBewOISuHw+F2uyuVytjYWCaT6e3t3bVrV09PT6VSWVpaSqfT5XK5Wq2GQiHoG9LH0ArgwiwuLs7OziaTyWq1arPZgsFgJBJpb2/v7OwMBAIulws6wG63l8vlXC5XLpdhBADJJD1Bsqher0cikdbWVpfLlU6nk8mkw+FobW2VUiLUB7VH+HAul8PTrNfrlUoll8vVajWHwwE96vV6g8FgMBiELqTQHZRltVqtVCoURgUplCgtTqfT7/d7vV6HwxGJRGjeoJJpKVp5NKaFcWO8l0GleUzwoUk38S0DKrJcv369CZbhx5FJYtpvdN4buu3GeJ8H8Thg0QvD44GQTSQSiUQimUwmk8l0Ol2tViG4IRxLpdLi4mI0Gk2n04lEApK6UCgUCgX4W9Be8APg58ERaWremdSSaKaZmoayuEIi5NCq5KwHkwKjy+BkB/yciRhNf/JOOtaUHtIruOUtW7Y88MADu3btCoVC+Xx+YWEhmUxCZJCILxaLLpfL5/NhrhKJxNzc3NzcXDKZdLlcXV1d69ev7+7uDofDTqezVCql0+lUKhWLxeLxeKFQgH+cz+eVUl6vl9xTk9MmhIDLNTMzc+XKlfvvv/+hhx5yOp1zc3PpdLqrqyscDieTydnZ2enp6WAwiIM1TXO73T6fD5dHp4XKhMkCHLVYLEI1CiGg4QKBAMKHxE/BF6FlEV6lp0auHgwCn88HcpDL5cLFQGU2XR58WHGyGwODY5J8hWPwhA0zEEI5AGKFxA61QjsbfHojB+DGeP8HuWi6rmcymbm5uYmJicXFxampKWCMgBlTqdTc3Nz8/Pzy8jLBjwAnAcEhHE21QigyBASMzHD8KN8FJmtPGG6ZMhrQcMCEa0caXHVxD8yk7UzMRjoJ/YR1b/Kfpj1PKtZ0O8ooAFapVOAGPfTQQx/96Ec9Hs/CwsLs7CyUEJH77Xa72+3GvDkcjkKhMD09PTIysry8HAwGN2/ePDg42N3d7fP5MpnM7OzsxMTE/Pw8SJXwdSD9nU4nBIvT6ZRSkgcsWMaCYCFDeNhPPfWU1+v9iZ/4iS1btuRyuaWlJSFEb2+vEKJWq42MjGiaVi6XoSO571UoFLLZrJQSKKsQwuPxhMNhOPEej8fr9brdbui5eDwei8WSyWSxWIR37nK5WlpaAoFAOBwOhULBYNDlchH3lWaY8GdcOb5IwTyv1wuMlOO3JlRsJc33T3ls2LCBwyGSBcVwgCkeQS/slIPJT2cyNk3ACD2DlWhXN8aN8V4GNAGiNaKRv4tBeoLWMdiJ8Xj8/Pnzb7311rvvvnvx4sVkMul2u9va2oQQ2Ww2n8/X63UwNaDkarUaUDhhMCPwWxxRpB/F2gYbkF+t1ei28vqklJB6gvH1+adNGfyk20zxNmGKHzT+OieJCUYmJMY8wD2AhKVSCdGvQqFgs9mQnUYwYGdn50MPPXTfffd1d3dfuXLlxIkTABIxD3CwpJTBYBCWQalUGh4ePnHihN/v37Zt26OPPtrf369p2uzs7Ojo6NGjRxcWFlpaWrq6uoBDKpZ4DgVQLBZxF/RipYEvwgHavHnz8PBwKpWCY+12u5PJZDab7ezszGQyoVAIHqHX68WcQIMKITweD9BLIQTCkMLgcwK3LJVK5XIZ9Eu73e71ejs6Ojo7O9vb21taWmw2WyaTmZ+fn56evnTpUiKRqNfrHR0dfX1969evD4fDAFGh8gEVlMtlTHilUpmdnQXsmcvlSqUSgFBN0/x+f3t7eyQScTqdFFil1Whdb/801Z5VGcnGAJvGurhJltTRwJNsGueUjfn/JphlfHz8et/7jfFhHcQUoDi/NNgTFLTAn9VqdXJy8rXXXnvhhRdOnDixvLwMFQVKG63JQqGAGJI0+CAU9uArnAfGTGEw0egbicboHb2gKsaksUwaiL+DwyDd6OcoQEU1lFeZIr51TbilCS8lxIYEJRyIarWKOFM2mwU8m8vlWltb77777gcffHDDhg2ZTObixYvRaBTuBTwSj8djs9ny+bzL5ers7Ewmk2+88cbFixf9fv/hw4d3797t9/srlcrQ0NCJEycWFxe7u7v7+/sx/4LxNegGrbP9XobdboebuLS09Prrr990002PPPJIW1tbNpudnZ2VUsK0TyaTU1NT+XxeMoKoyU+VLP+Pnh0Up1Iql8tRkhz4L+l0OpPJoOO53W4PhUL9/f1btmzp7OwslUqxWOzSpUvnzp1TSu3atWvz5s2hUMjpdIJV63A4AAAEAoFarZbJZBB3hCKURg4DYeBOpzMYDLa1tbW2tvr9frjsxEn5J+vSEbJo1USimc6iXdAQb+OxBH7cSpiklPKGbrsx/mcGnCd6TUERXddTqdTJkyePHTt2+vTpoaGhZDKJ9RkMBoUQhUIBVEb4fECxUMiD51QJC1fNqh5WMo2tzWI4Ss+NPNlI7uA3CD+AEx2536aMnAF+PP9FMuet4JVoBt/hh4ifCdAPjES3253P58GI2bVr1+OPP759+/Z8Ph+NRuHsIs2O3EFN0xAGK5VKo6Ojly5dcrvde/fu3bx5c2tray6XO3r06Pz8vKZpHR0dfr9fCAGpDS/ZVOeBHrEpuv/eh8vlklK+9NJLUsrHHnts27ZtIGpGo9He3t6WlpZCoTA1NZVIJAiWFM10G9xxU14g0Ub4qqCrRbgOd1Sr1ZCAiBXY1ta2d+/edevWxWKxs2fPjoyMBIPB2267bf369S6Xa2lp6Wr9JynRMx1+qmIleRHkQ8EXRIgjkQishEgkwqmV/zR124YNG4QlQKYsGfd8g1w9gHQbV4BWkiQNfli9Xr+R33Zj/L0HdzWw7RcXF4eGho4fP37mzJmJiYmlpaVCoUABeRITorFwKvkHwIV4PWLyzEw7gQ+TT8bfN4lma96V9TDJskeFQSgnfoTpxkmGms5jOj9pOJPbZ7o2Umn4UXBD4BcCivT5fA8//PBdd90ViUQSicTy8nI+n0c6GgC0er2ez+fdbndLS0uxWJyYmBgfHy+VSgMDA3v37u3q6srlchcuXDh//rzL5YpEIh6PBwAvEh745AuLodAUFnovAzcL1/P8+fOjo6N333334cOHUR5ldnbWZrNt2LBB1/V0Oj06OprL5USzkAp/k/Na+bRzz94qT4VFx+Tz+VQqVSqVNE1ra2vbtm1bIBA4e/bslStX1q1bd//99/t8PoDk/EaUUrSeiRGKvurQcCD0rl+/vq+vz+VymYK4/6QGIYvWpE+8kKw9KU/9vKbbTEqPkBxTV1OuNuUNnuSNwcYqagORLV5+EEuoXC4vLS2Nj4+/++67aMgJwj2kLTa8xtpME54jWPlg+i3eL9dUzoNfW1NHzfomYfeEHEIM0TErOX+EE0qjQxvPxqOTcABWNFOlTZUczHyaAUTC4CfV63UUMiZqBoJqUsrt27d/5CMfueuuu9Lp9NLSUjweLxaLdHdCCBSB1HXd5/NVq9Xjx4/PzMy0trYeOHBg3bp19Xp9enp6eHh4fn4eWdvQH5QHTZU+yF3DNXOhQ3Zz08Wzkg0NBBWCKBAIJBKJY8eO9ff3f+ITn+jr68vn88jc2LhxI67/4sWLc3NzWD/cgDAV9zL5waZQi3Vh44QIpwEPx4XhWWDCi8XiwsJCpVLZvn37rbfeeuHChYsXL3q93jvvvHP9+vX0LDAAWtLvVqtVTWo2zS6F1Ot6qVzM5rM2m9a3pn/Dpo1er1fTpFK6UFJKTUkJzawpabdp/7i9ufXr15ueFC0Yer9pQrdcu3ZtUxCcY/cm0FKyeN0NTPLGwMCeN9HZhcEHITsJUqBQKIyNjZ0+ffrVV1+9cuVKNBqlSvZcfHPTm0pYcelp9XJEM7ElGssRmIZVRZmAKX4Z3LbTGttHWVURUsc0o9G2FR+z/pz1PBQ5U0ZCNMGw8M+UUkDhAMkCRYQjFYlE9u3b9+ijj/b19U1NTcXj8VQqVa1WwbaAXkRzVFgSmUzmrbfeWl5evv322/fs2RMOh+fn5y9fvjw9PS2E6Ozs9Pv92Wy2WCyiEc9Kw+SkNn290hcxqxSlA6CKTGohRKVSeeutt3Rd//jHP37o0CHkIM7OzoZCoc7OTk3TEokE+CY824wb6yYdZlokK132SldO5FvoOY/HUy6Xp6enp6en+/v7P/rRjxaLxddee00IcejQoS1btgAchkudy+VCoZCu68imqNd1oQub5lBKSSmE1HO5bCK1HG5r3bpzWygQ8DjdNqnV6gDc7VIJTRdCKbv9H7M/RzxJ2VjukcBF0Wiy0AGSN603DdpRVw+1wP3ihm67MYzBy+ZKFrEHcbxcLtdqtWQy+frrrz/zzDPnzp0rlUqwx+PxuMPhaG9vt9ls2Wy2Xq97vV6bzQY6g7I0bbEqgKZqw/S+Fc8xeWxWDQdHUxrxPwrhUHUPazo216B2u53SDMBqkc2YkKZrw/v8zKZP4SFRnZFSqeR2u4PBYDqdzufzra2tCAV1d3cfPnz4Ix/5SCgUunLlysTEhFLK6XTW63WHw1EsFv1+v9vtTqfTTqezvb19ZGTkRz/6ka7rn/jEJ7Zt26aUmpmZeeuttzKZTCAQCAQCSGKj5EKxKrrIQSAaqys27lqRlyyMJjvIO3Q6nYFA4OLFi1NTU7fddttP/MRP4JIWFhbK5fKGDRtgSF26dGliYkJKieauyAQghtFKy2AlHbw6lFoul4VR7IbK2SDRbWlp6eTJkz6f77HHHnM6nW+99VapVDp8+PD27dthfLhcLlB7AoFAuVyu15WuhKbZHA67rtd1vW63adVyJb68lM1kbt69Z926dW6vTwhNCKV0UavXlRJOl13+o/bcTH4b3+Am6NuEzVzVbbJZBWST8dvUvbuBSd4YGJT2S8sG+9xms73++uvf+ta3jh8/Dkwmm80C0VJKgUJGsQeq1kjFcUy1hgmhwo82laEYpjdXKgsiVvaieK1wfloirVnxQ3IOgBOSyOPdzpqqN9N5TE6h6bJxMKpMCaMAP14UCoW77777k5/85JYtW1Kp1JUrV0DPw7dqtVp7e3s6naYoYL1eP3PmzPHjx/v7+z//+c8Hg8Fqtfrmm2++8sorXV1dra2t0Aperxd+BiwPcNxXoXdan8sqRga9TwgzfxYmSojL5Zqdnb1w4cK6dev++T//5+FwGAGqqampvr4+JGvHYrHz588nEgmyLZRB/6lWq5RwYr3glZbQKn4bYAaQKqWUPp8PBgdY/ul02uv1vv3223a7/ZFHHunt7X3mmWfGx8d/7ud+7s477yyXy+l02uPx4AnaHQ5pt5Ur9Xq97nI6RF0vFHM+lyfk8uay2ZmZmZb2tsEtW9raO+yaXSghbELXVEUXLrsUQvxj1W+Uu81DoU07WpisEDkwMCAsa5Fvcit3iJ/oRu72jYFBmslms+VyuaGhoR/+8IdHjx5dXFxUSuVyOZD0QAxDvSKQ/kmNoZIhlW1cyUWjF6u4a9bL41rKqsasbwohqOA9eRLKKPUL183qtNE7EHnIBqOwllWBSSOexNUePy0vlWn6CICnECKTySSTyXA4/LGPfezBBx9EmtfS0lImkyE3i2pLAikNBoMLCwvvvvtuPB7funXr3r17u7u7l5eXX3755fPnz69bt66rqwu1MYUlVIaTmLpfrT5+LBQpGOeTrpacdZvNBtBV13VoglOnTkkpP//5z+/atQuk/9HR0VAo1NHRIaUsl8tDQ0OTk5PKoPNIS03Cpiix+Dv6mpgcWHVYz4VCAVkEmUwGICpssnw+PzU1pWnaoUOHWltbn3766VAo9Oijj+7atQtVBdxut5KiXtelZpNS1ipVJYTL7dLLVZErOe12zeNazmUcfs/atQPtwbBdF7omy06tLnWPsNn+Ues22teEQ64SLBOUvWPtTUqD5wZx140viBt+2z++wV0TU6cPjglA0vGipQsLC6dOnXrjjTdOnjy5sLAghKhUKqlUivff4mY4eWbcPzMpmNWRIgyS+9Z6kib1YzreeoBsrBJCPiKl3ElLiSz+mg6m+BB0G9WVl41DWNgNJh2JPYivk5bFU4CKzeVyHR0dH/3oRw8fPiyEQBEWlLsEjQU7FxxIpVRbW1ssFjty5EitVtu9e/eePXt8Pt/s7OyJEycADre2tlI0kes2ukHV2OnURMRYxbxYfZia8hBFHsYQylzRp8PDw8lk8sEHH3zwwQeLxaLX6z1z5kytVuvr6wsEAkKIqamps2fPptNptC/Ag0MPWPn3glJXuaOV1CGgbIfDAbjC6XTOzMxMTExs2bLl0UcfvXz58t/+7d/CHAkGg1dbI9WgcUVd6XaXU9i0eqkSrGl6vV6yi7JLK8paNpVaE4jsWj+ou50lr6Mq9KBw2IWUTLtZdfaHdxDb0UQNs+Z4mPy2a3mvdARJNPqyqWcEvbhRl+Qf65AMjhaNkSRpxJ8gXguFwvDwMBLRrly5ggSder2ezWaz2SzgLEpbJtCJylvQQjSR2lVjrRA+TGKU3lSWOqgm7bWSbmvqTpnOI43aH01VGn8Hchmeh2IMLtJY0jL4/pQMjYTJD7EOLUUVwiCjUfVx7969uq5PTEwsLy9XKhXwA1HbiejmSqlwOLy0tPSNb3yjUqnccccdt9xyi8PhGBoaOn36NAXVPB6Pruv5fB7BQsmaQNJ1UgIc3rcKkL/fkuPlLk1PnxOIkK5nt9tzudzk5CSQgEKh0NPTMz09TUIwEol0dnYCpIWRQWbKKlAqX2D89SqY5EpfFAbZB2FjPMrW1tZoNPraa69NTk4+8MADf/RHf/Q3f/M3v/d7v/cTP/ET+/btc7vcmhCa0IRN1qWtrslstWRXyuly1kp1zS6qquwL+aLTyy/86KXYmk2HP/0Jl8PutLuk0JSyKaGkZUn/IxhWb5s7bfx9rqGUUnZhWY74sqmUddPnd6PP+j/KwV0WSGpE7Ok1aq5PT08fOXLkpZdempqawjYulUog0cFG7urqQjdOqv+EM3D4kZtNsjHnpGkMX1pwReun70Wx0TsmlWP6Ra2x7rBJFa3065zZbypZIprpNmsBFG5bhMNh1LlALcRisejz+e6+++777rtvcHAQGe5o+KKUAgHS6XRWKhWUfUJoLZVKvfDCC8vLy4899tjg4KDb7T579uzx48fz+XxLS0t7e7uUEo8VxwshYKNYhcNKj0ZYMKK/9/IzKXv4PVgbUN4o/xiPx9PpdDgcpjpbhUIBvXJ8Pl9ra+vCwsLy8jLyxpRSqABics6sl7oSPNB0ND2PMqp0UrXMYrEI1k9vby+SFp5++ul33nnni1/8YjQa/e53v3vy5MlPffKT69eur9f1ar1W0evSbre73HquWC6X7XpdKuGxSVUqbmhrVdJ+4i++qY9P3PNLX/B0tSubTcl/tKLYCmyQhuLH8Md61dJt2geA4Efd0phUNlZnuMGT/Mc3lFHwVxjFfij/Nx6Pj4yMPPfcc2+88UaxWATekk6nwW+kqvAoUwsyBZwz7uvTOeEGmTBJnjDQVDMJC/XJ6mmJFXSbVcNxf5Ffp2kXCAuvoakDBzQSThuP1SmWM9DU21vpOimcgynt6uq67bbb7rnnnkgksrCwEI1GQR8H5MhLipB/k8lk3njjjfn5+U996lMHDx5cWFiYnJx87rnn6vV6T08PniBhxWT/wrKBx8OtDZMEN1kYNG9/D7+B48l0EmIPwQEC0ApocWRkpFqt/uzP/uy+ffsKhUK5XJ6amkKZx2Aw6HA4FhcXz549OzY2hoIgK4XWrP/z2/mxl226ff4RrD08CyklNGupVLp8+fLc3NzGjRvRM+iTn/zkwYMHn3nmmQsXLtx64LaHH36ktaM9Uy6kq0XN57ZV6l15FbDbizY9L8sOhxYsV5dfOzH+/SP5Qkbvjzz+v/+m5+Z9wu4SUkghhRJCGP8Zl8YuUQghP1yhOeRuW58dXyqiMdiGN6/6bbznhTA2vKmIGX/x91u+N8YHdlBsADXuqHQ9FsrCwsKbb7755JNPvvvuu6h6J4SIx+PJZBK07EgkwnEDyrXiFR3xQ7y8AmHaqlkFHBP3nX9kjczxA5r6YSYPyaQdSZNxzQpwTzd6k/IKjaLR4aNiHCSOJcuJFkKY0vVMig0KRhkpB9A08FFAhV9eXh4YGPjc5z53xx13VCqVqamp4eFhXdeDwSCEJk0meHpOpzMcDk9OTr744otKqU996lObN292OBw/+MEPjh49Cu8BVafhTCPp0GTFCoP7agIJJSu8wsUKP2wlRKdpHIg/CF4pgugkUkrUtMT6hBXl8XgSiUQ0GgVzEhX6s9msy+VCbh9SI8BDwWr0er35fF5jXUP542gKRa50/aaFyuk2NCdIWhBCIGxJ/MxgMDg5ORmNRvv6+tasWfPss88eO3bsiSee2LFtx9NPPT105tI//xc/M7B1fdDtKlcKWrUmXN5UqVSp2arSbne5lUd39bQHekOes9PBs9GX/tWv7fyD3++5616Hw10p1WRd06QmnKIsajW97nLabKJuV0ooTQhNCNZP/EMivzVWCtn0pmiGstAzvTrdVnPYhHfLZslx/zPIw41x3QdkIi9XSIIJSwekg+9+97uXL1+G5nM6nel0em5urlKpeDyetrY2LrWVUSiEE+qgIVa6hh8bqF9prKTY+KfCoudMx6jGHHA+D9yJFBYapBVKlay/Gulvq9XYVO+ikbdivcqKxSJ82Vwut3///ocffnjjxo2lUgmcfkhwKWUqlYpEIvBjwEcQQoTD4Wg0+uSTT77++ut2u/3+++8PBoNDQ0N//dd/7ff7I5EIiP4gqeJh0TPiCJvJhTUVqRLMw7Y+xJUi8VxImUAkzdJnjiaZWDlIDsEFg8WK4siBQMDn8+Vyufn5eSFEb28vWkB0dHQEAoFYLIaIY6lUIsZKU3DVpNrFe/DqJGNgCqbv8Q62mDIqj9hsNnQkCAaDxWIxEAhEo1HkJv75n//5fXff9+nHPnX61On/9//7H3fetvvjn3ykNRxQuqhV6nan22V31WvV5XTJHnS7OttlR1j3OLrdblmq/vkv/+Yjv/O/73noIZs/UFdK2ESlVtelcLqcQtSkEkIpgYuXQkmhCyGNfx/8QdPLp9qa2WZ6reu63fp0TT67MJSkaQVwyOjG+DAObHjJolxKKQgIGPgzMzMQf2Dw5/P5Wq0WCATcbjdaJ2P3UlF80SwS82OL3PMvCgvfybTGVkcaRaPy4Ic1jWnRm6ZYGocfpWUIw0LUGjulaUZBZDIXOJHd5KsJttcIJsEXy+VyuVz2+Xw7d+588MEHe3t7c7nc5cuXqaM0YksUikPH51Kp1NbWFo1Gv/nNb164cCGfz+OE586dQyOxrq4uIUS5XEYrarh3oCBWKhUAd7QYmj4m68MyfWQ1ka1PXDRqBfqIl8xuGiXhiBNCWQ6HIx6P5/N59KDx+/1tbW2orA88tq2traWlZW5ujldutC5I69VaJdtKPhznJVgPI1deKQXd7HK5vF5vZ2fn5OTk2NhYa2srrbdXX39trHv89ltv61zX8/xrL5y7cPoXf+5n9u/eJ/K1bCovHJrNYXc4VbGmOwOhju07p2ajwxMzazu77y/Xn/utf5tbmL/1J59wtbTVNZfmsAuhdF05NbsmlKgrIZSwaXUpdInUuA+HYjM9jqYvSBNxk1TTtAbdZrKqpKXgLFlwtG+v913fGP9Tgx5loVC4ePHi22+//cYbbwwNDaEsUKVSQSlY5N+EQiEumgGjCWN5EXZHSCYXSSuZQbTwmuon/if/tKluM52BKxLZWDFENOozwVwQ/Iky0MW5AACAAElEQVSAGXS2NcmaXpscF8ppM/0KnxnRzHWDpLbb7cViMZvNtra2Hjx48O677167du3i4uK5c+fy+TzOjGgTNQMCwEVO25/92Z8dP368VCoh2Ob3+zVNQ5iqp6dneXk5EAjAI0RpxGKxCEqk3W4HWGf1U+nJYnCtxp2zppLdOkwSxqojm54NeClJHlwPUIR4PJ5IJAYGBtLptDDCk3DvlFLo6gf9XavVPB5P08R/qzZtuvaa+m384cpGFgyfKJpG4MxoLgjTEHmKtVrN5/POR2efee6Zrv7uoM9/4tSJ//03f/uJT37m0cMPt4Tbs6VKoVypOWS5WpMOrXX7dllXwy+8dOrK2CZ/+M7Ozrf/y58Xl5Zu++efb9k8WFEOJWw2aZNKSgUfDaE2IT5UWo0/JnK4eWxYmOojG9tK13U7vRIWp40bSoJZWxproHdjfEAG32km/4BwJxyJgLwQQtO0ZDJ56dKlN99887XXXpuZmUFGlK7r09PTKDyB9sTEaKC+1ZBrJOCodQv9Il2GVXZY1ZhpNJUsK8GMVpUmmmnHpprP9D59yunBVGpLsDKS5GORqCWnTTCmMp2B9o5kCTZUtcThcJRKpWq12tPTc9ddd916660+n29+fv6tt96qVCow7anUBbKY8dOIzEkpn3zyyR/84AdQZvhfGMYHBDpSiefn530+Hy4GxSFxX8gWgPyFbiAfER4edRal6jC4KaoBLZj0gZMkLMrAKvqbYn3SEv7Anwjf0gNCTDebzc7MzHR3dyujFgyaG3i9Xsx8a2sryl+hRJkpRkjnX2WJ8muwuqS0EUyZ7Nz0J1xEGgVlOjo6JicnFxYWdu3aVSqVEolEsVgsl8t6rS6FXEwsdvf1fPZTj+/Ytr01FBmfnJnRFsLtHf6WiM1p14WWrZbruuq8ec8dAwMXnn3uwisvb23rvEvrPfO17+ix9K3/6meCWzfX7U670yeUrEuh24VU0qaEpoQSqIqgCfnhqELJH5lszMFvqtXoCdrJXOVWzCq538LI2xDvwUy7Md6fAZFETgPRDk2Zv6VSyefz2e32bDY7OTn57LPPvvnmm7Ozs7quoyf14uJiLpeDwev3++mExAWv1+tImeIxc5M6oUqA9BVekkO8B93GP1rJh+PKiYPnVq/OdLDpT84foWIoQgilFIgAglUrJk+FoowEaTiMoZSCnjDNEsW0UC2zXC6DROdyuaLR6E033fTwww/v3r1bKTU5OZlIJBwOB7qJJhIJu93u8/lQlxJmPhRMLpd77bXXnn766WQy2d3dXSgUcKlkcCilKpVKNpv1+/3FYrG7u3vnzp2bNm3y+Xykq4gSSfqYCnlgXYHCnsvlcrlcKpWKx+OxWCydThcKBQCkXq+X2rZpmgYvU6wglUwMNdMxYgX0T2tsH4EVLqXMZrOJRMLr9aKHOGqyKIOCb7fbI5EIYElEJfFMm3pgq78jGikzpseKiaJFBVPA4/EgrimEQNt3OGqYSaVUIpE4d+5coVBobW1ta2vr7e0d3DS4aePGjq6OQCgoNE3pShM22aZq1drsfDSRS0U62jwBv8vt0TS5VC46fP7dP/lEZFP3yA9e3K557u/ZcvyNU+84HQd+/qfadu3Q9YquuWpCloWwC+G7CkxKXepS6PJDEnEz6Sa8CbvBhAbz/a6UuhZDpjXHw+Bc7ZGqkxYK5Y1xfQeo59hgQgg0VRFGCxIIRBwzPj7+5JNPPv/88zMzM36/H5T9RCIxNjZWKpW8Xm9bW5s0KAYkQci558UjTHANuS+0yKhu8ipXbsVwaKyi21Z606poTXrUpPyUUfQSHDyOe1BNKbpCOLUmh0M2htnIJzM9AgoRCSFA20NlMiHE3r17f+M3fmPbtm2ogpjNZkOhEIrnFgoFIURbWxs4jfgWLMtqtXrixInvfve78/Pz4XC4s7MTPPhwOIyfIJtGGCyM7du3Hzx4MJlMTk5OknkKKQwfSFiKjHA16XQ6/X5/e3v7tm3b8N1MJlOtVsfGxi5cuJBOp5GHADVv4pJYsUerz2062PQVnNk07UgyicfjMCZwnS6XC8EtWGYej6erq2tkZKRUKnHmqukXV0fOTRuBrzpqkIsfpapyoGsiuoam2zMzM0tLS4lEAgHCcDi8bdu27du3b9y4cfv27ZFIRNd1oYRQqlavlwoladOkzaFpwmF3uNyu7bu2JZOJpaUlVSm7WlrKStlsDk9r+Epstv/euzZt2zXz1afbKtpdsv/NM8Pn/+Z7+5yu8NYtdVFXwq4JwXiruiak+FCJbm7WkGzhDEf+UK5tWMGsKtOj5d2wTDJoJQvrxrgug4QySSgk02DX5fP506dPHzly5Nlnn81kMojZBIPBWCyGJCGPxxOJREg7ArTku10ZkXBltMY24UWKcSVIUkDAwW/DwXzZrCRHVlFmopm6EisISlN8a6WTkBICcVxjTWQgT7ELdNYnRTBYzJQeRz9NaCQqC0PbIYQJ76ezs/Nf/It/cc8999RqteXl5RdeeAFuR2traz6fL5fLbrcbjmAymfT7/V6vt1qttrS0oLna9773vbGxMRQTkVIi2tTZ2bm0tETJbaBfYgGsWbPmsccey+fzcMp5Y25qKUAPVBkFUDgRRtf1bDabTCYpZOV0OovFYktLy8MPP4zyNGNjY1T40TTnTY0Yk1fXNMzBMU8OSeExVatVAA9ut5uKfKbTafhJwBja29udTmculwsEAmoFLsnqa1I1dgjjDgReIGwGTQaAJJPJLC8vx2KxVCqFzej1ent7e2+55ZaNGzeuX78erRWgnpVSaIvhtNtsmmazaUKzKZtNaba6FErThazmC+WWkC/g6oktxmIz05G2dmcolC2W3cGORKXo7u5r/9yjk68eU+OzG4Ktw68cK+Ty9/7Sz3pvGrRpyq0cUgmhhFC6UkIXuhQfprZvJoEjGxnOgjltXItda98nLMBl0yV1Q6t9MAc5GSirDwrZ8PDw0aNHX3nllVgsBn8CCFixWETmtc/nA4sBzALufwhDZXKEk56+qXqIYF4RnYQaaEHEiGayw2TgWxHFprpNNsvdlo31C/i0yMZCVnzQF6Hh8A7KBAOpQ8fLcrlMwR5hxBc5OOZ0Ol0uF/53u90oecUbk6ZSqWQy6XK5du3adc8992zcuBEJyMvLy9VqFU8BBaIQEsN2q9VqkUgE9JBIJHL27Nkf/vCHJ0+eBDNCGenVcChTqRR+rlQqwWvBhHR0dBw6dKizs3NkZAQqk1OoCYmlimi0BuiJU48eHIbgENRYuVyOx+M+n+/mm2/euHHj0NDQ5cuXfT4ffzp8kcjGtAGSU6YyE/yhcwCJfDisNITcQBVBThuKKdOv2Gy2lpYWn88Xj8eF4dGa1qEp2GYd1OSIFgznTEGZJRKJdDqdTqeLxSLwyVAoFAwGN2/evG7duoGBgba2tkAgQDVfPB4PyoH6fD7ci91u16TUpLDb7ErKmpDCbrM7nVIqvVax2+3latltt69b27+8nJifnQ2VKv0b1mez2XK68vrMyMCGNe0fu7v42rve2aXu/q6C05m6eMnb3y1cPk1oQtqETRihAk1KqT5cvhuzhKiyhGwWwb3mt5msYL7yTGfhP6Bu5G7/Lxt8m5ksSitQJo2QD7SapmnZbPbUqVOvvPLK2bNn0fMTnbey2WwqlUJIBo4a70cjjMdNoTKqqUHkEaq9KxtJ8/AAgJsB7LLZbPV6HYUQ3W43JCBgItDDODEBtZ0AmVITAGGQFbldheOpsgnNAJ8Kei1ZLE00MtmIKwG6BEQnZ9ARewLdJhH3ohhSvV7P5/NIV0LkDKgvgM1qtYrK9IIhJ2vXrr3vvvtuvfXWtWvXejyeWCx24sQJMiaEEC6XC2KXInaUwV2r1YCqff/73z916lQ2myX9hP+heCg1WDdqWEspMbdbt27dvn17NpvlhRlp0JzzIKJp0gQzfKHpod4WFxdxgzCVurq62traQqHQsWPHoKGpUrDJtaXlbcqRMD1TDFO1QAJUhRDlchnBv0gkgqtCXgTF5/BcBgcH4VNSW1du0/N8RNpxPN+OZgk1z6BKC4VCNpstFApkNYZCoQ0bNrS1tXV3d/f390O3oQ8RMA9YDNLok26z2ZDOATeU1q2QUpPSpWlSCFGpKKHbpRS6sNlcFaVX63q4q8sVDo+Mjk68Mh4OBoIex+CmjYFAn62qu293z7/zunb5nCeeyVeyWa8vfMch5XbVXVpJ6UrVvMKh1YWQH5o8AO4ic9SEWDxWd+tqwQTTYjIhUSbBccNdez8H90K4DlONaRi6rmcymbGxsenp6Zdeeumdd95Bow2ornK5vLCwkM1mkeQUDAbJg0EVV/o5ydKTTeIPchafktwnZwiKTTe6d5INjsgHlesFzY8no1BdDOr5ybEsMpYFi1oppeDiUJSLr2yE6/nskesJ4VKtVtEWkqQe5R4JIdAjG4ExwHrCiLUgtw+5U+hhJoyAIk6Fco5An5Ai7XA41qxZc8cdd9x8883d3d21Wi0ej4+Pj2ezWSEEphQ/DSUEyx1i1+v1apoGcn+5XP7GN77x4osvJhIJnFkpheuBzMUVcr6PNMon2u32lpaW/v5+pdTS0lKpVCKLwZS2wdPySOdJI7KuNRYiwf0C5cOVoDq2lLK9vf22224rFArvvvsuSvLTbxFFxbq2rcpspe0gDFlEKDG0LC7Y4XBks1koHo/HA26L3+9vbW0l0gfdEVYjwHYKMIM7w00fwm/R1hUgs91ub29v37p1azAYbG9v7+zsDAaDaEkKpLRcLoNLAoVKGAaHELiNyIfJO6R0dSmlJm2VSmUuGo3FYvF4XOn69ps293d2Vkr1cjGfrVb8PS2tB3YpVfZMzqq8vvz2Gbcv4jx4e1koXUq7dEhdqnr9QwRJkrig1yuln5FRghm202Lii8ykKlcKtt1Qdf8rBj1LjsNwxh2eXKFQWFpaAoP/1VdfHRkZQcHc9vZ2n89XrVbj8TilpoXDYc76w4YhG9ZEVibHCFudWOCCWc2ExtDBJArhKwiWJQYPAwfzxs1w13AGBOGVQdXTGqtU8IVHJHhIWOTw4qZgsNOVkDbSGyvWk5CFciW5Bi0FRzOXy6G2BUxygF2IjlA7SsgsUuQgl3Z1dXV1dUkpw+Hw7t27l5aW4vH4zMwMYcUU7tKMVjjgI2BmXC5XqVTK5/PBYDAQCJw9e/a///f/Pjs729raGg6HMQPc1+SuMx4iphqYKrBBpVQikcjlcrquozaHNOJVNM9NkTrSAbz6MywVpEt7PB6kfuOSQKdsbW3dv3//hQsXUB0Y7jitZ43ls3OHbJW9QBdj6oGHmsjLy8vpdBq9WHEx+XweDpbT6czn8+l0emxsbH5+Ho8Vax56C4vBbgw8Ha/X6/f7ETzDU8Cj9/l8gUAA/co5KI3/YfTQCvT7/QAeSYMqlvhBt2CN1xIpFyuTPHubzba8vByNRpPJpFKqo6Nj27ZtlXLF7fFVa9pyKhHuaM1lcvmq7FnbG6zvT1e0+NmLMjkkvN7+7Rtla5dL1+y6lFIXDik0Ja4mvn3Qh2pkFZnWhtbYE0Cx9hTX6iHprJMF/4JutIPjclawWP2N8Q87eLBaspADSAderzcejz/11FN//dd/fe7cOY/HEwgEUAcduzGbzc7OzmqaFg6Hw+Ew7T0UqiD1A9+Fw320CTmDnyN70qDOkt9ms9l8Ph92OxlTfKPihLxZkgl94uRbk+XEaZk0LRT5I/IhqmwQ2Zq+KBjwAC0ijAIQEGFutxuZD0S+ICsev4gTErkf/Xo8Ho/X621tbXW73e3t7a2trX6/HzWfgK+WSiW0Xzl9+jRahoLQQRPC9QquHz4fLqZQKPj9fr/fPzIy8ld/9VdHjx7t6OgIh8PA96BFIO8oW4sbQ0KIfD6PWviIGsJfxz3yaBOWgWiMIPIhWJ4sfogvknK5jFz+XC5nt9uxnEj3+P3+9evXDw8Pa5oGLUtOMBfifIVzL5kMLNwUXDGqKgIFhkVYKBRKpdL//X//38hDBw3K6XTCPnC5XPCoQqHQpk2benp6IMF8Pl8kEgmFQijpgiVBSZ9k81EkkuYWN57L5eiZ0tK12WzQeaTGAMtj7Xk8Hsmis9QsSTRqOMwzncHtdgshkslkLBabmpoql8ugqvb19XV0dNTr9eX48uzsvNZt94TCsVpSBoRbOvPFmqdvTfg+v83uzp0+Fz9/qfTm0W2PPCpqLiGFsgldGuDe9ZZ172Vwd0u39CbVGxswcdNHrlu3TjQC3FywcujZdAB+40YfgFWGasYNE2wChQVp4UYKWOCoso/0HcD0CF8NDw8///zzb7zxRiwWg6BEcAjch3w+j/QjOht8AmnUdkKARxltMyn6BdmB6q40TFoH4oOq/EHQmNBwjnCaCLd8/WmN/QZ1NoRRe0Iz2uLAOSD7GiqhVCoVCgXcFNwU3AhJH70xj5gMNafTCfWGX0H5XWRr+f1+j8cTCoXgqDmNgXOixwpmT0oJRwFSDJOZSqWOHDmyd+/eHTt2IPsKkKMyGiyQNCSFCvxWSun3+xcXF1988cUf/ehH9XodUSuu43EvhUIBJT3hjlNes2ZUqUZJLbwul8uo89Tb20t3jRvBMZDv8CpA3sP7OBtmG5MDtRGLxRYWFuAnUfxJ13Wn04kg09zcHDxFIIGwPHQjIwXKCf49efO0iriHB41LfjMeOvxjmBR+vx+XCr8KbiJxo8DCb21txfKgyK5oDM8IC//WtG1NmKGysOr4yqdlJphpKJjxgWkvFovY0egAJYw+70IIj8eDOG40Gh0eHo7H4/Aju7u7BwYGIpGIpmkG3Ukkk2mfLxzuDKVqcU3qnorDXXdJm8tnt0UWFjNH3xwdulDoiDzwhZ+x922WIU9elIVdc9jsdiG1D4N2oz4AJrMYg4ctaHdfBcDRd5s/IeJKWVUij/riXBMTE9f73j+4Q7E0KXqHXvOHhA1P9DPIa6LqESUdiD+Oh3QWQqRSqdnZ2fPnz8/Pz8/Pz4NTBw+DhBRENozoWq2GsE0oFPJ6vQToEVWE5K9gNbSExaMiEAzHUOkKE7XSBDpxHUYYAMUzCORE59JcLpfJZKA2KMwGWQkGB8QioaCZTIafHxoOdHDIZa/XSxIQ72N6gZuRy4I/CXeSLJEZDgQqFupGQiH5Yegpc+LEiVwud/jwYZfLRTY4yTUpJQQ9fh0Um1qthmq/r7322nPPPTc/Px8MBv1+P3dfhCEfoemhL2kzc79KSolLBZMQM8YXnmJDMHOW/29dqIq1SsD00mqhRmW4WWggAmxJU+IjTD5sCJ/PB8gBaDDegaNJaCGZFFpjXgf342kpUviwWCwCkw8GgyCYYJIJXec3yE/bdIcKi6ozbXY6g8nC48eQnqNYqWRxZezWfD4/MTExPT29vLys63ogEGhvbw+FQgMDA2hrACPg6o9q2uJSXGm27v6ucj3t1DR7zWHTnbqya5rW4lSuxOKVI6+c/M4PDtx/ePdv/JrWEq5oWl1Ih5QO7cMBu5GG0hpr//MGUiaLGZ/aRSOgKSwYt2h0Kbjlcr3v+kMwTAYBPQlIZOgwqDEyY8lohVQC8IKzwbylAlcI+XR0dKxZs+bw4cO5XA6sLdKFUIGaUXtCNlbf4HYo7RZcA0WkrEM0VgrgkSq6a5OspF7btLdFI/QqViidRQApORYm2UEmG2Q9eCJoywmlIpgbR34APQuNVdXixTjoGUF3UkyOX55mZMKRLoc/PTs7m0gkDh48GAgEwBTFr1B/Frh9XFcB83zzzTeff/750dFRn8+3du3aWq3G+X5cZ5MFYAJnoGjhDeB+cRICQukkfIma1JupkRvHGITBG8IMoIcL+Dgg5vj9/paWljVr1mzbto2sJdJk0HbCMAUkK1crLUm4fIlSWJGSSehR4mCNVQygibXb7YFAIJPJwHV2u9281wxfbNbXq2i1Vd40KcimKhDvQ3lDCODastksVFo0Gq1UKj6fD0XRWltb+/r6KDMP61xjtWOk0PVqxVGvq5pTs2l1JZUmpZK6FPG67m6NbH3kwUC5evbMaf+bPxy4625bsFuakbgP+qAlSnC6xnIwBNNKgmkxu9Wspu9T1qoVUhON4NKNsdKg5Y7wBsD6XC53tXwcyxsjqUrAIBkm9ES8Xi9ZsrDygLRUKhWk7+CwYrFowhhJRnDdyVnvohG1IzDT9JFk1US5qiOCgGiM60oWvuWiR6xqSNGbcEwhtaHUeWMwiAbibfJqgYRNXRMBxhBGqSS6EWgLeLSkzyh2SLuIY1lQaTAdMCDcZ2dnx8fH+/r6+vv7y+Uy/RbXHASOgXRns9nm5uaeeuqpd999t1arhUIhNCuHziN2qGm2MQNQKsqI0OAAKFHoRfimOBJkdM4NwVoifQ8DBZl5ysiP9ng88GIpQkkrMBQK4VNygsnZohwvaD6K79JSAaJLx5tQO261wBrAYXwN01qVjckeGPgWXMCFhYVcLtfX18cJiqaVZlqN/DCxspayfmQ9TLPUmRQM2E+n08PDw7Ozs7FYDPTmYDAIR9blckUikc7OTq/XSwFIiyGi+ey2Wrnk0VVVOqrSJqTu1KQQUklNsztsDk13uLvuuuXl0Xef/PZ/++W9u8KBrrIuhBBS+5AE3BrZi3wXK0tmJB/X/DZlibGRerQiaXpj+5x/CkM1BsaaHmPy0oQQlAeTTqcRlVFGyJ2IG6qRGUzADtWsQiwBnCsyYCm/mMom8UgVpAD5LooFXYl6bo3iWG1nYYnFQqDz+9UbSwPz7acsELkJU+JVP0wmmAlrIt4/rwcmhIBgVQaPn2hmgpHrNCORXBgFqMCf5DEe8lSoKSsXuCZXT7Gu9pD1SqlYLDY5OenxeHbt2qUM6ofT6YR7LVhsAKFBn88XjUbfeuutJ598EokHKF5M9TWQyq0MRNEEAFAwDMfjzJhP4Le4tlAo1NbWBpololMuYwA5hDtFkgJBWeIQEj2EoB5ieILdzu3lmjGklGiagwZmVAqLLwPuKFM+H90mkZUAwgOEEAYtSGvMSTCtK1rkQghwHVOpFPq/u1wujltYtza9sMo96+5QFg5UU7mhDIYkobgArufn58GEAuGzs7OT81n8fn8oFFJKpdNpcnm5Ltd1Xa/r1WoN1yGkptnsmqjbNU0XSld1raaqxXpclXu3bb33Z3/2v/7//svQO2d23N7jbmnR7B8+0a2xVh7WeBmXvYJqJfOHx1EOzmEz/QzXcP9EBsfoTBuDJhq6CssukUhMTk5ib1MZJ2HsUig2zsig0g8IPED2QWgCiEAXEi6IOVTFL08w1WIy9PibTVURf77C4maZXksWk1tl6kgCUsIAxWwwXVzM6UbZWQq30HcxSyZYEj+BgynCRDY+GQHU7dNEe+F6FNY0BbFIvptmA8cHAgGUswITpF6vg0Cxc+fOSCQCtQS/GZ/WarW2tjafzwePqlwuf//73//mN7+ZSqWAStXr9WQyiUJZ8IcQroOzHgqFUL0aZDwsCayfTCYD6gEWGxYh5HhnZ+fg4OCaNWuosJYJmKX7oofCG3DrlgQMyZqM86wSYbFa8KCJnioslaxp/jVW+pJ/RK9N1HnT1+n6+QImIAH1XPL5/PLycl9fn8lcowvDLRCGTFYgXhDea7okWFqEHAijzxFVmUHMu1qtptPpaDQ6MzODQFq1Wo1EIniU3d3dLpcLzYaQ6x0OhwOBgK7rDocDXSAIn+BF6mHt6XZ73eat2O1aterQhVK6VMKmhENKmyY0t2YTvmTR3rvtrq13L7x2fmL9rRWfU8oPTXpbE2jHtDysygh7326CHLkVplj4rumPfchQ2/+5YcXQBON3YDYzmczCwgLWLkA/r9cLkghn6xFhoVKpFAoFID/hcBgSjegSYO1zVUrnEUzX8tCIWFWr8StvCsKYblY0qjR6h2MCgnlv/DDu5RATmjiZZMziBfmXQPYIZ0PCEM850YyEOegwHnQRBq+9UCiAI8eTGbjU454iCTKcjVQaAWWClbGgB4fCTkgZBn8Pxft7enr6+voymQwKdqBqBmxz+GGolSWlzGazmqZ94hOfQAYVWJrA0IjJgqmDZ0b4M047Ojo6NjYGOgklF+P6MXtYVEj0Ri0uKGOC72hQHFQ2Dpou0UiRMMkX6/+mZSAsumQl6M+KD72XLclPS1dLeICmaW63Gz1l+vr6yPvRjAxLHvPjNee4p8jDoqYcO2G4kuSWlUolFACanJyMx+PxeByVE5SRPQmWULFY7OzsbG9vz2azDodj7dq14XAYZ6DwMKqWJBIJROBMboow4Pq6YiFYXdVlXSglhbTbbE6Hw+60J9Mpl8t1z733PvPMM3NTU36f1xcKCtuHQ3pzd4K0lTT43tJC5qeterXQC/fmMDj/hKQDh3rkytDcP8pBM8gBEyzoZDIJmx1+A0X7hRAodCSYk0TTaLfboc8QEeFMaNqlHOTRLA0/TbpNNOotYdFMJt/rvYsSkxFtOiHNjMlIIkHj9/v5nHDHkeo8kRsHSogyQD/F0E44XpSLVq/XwZYkGg5CXKbB4Qu9MQWeCwvuROLnUB6M8E9QN4vFYqlUAsKcTqeXlpZA5kylUv39/QcPHpyamgLC5vP5WltbUaiXePaKEQtFIydZZ5l8lJ2NoCy8NOKtkLLEm2Cm8JLHUNWUzEDFmjXWfY0Um0lvcW9YNPPJTChcU+1lNbFXsbhNf66yFN+jBjWtSYfDEYlE5ubmcrkcihjQPYKuZd0IyoD68SDwZj6fh0GDwDkcZbyJQYkN+BZorvgVVEYGCAxjKBgMtra2SimRdOh0OskUQ0lrqMl4PK7r+k033YRcNwo3KgPLzWazHp8XfwshaY8JJXSbrVatFvIFl9O5tBz3+/0DAwPLyUShVPSGgx8Wx42DK1yBCQvv37TqrhmnXHQKVqhQWLDHf1LuGg2r4s/lctFodGFhAclnwmBhkHKCSwd5BDCHoh3YYPgIS5lTvRUrb0hyH74gByTpeuiLwqLATNCT6Y5MVkvT+zUJDpNu0CwFG03vCyGgFch0tTU2tCTqP9lSpHUk6yAjjKJ8yOSFstFZLS5hkXpcmZnu2gRnAeXL5XIgWCaTyeXlZaQVgssKoUZ1rUDcJ+Z6IpEolUrr1q277bbbAA86HI5isUhlA6n3kDDCaVSqA26ZNKpnEVgCESmM4mTAKgksRUllNL5BRiNc3rpR2h/6jMo300OxGcPkkNFr/uCsaunHOnDvZQk13VPWE1pPYr1CEzhB6AjB15hwIUS1Wh0aGurp6aFCKhQaAGqNWDieOK/8Qq/pF3nEjk8jjAaQQvGkUIucMvCQmQOQpr29Hfl5Lpfr5ZdfPnLkCMU+cTxOW6lUurq64LTB8CWBTpC72+1WdV2v69csFSXwSlfK7rA7XM5CoVAslzr7evw+n8vnlR8eGV63NDoWFjNLNEozvL7WB8DqpdkaG5BKRv1fHdH64A+6KRORmkAqwqb4tFKWbrFYRIVW7l6Y5gpLEJ4ckk8hCoUh6wVzvExZq8JSgx+ntVooSq1YuIhQC+5nmzAN07Kg/zlCxV8LluUtmN1E56fDdKN+BESMYjQNYofqrAoi9+R4QVuw2CF6dCMZzrr2SKih+gZlfBMJBV9HOV3EpUB2SCQSsVgMqe6o1YSzgbSGi0GCFC4PRnelUpmfn4ftgu4kt95669133+31ehFpk1JSvStlNAbCpVKGhjKqV1iRNJoNIogi4gKQCpOJVK1KpRIOhxF7A2hJTeag/9AfB2/if5P3RjvCxAaSDCoQjeKb7C36k39Fa0zotCoqq6rgaXzKyGcgoweqiAwaqqOGLQlzRBgAHcWteaYElBbqepiWPV/bWmP+nDQqyPCLt36LjiSjgef7E78UHMiWlhaAw7iLUqm0YcOGYDB45cqVyclJIQSaqSIuu7S0pJQaGBgQQiDXWzaGFaVB8EGpFLwD48nucAqlUonUwsJCMBjs7Ox0uFwen69QLpdKJa/fZ7PZhGqQ5DorQv3BGVaWtckGaoo/6breBJPkfptVSZJv96H23rD0hbGagSRQ5XVhJFdCoCwtLY2OjqJvJ7q/60bVRN2oKcXZEMKIG8FqxqdKKfQvJgXA6d2mjW3FEq1wokldcY4Zf8H3ISdZcT601khzlyvTaiF/hcU75AsL4hjyiEsNYdAs66xjCHwR4shBclGpC5ilhABjkilpmiPDVOYYYSck7RaLxWg0mkgkdF1Hw2iqBI9CVgQulctlouQppUBM5dOrjC4wmUwmnU6jAEckEkmlUqOjo1u2bHn00UfXr1+P7iom+1Ezctv1xppkpp3JFwMdjGqTOBhoLaaL6pWkUim73d7a2gpsFsw6vgKhoTHbV+vtahpXb6LR5hWNoQsTfdGUXUcPgiwVOBPYI7zsCA4gAJnXICY8lp+E23PUlEdrRtsGfxheF3A/mER2o5csFiQcJuD/Ji0lVvYUaYPYWA/CppYfVQBAJBgLEg323MbAdYJMhPQPvO7v70fSSDqdRktusFr6+vpQZkFnyUK0NrDyPR4PmUfA5CkzZHZ2dnJysrOzMxgOTc/OSCl7e3tdHne+WPCWfHAuaaFakZsP1OB7RzCtpppFzTDsfB+KZkC59eZJql7v+/37D7pNMu0RzCBJurS05PV6L168+Od//ueZTObxxx/fs2dPIpHIZDLFYhH7kxJXaXNqRnEBSp6FsBMWF41rID5Ml8e/aLInTA+SgFDILFOSMr8GWg0mBiAP+WiNmUCC7XOr1sQBBO8Qsd50qdKgdCODivwP1I8AEGS9cSIuaiztHWm5UkqEvjKZDEoAQ4QFAoHOzs7W1taWlpbOzk6Px5NOp9Hh88KFC88999zIyEilUhkfHweJrqOjA1hQoVCAUoQDJI2oFQwUclZwVT6f7/Lly+++++7OnTt/8id/sq+vD7Qg7uvwJysbE934hHN3QTMyzemLuB5oKXyF3MdAIIDvomORbtS/JuCRrgEKA7NUbxz4FEuaKmOZ3tEbCzzSkiBjjq8xCvJzQ4oj1fxmsU00o2Q2/xatMbI5yIzjsCqWDRik2MW4fsna96DrUEdHB9g3JvPCZIHJRlxdWhAO7vVCAkCfYe9T6AFlNgnShCgA3R+tprAeNKNMNliR+FTXdfRbV0YKF+dJEqKDG8TxgKaVwXGDL9vR0dHd3R2JRPr6+vLFwuLiolKqVCnb7HayA0w+zAdwcI2jGhmOWmM2iGTUkqvgj+kR8pMqxoszneV63/L/1OBzQV0tAIC0tLScPHnyK1/5yszMzIEDB37lV34lFAqNj48TjgTZJwyeFdYl2cjCALUga3hhC9nIZqTL4P9b/TbBlIoJSiLBwd0pkonC4j1Ihr3wlqGmrV5nLUNNhi3/aZPcpMJOxLLhuWLSwE9AAQXMiEA6CQudDRLoAO7y+TzaZUWjUWgRAG4gyqOe7IULF3K5HHRnPB7HI9i6devP//zPf+Yzn0mn05/5zGcGBwf/zb/5N+l0OhgMKqMwIx4fQvpA8BDTIiBUKZXP50HURnr10NDQsWPH7r///k996lOdnZ1IRqZ8bWtAixNcTYuwzhqsEPimG13xIPgww3gusCGEEOj2AFAOPw1VJFaAzkxLy7oq+ACfk0rDCAY+c1ljIpuQJ73SmuFcTX4NdDYOe9IXr/LdjRgYVo6u67A8oCDx7PAcTfcYj8crlcrmzZsVY8ZadRt9pen7pv2IwXEFwUALLBUCFaRBVsJ+bG1thRHg9/sRoEW2PqIVWPy4TWVEPTTGYtOMtBkY5YCXoDjJtnA6ncFgECunptfjiWU02EMkZWEhWimXEfPjQPQHcJgewUrKyLrY7MpCN1CNJXZMS5nGB3Yu+BVyNQwJwu1ZWkDAAbxe79zc3N/+7d/+8Ic/dLlcuVzus5/97F133VWr1ebm5ijtGtYWfgJrCGgDfoLivTgGlD8cTMCCyUUzvbBKpZXMDvoi8ZWtz5jLNXqfolymU630i1wCkugkHIk6l0KRS5YCBYOagvNAq0CKgfgDdEP1pVBPRCmVy+WSySQaxKBZGuJe1JpEStnS0mK3248ePbqwsDA3N4fc50KhkEwmDxw4cPfdd0sp0+m0ruvIygiHw7FY7G/+5m+ojwlcPWX0ciOyBnnYMMOhLIPBYKVSAQg5PDzscDg+/elPf+Yzn/H5fJlMBpqYyx3KRoANYVJXPHdeN4pz0o4Vhn2AaQSrRSnlcrnQcgWzjffD4fCGDRsgUnlSBPeBrMvJ6pdYxf0qQzSqOtMZNMZQE820hXVJK1bTQDOS9PEINE3LZrPJZJKqynk8ntbWVsB6Sim4JsViMZPJwK2nJEXMvMPhSKfTwDYxk6uLDuvlSRZTFBaVLI1sd2Eks6LwMVBKPHSUhsEao3vUdb1UKoF/S7amMhJgdKNxB0c+6HftRgNCLGYYZBBxdVZrUdO0Srns9fqq1Uo2nfF5vEqpTCYDQu+6deuooiyitv/gcvgfZBBwJZtBhiRRG+B02Vg2kNSYNHiSfOGaTio/8K4bXxMU9yJUENJHCFGpVN5+++1nnnlmdna2UqkEAoHFxcWf+7mfu+WWWxKJRCKRQM0hyCBIYag0qtpn0ls012T1mxw16wRyVIcu3vTkpMWFWl3tWd+3WjfCInGkJY3G9EMm3WzC1nRdB/wC7xb9MJGrh70tjLaonDaSyWTm5+cRG0NcBDvc5/OhaLKu6+fPn5dSgpjT19e3du1al8t19OjR5eXl22+/fWxsDEp0YGBg7dq1daPDSF9f36FDh4LB4MLCwlNPPTU1NRUKhUBg042+cRzqwZOFCZzJZKLR6NDQUCKRKJfLwWBw7dq1Bw4c+Nmf/dm+vr5QKISOZXAddKNrDEFq5HcSCUgwwIDUgGQFcznGUqlUFhcXl5aWBgcHu7u7CchVBoM0mUxKKTs6OgYHB5EmpTFmk2kZNF143EJquk7EytX1rGuSFrDJAGr6K9bFSR26daM5db1en5mZSSQSpE3RZwDmDnARu90ODIDeUUa8iu4FqHKpVOJdfppuBOstcyiMsEq+bTlwIlgEB/0fdF0Hl0QzCtmQiVytVjOZDNa2NFjTHHrhbrQwGCt8u6GVD/xCEmt0JWBmCiH8Pj8F+XAZ1D1H07SOjo5QKASgYhUM7/oOk+FlXUg8FnB1ruhQ+iYhvKJRzJleiA98XRLJiF6cj6cMfloymZycnHz11VdPnTqFXFr0EZ6fn//d3/3d3t7eqakp3WjFWTO6wkOQkYzmfWS4buNXojfmzEuGTPL5FwxCbOrbaRb2Mz+t6YX101VUo+kjuoymV0ub0Popdg7QXfJ+kHpsY32cpZRLS0vz8/MLCwuABCGzWlpaMplMPB5Hh5R0Or24uPjpT3/6D//wD/+f/+f/yWazwWBQCNHW1hYOh9955535+flqtdrT03P58mXkt91///3VanVubq6zsxP9RW+77bZbbrllaWnp2WefPXnypMfjAVkOrhIVfxFCuN1uAI9nz55dWlpKJBKhUKivr+/mm2/evHnzhg0bgEaiDKCmaVDYMHUhxQhZ5bFDThm3rg2abbJJaRQKhampqSNHjnzyk5/cu3fv8vJyJpMBZwE2PkGUSinQTCDCtEael9WqtS4S7T1Qw0zGGadXND1tU0220vqEZ4MNCy2ey+VisVgqlQqHw2DPa0ZdMdnYAq29vV3X9Xg8LqVE6gUYFug8jtPm8/lkMtna2kqFAlbZJiYPlVv8otHmI0eKM3ToCjWjpjlVK4U88Xq9iUQinU7Dy4STR8X2ZCOMT5NJFljd6AeSTqdLpVJ7ezu5aJw1jTfT6TS62qI8abFYhO0IkYgUOiD8wqjD+WNXwvs5yJgTFjqIVULyBXatnqTV6bauRZNWfy/74fpOimjU52QVjo+PHzly5MiRI+jDq2laOByu1+sjIyOhUOjrX/96tVodGRmBtWXi6WEBUf6s6Rlw21w02+38MVg9OVrc3HwznWelk/NhtUZX+r/p0BpzJK0Xyb0HelM3cs6kEQmQBoyZz+cXFxfn5+dRrMHlcnV1dbW0tGzZsiWXy83Ozl68eBFpqkQ2w7ccDsfs7GwgENizZw8Cdaivf/bs2VQqVa1WU6lUJBLZu3cvPLy9e/f29vYqpS5evFir1fbv33/LLbcsLy8/99xzb775JjgXMHKDwSDCVCCkLCwsxOPxiYmJlpaWm2666Yknnti6dWskEoE/AWoJeNhQ1cVi0WY04AbKyp0zLhmb6jOaNHoWxNcgooSUEi27XnrppampqZtuuslmswFb6+npaWlpcTqdHo8HqXgIE/JFRStHY0kaTVeFWFkt8btY6aOm68d0y9wgburq8RmjFZjNZmdmZoBJQnbzHhfgVtjt9kQiEY/H77zzzkOHDp09ezYYDK5bt65QKMzNzQGYQfM5qH/NaANkhSs4A57fGmkaUl30jEyELBhYhUIB4DlShupG71yXy4WGNfF4HNEKgAcAWmH/icYQAOEitNHod3F+p9PZ0tKiGekfgjXwRPIlemCtWbOGYjEguWArBQKBUqm0tLTU0dGBBHPxwRtWeaUa24eZjA8sfvsq56K1SKvBxppMilURhg/OwMqgmy8UCouLi3/6p386Pj4Ozh4ESiwWW15e3rx58x/8wR8sLi4ODw8jqchaOVdn6VlcljV1pEj/8UnXm2VocVPLpCD5vax0myYVyP800Wetj9g6KNFKMLuJ3wLHq/EnRdpoZ+bz+cnJyfHx8bNnz6bT6c7Ozn379t177721Wm10dHR8fBz0HApFrFmzBiKAOP2dnZ0oN/zlL38ZZYg7OjpisdjIyMji4qLD4QiHw+vXrw8EAm1tbZFIZHJycmpqampqSkrZ39+/adOmzZs3J5PJF1988dSpU21tbchpk1KC/T81NXXp0qW5uTld17u6uj7ykY/8xm/8xo4dO+LxeCaTEULAFYBZDcQMr4koRCkNNO0mGU2Lh9ahsKgfqvIMYQTRA89VSnnbbbchKSIej6OeBTVlVUr5fL5kMlmpVNrb28G8B/GdMxdIvemN+YhNDSbx3gyppt4nHbmKZNAshU7wAl1PIXlhTHR0dCilTp48+corr4RCIXKaW1paQIKgzEWbzdbR0UEtD1966aW2traBgQGQEpWRDogZ4PlqHGPkGo4GTRSJUUwsquUhTQVuGfLVeKIqUg+xEaSUqFgN/5LoOUACg8EgIZZ8iwkDhxQsWk8GOqoKAEbiHCICSG02G7r8RKNRlEAC7AFDDQikpml+vz8ej6dSqZ07d1qdfquMep+HaTXCMG2aicSXk5RSrl27lp/F5OWYhJr1V8fGxt7/u32Pg6sQQiaHhoa+9rWvLSwsIFKdzWY9Hk+pVBoeHt60adNXvvKVUql09OhRANMEknBAaXXI0WTerrQa3rtZ8B4V0kqyySRn+ftNlTFNF3YUIhkIccHWA+DjdrvJLIWJgN1SKpVOnTr16quvTk1NOZ3OHTt23Hrrre3t7fl8Ph6PR6PRxcXFXC5ns9lQRxG0w8XFxUQi0dXVNTAwgLqxi4uLCCaBEgn90d7eHgwGL1y44Pf7BwcHnU5npVIBNQ7iBhyw4eFhTdO+8IUv3HvvvUtLS2+88cbExES9Xgf7YHl5+fLly5cuXYJ23LJly8GDB7dt2xYKhTKZDFLEIIAowUOxapmmyZSWpAgT64wWDCFU1lWEk1BNrFqtlkqlUqmUMOxTyHQpJXUeRyltNBmYmZlxuVybN2+GfKQym9YILpeegslxzZLlRtYbERQpzEO3SUQzwRiYJle+qbfXdFVTXyEC90iIR6PRK1euTExMlMvlUCjU29vb3t5O1AkQwTo7O/v6+pBijwoysJCEEHBoJicni8Xi9u3bEROl3nLc9idskA8wVNG1h6BmyYqxWTemZhT0gqMfDAbb2trwsEguQ8JQahrlZVNuhmkyhRBEEoFxlkqllpaW1qxZE4lEqKOIyZUEbQq7IBgMHjx4EHMyNjZWLBa7u7uR5ZnJZGZmZvr7+/fu3WuVTjwm8h6l1j/g4H23rXiSVZpd26Hr1q3jb6nGitrcDzDtahwwPj7+/t/texzKEtNOJBJf/epXz5075/F4YrGYy+Uql8sjIyMANP71v/7XPT09R48eVUoFAgGELrDcaTVbUUSxgqJaXbeJ96CoVsIVV/lK02+tEvZYBVMiygzFdaj9MbBHVDKsVqsTExPI9BobGwsGg7fffvvu3buFEEg7i8ViitW1gg0biUSEEMlkMhgM5vN5aBTMOfQT/LZCobCwsHDzzTdv3759cXGxXC63traiBAOEu8fjyWazmUxmbm4OpYFnZ2eVUo888sgtt9xy5cqV559/fnl5ubu7u16vT09PX7x48eLFi/V6fd++fffcc8+GDRtQgB8JDLIxLddqx9D7VlCLS3kr3mU9D19IWFewGEB5SCQSSMqmE5KZZTO6WoPKhAjK6OhoZ2cnOhRfLUthONCKVYRRjaRoetZ0VdbkSH2FSgImQdN0R0g2rKvROiekjLnTqWkaVVrJ5/NLS0upVAqUWpg+CCj09/d7PB7oLeSZQUNAgdnt9uHh4Vwud9NNNymjFw98d6ozAPq+yfKg8BVBVmSgUKEAmk+u4KWUpVKppaUlEon4/X6lFGrfAGxAEwBpVIdADpLVgKZr4EYJdmU2m52amnI4HBs3bmxarw5LhWxQp9M5Ozt7+vRp5Ip0d3fv3r0bPe2q1ery8vKVK1fK5fIjjzxCSZPC4hhdL93GRZZgvUVFo9riC08pJaEVufVhPYivV26W6rqOOjEf2EFtSoA6vvrqq08//bTb7QYPeGxsDGV4Nm3adO+99+7evXt8fDyZTAYCAWEYuU6nk4LAykIYWwmxEX8X/92kZpr6x+/9nO/lGOtlN8U/KTQlpUTEggqsxGKxs2fPHj9+fHJyMhAIbNy4cdeuXevXr3c4HMlkEj5HJpPJZrMtLS0o+xQKhex2O1Kt8dPFYhEKEjR3AH3lchll1Eul0vLyss/ne+ihh37xF38RgJvf78ezAOEeEJyu66lUCon2XV1dP/mTP9nV1fXyyy8PDQ2hzdjFixfPnz8fj8c7OzsPHz68Z88eFKwyMTwFw5xFM/poUx/a6reZXjQ9Cf86xXJgxcMjoYK5JgWACBOVpgR9N5vNXrhwYefOnW1tbcQdty4Mxah3/H1rsJBAOeqHYFJUwgKd8d8yOa8msMj6WjBCjSmIAkULiUy5cZrRtJoEEV0P+VuUZQGgMhqNFovFtrY2q9VC7hG1eLU65aa9Y9o41vmUUobD4XA4rJRKJpOgHZGtADqJ1+sNBALhcJgy7hVrrEipRJgHXBtxehcWFmKxWH9/f1tbW7FYNC0tLr2r1arP56OQCoAQRGeBSdZqtYmJiWg0WqvVNm/evGPHDpR249zd9y7N/sHHhg0bmkonng9ggtauLlPYetZHSGuU1oHV4hMfbL+NjB0AVhcvXvza176WSCR8Pt/8/Hw2m92zZw86kui6vmHDhjVr1qAVFlYA+lBYTVfr9uZ4vXjPWs0EBIn/OQW50rdkMzYRbUiTA8GvTTdaUMKfKJfLs7Ozly9fPn/+/PDw8OLi4po1a3bu3DkwMBAKheBmwf7Fi2w2K4TAR4IluWPPIPFWSplIJHA8EH/EHgDmpFIp0KPr9XooFLrjjju2bNmyZcuW9vZ2ahiNfiLIH3jrrbcGBgY++clPzs3Nvf3224uLi4VC4dKlS+hnvXfv3rvvvnvz5s2IUpjY9vwFWeLKwoszTRH3cgjc46w5jWUomzw8fk6OTWksrR6OCEklq5AlqRcMBl9//XWXyzU4OAhP1JRUQH8Ki/9k5bWbVotkvfTgA5lmTzJeHzm1dM3KiD81zZPhkodQPu6vUOUUm9H0h4qQUd017ueRhsZlAAnESlNKtbW1rfTrwsI743tcsJANf5PnXUkjZI6VgGvDhVE9P27EEBwCX9zv96NvAyqGUMyb2LC4ZbvdnsvlJiYmbDbb1q1bKXnctNnJlHG73Sj1B5RFKYXCY8qAwVOp1NTUFJhZuq4/8MADra2tREuRLFB1Hf02E/6x0pVwB04ODAyYniVNEz02k7/Cj/8g67a60VEFTtuLL774wx/+sFar+f3+3t5eaUQvkHmN+hSBQCAUCiEzlLYobHyUHOSYiTBEFaAholNKKZXSpbwqNYgpQItVSmDiNiFk49a6dvFSCimvkQ4Mq8TsBAjmQ7PvNgczTSETbDDJePnCaK4opQSNEKjgu+++e/z48bGxsVqt1t7e3tfX19nZidJWw8PD+Xx+8+bN4XAYMGZbWxtIyVeuXJmenkYECGqSvA2bzRYOh91u96lTp5LJJCBBqjbk8/n6+/sDgcDMzIzdbu/o6ECps0Kh4Ha7e3p6ent7165du3bt2lAoVK/Xp6amzp49e+edd+7YseP06dPHjh2LxWILCwtjY2OpVGrbtm333HNPd3c32pHwnGguCMjZEo0FpvkckjeDO+IqjQ7mu8Pkopk0nFjBdrGaJk0FMfYm1p7b7R4bGxsZGdm3bx/KD9Jq1FizKkhVklOapSCF9bc0oxwGHQBfGbsG5j+IFVSvC0Af8SzqrHS96bf4Xa8yb6sMq+nGXRZlJLM6HI5YLCaECIfDXCxa773pr5hMW9NHkiGBOqtzbXruVlfeei+6UY6HSlCiqx9mm9zTiYmJeDy+ceNGpKnxvqmkishBhE2AJ0jVQaVB+yoWiwsLCwsLC8BFSqXS1q1bd+3axTsB0eTYrkclZfht/LGanGbrE8Gl2ptuM1rcZOiZ/HfFcuA+4APKJhaLvf3227FYbNu2bf39/efPn4cgjkajra2t995774EDByA9FxYWfvjDH165ckXTtI6ODuBgvb29XV1d2MlA56gtFuBvvl655jNWktC0a9alEELT7Jpm50JESontYMy2EuIayd447FoshEsfq/NH73AxZ/ouOIrIZkUCLKryJJPJjo6O2dnZV1999Qc/+AHyIrZt2/b4448jygVYA99ds2YNYhtIVkOvYaVUsVhct26dy+VCoRBakTabDRVAoNJyuVxLS4vX6wXZr7W1taOjw+/34yL7+/uXl5eLxaLX692zZ09XV1ehUAgEAgMDA0jYGBoaunjx4oYNG37jN36jpaXle9/73quvvjo8POx0OvP5/Lp162699VaQLZeWlkgVKdaBjyuzlZQHVZqgOTS5dIqVVSTZIZrZi03/N0nnVcwUPpQR8sFHwWDQ7XbDR6Fr4DwRPHpoZclgK2kw67gLaxIClFlFH0EKY8ugfGK5XEYfTm4qcX+CLrWphjMZ5nyspHJEoz4z6TbajMqoEIT/TQJ6lZObBldLJt1POXO0Ycka4OtkJT+eT4uu65hVcvIQWAUhJRwOY5Lb2tpQHhO1EZSRD065leT5kay3GT38hJHHBsgknU4jOoCfXl5eRt8caYL4rhMsafKkSb3xqBtNNX8oDX23+QvFmrdxZ5xWA6EoH9ihGQVYM5nMyMhIqVS68847NU372te+Bnlaq9Vuu+22bdu2RSIRTdPy+fxLL7302muvud3uO+64I5fLnT9/fmZmBlOJFYP1ARhB0zQUF4cERIQfNhfAdNBzsUDxqdfrdbvdDoeTkmR4M1/4aoZog3q7OuGGy3UV/lGsvi0pKt3o7UnxBsJz8D5K7COmXS6XoaQxS9TiUtf13t5eh8Px5ptvvvnmm+vXrz98+DA6OoKePjs7i/gHbHMU/nG73d3d3T/1Uz+1YcOG733ve//1v/7XQCAQj8fT6TR4YkR7g12Pn4Prpuu61+sNBoPz8/OxWCyTyaAfsRACARKPx1Mul9Hq85577gmHw9lsFuyJrVu3/sIv/EJHR8elS5f+y3/5L6+99tqZM2f8fv/hw4cPHDiARiHJZBJ+Blck5ILjsRIbkJpuI3WMlAQfgmFxgsWrrO6yaBRtfw/pIJvx6UmIY/1gh6PYihACQq3O2lyYDFPeD5YANJ3VKeYeBkWs60avGcRE0RIom82iqTSXm/oKBVGFxU+y3q8J8Vtd8ZgkkmhUb/SjuB5ofSB7q5+k6Q9ZRTwXuKoxWIjdakpUNfkc1rUhWTQO8gSHoXhmOp2ORqM2my2Xy/l8vk2bNvn9fmSJAMMHjwb7lFYOLoMeDYUhYQbFYjE0eKILcLlc9JR50OQ6+m2i0VKhjBpSSTwvQjC40i4ZnGrFYUjDcQiOHtJ7N3mu18CenJ2dHRkZCYfDqOT09a9/3e12v/DCC263G+jZ6OjouXPnLl++vLi4WKlUgsFgJBLp7u7u6Oi4fPny5cuXkecEThHAFsRgk8mk3W6XmqZpUgip15VSSrPZ7HabEFLX9WqlYnfY5dVuUkpKqUkNaKMQOl/WSimldCGumskOh13TrtnmOMZmc/D8aK0xw4wvBZMXTqwQZA7haR44cOCzn/3sAw88gCwIPFOHw7GwsOB2u++7777f+73fm5qaSiaT2WwWXe3hwsIUQCTDZrOB6JzJZL71rW9BNf7xH//x8ePHv/a1r7W1tblcLspuJh4EtGO5XAbwgjSDnp6enp4em80GzqQQoq2tLZVKIeAHfGZkZKSlpaWrq2vHjh2wrpLJ5Ne+9rXnnnvu+PHj6XT6p37qp/bt20eiGTRXCnWQwwFlRhNLyxsFJKHFeWlsvrtkY6MfnZX7M20QwYRa0/XZdNPJRiyLv+baFK/hUIISpWkaeDogQAkDgyJKCDkTEL7wvKlTmjKy7/k7ivVXw5+8uxMVv8e3hGGHSQalWsPVphmwzslKL5oeyQ8zfYXQOd3oRUVGqngPitZ0zSa/kB60YDYEJ+XpjSXW+P8m7gm9IB4yFd2mZ419hOQlp9MZjUbT6bTL5ULKCuIm2WwWifwwXoUQ4CUJIdxut8/nCwaDqFiWz+djsRhyKHnMUtO0+fl5ZFJSIRjTsnyfBxdxpnwJClGb3Oire1yxnhSrPGBrYsGHQrdhWeO5KqXWr19/8803nzlzJhaLdXV1SSkXFxdBOgcOhm5t5XL57NmzBw4c+MxnPnPTTTcVCoXp6WkoOeBg09PTwmgdqZSq61ddAU2zCSH0q3BfHT/t9QYGBzcPDAwA0vT7A5FIxONx5bKZCxfOv/HGG7FYDICJpl2LSdhsmt1+1aujJnD5fEHTbKAI4nFC0YIvJw3kh3cKViyBH+8gnuxwOIaHh//8z/88nU4/8MADYFthe6D845o1a37nd37nO9/5zuXLl3VdRwZbNpu9fPkyYDqYhz09PRs2bEDHmbm5ubm5OSRf/8Iv/MKBAwe+9KUvzc7Otra2ghgmpQQohAZXmHBq4QhlSRdfq9Xi8TgyBxD5i0ajwD+hCKvV6unTp7/3ve/98Ic/nJycvOuuuz7xiU8Eg0HerJKLHo1VbuSFaJHFRX20iTLH6d18KEaX4A6QaLTiV7L0hUWSNnXy+JHkb5FKozgKnE5d12GQodwtygNicQJ0Qp4ilBZMDQq+/lixbhLZyujXQ1JYZznpVmhXa2z6Y8qxs2qm967bhMXPM102LQPi6/NEe+vJVxffVvNRsorh3BnA0zGFweg5mkA2k7zSGovIgEKJapl4juBVwtoGmG+z2ZLJJMqC08LAxSDALISA5zcxMSGlRGFlWkjwaLG6YCctLy+jOVRTmPe6DP7rtJGtD72B2oMcAL6MKJzAVaVpndH2+yDnblOi5fnz57/5zW9ms9kNGzYUi8Wenp729vZEIjEzMyOEuOmmm8Lh8KlTp7773e+OjIwgKg5JB3bJrl277rjjjn379m3evLmrqwv678yZM2+//fbZs2dHR0cXl2JSs9VrNU2Tms1er9ddLndLS1t7e3upVC6VSh/5yEfC4fCLP3xxZGRUCeXzebs6O/bevOehhx88ePDgyZMn/uiP/vjixYuJRJyl3OtK6UIgCIdtI+r1BiFCTwGvAaN5vV4YaOFw2O/3o3t9a2trJBKJRCLBYBCouq7rlUplZGTkRz/6USqVevDBB3/qp35q3bp1CwsL0Nnlctnr9ZbL5WefffY73/lONpvt7e1FlnShUABhARWDFhcXfT4fNHd7e/vBgwcfeeQRaKBcLvfSSy/99//+30FPhRqDMwFljE5sUOGUzQ3YAZhJIpFwOByBQKC9vX3r1q2Dg4PgXhYKhTfffPOb3/zmyy+/PDg4+Mgjj/T396M/iFjB1uOQEdcZmtEclSsz2Rj550M05oRZgyjCIgjkCnBlU8aB9bfo5zTWx1UY4T3YbR6P5+jRo5OTk4ODg+FwOJfLZbNZ6lWNkIw1QG7Vu6Y/V4L76E2uk+g1555Y3ammZzPptlUU2yogLb8pymWGwojFYk6nE0bY31WSmM7MH5kpnZEvKusaMAEqpmXDVRoFOGEIQiWjZnRHR4fP50NanjRKk2MTwTSE2aFYgFM0OrLEbpONOCrOmUqltm/ffsstt8Aj5DjEdVFvxCWhC9Ab6/s0vTBd16/lbq/yRIXFIBXG9v4g6zYhBGDDF1988W/+5m/8fj/0k67rExMTyA5BlVWllMvlSqfTb7755rFjxyYnJ9G1hMoXQUZ4PJ7+/v5bbrll//79W7du7enp6erqcrndFy9eOn7ixDvHj58/fz4WizkcrkgkEp2LxpaW9u478IUvfMFut//VX37z3IWLtVo96PevW79u164da/u6T5468f3vf/+3f/u3f+ZnfubXf/3XX3/9VbQmKJVKhm4TDocD1BWHwxmJtAQCgY6Ojq6uro6ODiitcDiMolNEcaxUKuhnlk6nE4nEwsLC9PT0yMjI1NQUcHnoNloWfX19DzzwwO23397a2nrHHXcAgYR1r5RyOp3z8/Pf//73f/SjH/n9/o6ODpvRBpMYj5rR9rdWq4XD4TVr1rS1teVyuQsXLuzbt+/AgQOXLl165ZVXJiYmiAaGhFZ0kEHQCO4g+pu3t7dLKWdnZxGB6+3tveeee9atW4fs5mKx+OKLL6LB3oMPPnjXXXehbMRKeJcVYyBBQ7RJ0zChMSZ90/T9prqNXjQNfa0kE3k+ACGKlGNAwqhareZyOeRL2Gy26enp+fl5FOqkWIs0MhSblj+1+hCrK7mVdJJJw3GPsKlrtYoaW0W3rQ7t8ocLr1QyokAsFoP9JP9egJNVepoUknVJrBSdMlkzfBlIA1fAXsAjw6aen5+32WyorQPnG9+Cp07SXzPqkgCbIY4YAnWASWhaAC8TJIDs9WQyuX79+oMHD0YiEd4rR12neBtlqfHZo0VLnq5gFv/VI63f5NilaemYfAWl1Ac5d1vX9Wg0Ojc3hww2p9OZy+VSqRRqMu3Zs0ex1pRYByg6Nzo6evLkyXPnzk1OTiKFVjSuSBhHyH67ee/Ng4M3Hbzzzu07drS2tkWj0b/926e++tWvtkVaH/3EY48//tmuri6Hw3XhwsV33j7u8Xi2b9+RSiWfe/bpo2+8GostCCFaWlq+8IUvTExM1Ou1+fk5pVR3d/eWLTft3LljcHAQbHgom3y+UKvVa7UaMrpQlRGw6uLiYjweR6k6LkZNRZVEY0WiYDB42223PfbYY3fddZfdbp+YmFhYWACPBpsBlRpqtZrL5VpcXPzWt771+uuvt7W1DQ4OplIptH3B7oLGAqwnpQSRxOl0Liws6Lp+8803Hzp0qK+vb2lpaWJiYnZ2FnuVLGsgacFgEPScYDC4Zs2aLVu2oMsaIJfW1lagMX/7t3/7wgsv9PX13XfffT09PUBjUPVVMOCLMhyU0fmB1yWycgi5RtEaM4itiq3pR8Ki9ppS40SjusWM0e/aGnum40mR1YJOBZlMBgXPUE0RJkgulxsaGurp6ens7BRG2UBpRCZMcBy/YCtU2HSsgiJaNZyweHWm86+i2Ex/6s1q2pkuzGqI82QypdTS0pLL5UIy9d9Vt63ispAiUZaAq0lp0aWaVgtfPwSS0eKEhstms8ViMRKJhMNhyuunSu6wC7H1wFaNRqPLy8sgQKJIns/na29vX7NmDXJ7gHCQb4dmTDhzoVDwer2HDx/u6uridJjr5bcBWeRKxzqTdIVckcn169dbbTfSh7TCrEkhWHAfZN1WqVSmp6dBTEe6bjKZPH/+/IEDB4LBYC6XW1xc9Pv9Pp+Pek/Q7KANRDweP3fu3NmzZ1GXC55BLpfTNK2lpQXR2nq9XipVlCaVLoSuHvzYg//s85+fnJp+7ZXX+tcOnD9zVnPYZ6dnl2Ixm2bfvefmlkhk5MpwNDpTr1cqlVI4HN62bVs6nS4UCj6fZ+/evVu3btV1fXR05OzZMyMjo4lEQkqBjp1CyGr1KtDKa7liJwCUhxtE7ZKpbammaT6fLxwOd3d379u374477ti1a1dvb68QgrcIX1paOnfu3K5du0CARIlFMsZh9L3yyivf+MY35ubmBgcH+/r6oAWV0ZpEM2pGoK+HUmrPnj3r1q1Dr+GFhYVMJgMt2N3dfdNNN61Zswaen1KqUqkUi8VyuZxIJKampubm5vA4wuHwxMTEkSNHHA7H5s2bQW2FcC8Wi0tLS1JKVEMHE1U2pq8po9wD/gSsRwKI1Ilp/Zhkk1WNWd/nnAI+lEHRpjKGvKg0mZKkdEnJIeYBHDiTySCfHSrcZrS3RloS3hkaGkIehWa0hqfbpAZdPD9aMJnV1GNbHZMUKyi2f0BM0nQ91tcrHUx+GxZhLBZDVTZrnOa9DCvhgNaSYB4DJxlx0I8/aGFJPW7qyWFLut3uXC43NzfX1dUF9QNPju4LSiuTyZw8efLFF1+8fPlyPp8nHSmNiCCus1arrVmz5rbbbrv//vtRvg4GkDBCfegbgDDK2rVreV7d9SJJwvsy6S1+gGkxk5cp165dyyNqXJ9JC67CnT75wYi3mdR4uVx2uVxY1hMTE6Ojo6VSSUqJVKpMJtPf3x8MBhOJhCnSy1cVbD1Q+6AnMplMLBabn5+fmJgYHx8HUIZl4XQ6lS6DoTD8IbfL3d7efujQoU2bNgkh/tt/+2+zs7NCCJvN1tvbGw5HFhcXlpYW2zvaNm3aGAwGSqUScpyxauFRUQ4WMAEKsdAzouxjXuyD9JzH42lpaenu7m5vb+/u7l63bl1/fz8qzCILiqra03ehF0F4SyaTU1NTPT09UKhQOXDgcH5caqFQuHz58unTp6enp7PZLIxHxO2hFynSA9OShDvOiRbSRFrDNvYaA9IfJidlmMG6pIxg0kzKqLQEOgzYNOSmQOkGg0FIBGqUBVOXUmT4DiFaPCGWiiXD0l3oRnc6XpOQUwqt/hwZkXQeTdNCxiBRohmp7lh7SGki1oY0WG3SSGMASqzr+uXLl10u15o1a/BdWjCr00as6mcl5dHUabP+yY8xuXfWX3kvDpz1Sqx/ml6TTFdKIW2rvb19JX7QSkNawmMrvab/TVCzaHTlhcUB4pJHNsbbUFJkZmYGmTAouIqEQhRTrdfrw8NXnnnmBxMTE8gipdNaA378objdrptv3nP48OHNmzejww4kAEyifD5/1113ATWhbLn3Pmn/sAO6jU+XMroBcHDFpAiaxNusutHkcZuW4wfBb6P9w1ndhULh6NGjV65c8fv9ra2tcOq7urocDsf8/DxZzZqlUoAyCvzARwGjjHL7dV0vFAqpVCoajc7OziJuF48lC4WirnSnw6nZtFq1hiTonp6eLVu2dHd3V6vVpaUlJHLV6/Xl5XgsvhSLxRYW5sHSJOnDS2ZQdQxaprgkaAW/349idK2tre3t7Z2dnZS3EAgE4HcStk7NiFETCwAXMC7cLNY0MSqTyeTy8jLOAHVSKpVgjENjkYTFkoCLhqLD+Xwe0haLBHRK/CJpR5K5FCSTLLucJDv3SongRzxGUiSc8scbu1CNjHK5nM1mcf2QEVCfpv1APhPlJwkD2qJ2dLh9auRG/rFodID4mYm7ZdqKdAx2Kfg17e3tPT096I2SzWbRNgGpteAlcr6+YAg5rnNsbAxpGLBg8CuUAmHScH8nt0k00zpNFZti+Q9W3baKPhM/Ts9ZL7vpjeAFeRu6UaS0ra1tJYnP76KpDuM/wQ8w8Y+4ojKtCmHBpU1fEQyNRLM3m802Pz9fLpf7+/tRFBvIPxpunD9//uWXXx4fH7fZHDwBg7w6pOiYfg4vnE5HrVb1+Xx33XXX4cOH4RFCOGAv33nnnZs3b0ZEAFelrl/NLasywmM1LTladVfnlKp1WR+tasw3lAx4pRfX3W+jS9VZqzohxNjY2CuvvDIzMwN+OUgQXq8XRAnTSjUpOc4m4vQ5afCvyOfL5XK5XL5crs3OzC4vLy8tLc3OzqZSqWKpWCwWpZDmmIdel1LabTYllK7XlaoTrAQpD10ClyIcDqPQMGqAdXR0oAVUW1sbklSCwaDf74fMpcLnemOPLpL7wtAf3OpvKghKpRIojuPj48gIpvqt8PZ0o6UfNdyC50SqDnIcGWwklKlrlMayxYklQU6MxiqnKCOlgfthlINFTwHvAIKjnGWlFPqO4jCE04UQxWIRQXVUSAFPBwltdBfwQfnyEELAP0N5ML1ZRR7aWnpjtWXT+3yXaUZVNtjFiKo6nU4gq3hYFGkjDi3pNpoQIA1Op3N6ehpMYBj1VEaSV6xv6kVZ1UNTjbK6OrSex6remp5tld9q+rvWazB9KhnNG1YRanms5Lk2HStpQf7+6kxXYdFnTXWbycLGjoA+RhMoPD6gyk6nc3x8/Ec/+tHly5ellPW6XqvVhRDYTdgXgDqwVDiSwcypGsxIh8OxdevWhx9+eN26dQAJQJi89dZbd+7cGQqFTHLyvc/eP9Qw+W10MTxqJppZIXbVDHukP1dafJIlJ17fQflJPFm9UqkMDQ0tLi5yMx89fIUQQLpkI1XXkDtCqWuUNimlUjrMX4rK2O1Ot9uLYwKBkK7r5XJ129Zt0JpSShTCr1Qqo6Oj+Xx+YWEBEhbTdbVOkhRutxMqisiB3d3dLS0tbW1taI2BypZIojRQyhqKTHJeAKQ5yl1as7mlEQPgHwlG2yMLhlxe9MZEqRFkRJCVRPYdTCfKtENOm83oEoAfBYTo8XhARYFW4xR2Oq2w7HnVWJoP31WsdCyeHTatMrLO+aKFtqsbrZlxpJTS5/OFQiF45OTSCSHAJIJLh9nQjFIOOIxDgqvAG+RO8Rnm6YaqkUaIg6mUO7xJMPjho6PMGx4ubtb0lHE2SDQy2HEe7tEqC31xdZXzY123Vc5DB6/kt63yK6t4h6ZjxApKkS8Dso0oafK9C2irPFz9tck4pqXCX1hvlqtAWuRI7hRChEKhYrGIdhYtLS3JZPLZZ589ceIEiolUKhW/3y+lTdd17DWk2UAgcMIItfWBZeZ0OoVQME/Pnj2by+U+9rGPoQUggrtgihH+oYyGjtdxWD0rxRACnRXYwvt2/h3TiQiW4X6f6Weu790KQ3bD1kBGmqZp77777sWLF6lTO2A6m82Glo+1Wg0tV8LhMOwjuBFCiEqlqusKaSI0fRBttDIAC0DCGqCf3eV0QdAjfOLxeOx2e29vL3rvokUZIkZCCE3T/H6fP+Dz+XwAGEExCAT8un4tBk4wBWwuTdNsNo2EO+UnCCGQTIYjgaaSI8hBNmHZk/JqwZSrsStaIhjQAQDiCZTQjP6Zyih3YmyVqwIdXFP+EzycbtrtwgKYWOUgbX5eooW0u2QJm5pRegNoJNxKYRSTxZVgqeA10gHx6AuFQjweRx84ALxopgztToG9er1OZa4oI5iXuZJSohgV1CEqROhGvyQw1tBPlbvsguFR9OxcLlexWEQ2PeIr5HMLw6qD4keKLp4dAGQUlcC6RWEzsYLqWsVjUyuw+a0Sx/SRVYmKFfTij72AVQ6TzQBD+pMT6FE8FlaXFUM2fdfqC0rGm6WfpvWmGEOSaCC0aHnsQxhSFF+kxawYqRISCY15UbsVgYxQKHT58uVnnnlmZGQESaKoZgcQ0uv1dnd3owpXOp3G4ocrL4zonVIKfedzuVyhkLfZNPh59Xp9enr6ySef/OIXv9jb24vVmMlkQDGzsZ6610Xg03xqllrbVqYIvdZ1/VpzJpMoEUbBKmGBVv5Ofv3/6oHrgXwplUput3tiYuK1115LJpN4SAhgtLa2FgqFqakpyKZSqQR6SGtrayAQQFEMoECVSl0oMw+HyBcowlsqlfx+P4pF0VwhLlUoFIQQ1CTebrdXq1WcH1IVQjmVSqFADnJTIGfBuYefgetB2Ozq0hT1er0KtAqnstlsnZ2da9as6ezsxL0jf7NUKuHrulGAg1YJgR60nbg/BB8FlSdBRkgmk6iMhfogTYWOyf3lv0WbyoQYC4tgMmk4jdXl4w+aNL1iFXdIYKEoPiiFEPcwJuDHmOj4GABLnU4nIpdSynK5vLi4CMYQApmQI0II2DQAP4VRdlIIkUgkLl++fPHixfHx8eXlZTqA1gasAYKL4bx6PJ6+vj40NOjr6wsEAqDD0EPh4gkLBkqRdiLscV4SF0ITUUboTrID9GYFQVZxht6jgml6vFWrqUbCTlM1aZUwVj9v9UsyLSdllF01zRI/QDIOAYlvU1hOsRwJyWJjxETl/BGTJ0AAPv9RspZEo+wFOx8RawSG0+m0EMLj8Rw7duy5555LJBKon6CUCgaDQoiOjg6Xy1Ov1ycmJnK5HOhgqGYO7gkEBYIdZDZ5vd5qtVIqlWAblcvlhYWFF1988dOf/rQQol6vA7fnT+S6BNv4MzJFW0SjutVZ746rSXvCoq5Ma4Ui/7QyuKq77oOsaYiMsbGxl19+OZFICCHQfaNYLKLOE4oXww3HTRUKBYjC1tZWY00U9fq1u+MINcRTKpVCoKtYLILLTuEu0EzQTAvlffv6+tAhF0FawUQ//B5qrYQrCYVCROYWjBSOL9bqqGFa45yO0dHR48ePCyGQlNrT07N+/frW1lZ4hNJoW0y0bwLf6R2rSyelhDKu1+vg2eNblUqFp8TS2jIVFKaTWPMjrZkkqxiDZNLiR0lAc+dAGfWfAMHV6/V0Oo2ub7gqinfSo+Q6VSlFharxuAuFAlgnyB9HekMsFoP/3d7ejvicEAJJkBcvXozH43iI1v3GkUluvEPelcvl4eHhc+fOoYQmnt3GjRs7OzsJfhRCwOeA0kICAMBevEnFRSk8rJSCblMGF59OZZ180wOyfqT/uBJZYgW1Z/W/xcrqcPWPVsq9s9rZ9CfXWFy3WZfBSuuTnxBTzcOotOZJZwvmSZBoousno0oZNEhKqycrE5eKAo+oPBKPxyORSKVSOXLkyFtvvUU4RCgUQki4ra1N1/V4PF4qlQCt05ZHTiSWh4lxbbfbbTbpcNilwZXDRZ4+fXrTpk07duyw2+2AKxTD2K+7wOdgr2oEIfnlkRltJ79YsgA+zTWn2SgLVfK6361g1pZSKp/Po72yMJJ+wAwUxmIi/wO2jBAC2ghkEylltVK1212qsYMifggBf7/ff+nSpaNHj6IyG0xjr9erK33b1m2HDx9uaWm5fPny8PBwOp3u7OzM5XKbNm0KBALd3d2aUa4tl8sB2IzH4x6PBxcTDAYBqHL4jvAKu93ucMLIUA6H3eFwZLPZVCo1MzNz7NixZDIZCoW8Xu/+/fsjkQgQUao1wA1DctH44Fg8ZgzeG9Sn2+0GOEkCWrEEJmkU7tPY4MuJ00P0xgJF/AV/miQv6ApNuk0a5EkeAKvX68vLy5lMBrxBfKobaYt0frpI4mRSIyv006GSENAiBAYKIRKJxMmTJ0dHRy9dulQqlUjWWO+F8BNu00CPwkqgZA+3242cWRQsDQaDa9euXb9+/fr16yG5OANFGRVEgcBzthhB62Du0IxhDXDERjRTJKvoqtXV3koHm067khozKaeVrm2lM0gW++QfcY4x7SDNyPkTlkAX3ZHpgZJVAT+YY9GaUQFEGA6iMLSgZqlBY/qfql7pRgVIyCusXpS9BkhQKpWOHDly9OhRBDUCgQDuCPZNKpXSdZXL5YFaZzKZdDq9efPmffv2odCBrutDQ0Nnz55dWFgQQiDNxuFw1Os1ZN3orIp0uVw+duxYR0cHKrvqRvVkYjBd3z4A3D5QjCrJHzqZ1NcwSdPD5mfk8mgV2+p6DbrIUqn0zjvvTE1NIcZApOdUKrW4uNjW1oaahNBJwqBgAMChgIeQ5gA4rV34Z6Ojo9/+9reTqeR9997X0dFBcZ1qtTowMBCNRp966qmTJ0+GQiG/3z8fna/X6q+99lo2m73zzjsfffTRTCbzne985+zZs/39/R/72Mduv/32UqkUCARefPHF48ePHzx48NZbbwWuyNGAa1lNSpdS1Wq6XldCaA6H2+l0KSVyubzL5Q4GQ+3t7cj2BVgKtxWqC1FDKphLqoIDVvyuESVCZlgkEkHxHpyNm3JEwa+z7lwmialYI0DJkiu55UXrirxJrtJMOk8wp5ai31D2xCfiCIZgtjaRWYBSolZsMpnM5XJCCOA21IUHoI3P50skEsePH3/nnXcWFxd5qM/6W7p+zYETQkBaKqWE0Go1vVaD+Qyih9L1mhDS4bBD5qJK9dmzZ4eGhnp7e6nPODx7CEGaCpBHbEY/OUJlTW66MDSibJYD0HRHr7S7TcevrimbCgqTolpdjDTdhvydpiYRhm40Q1EMewfGS6xaKsxNyRL8DJKFyqg0DFXTJhVlYljUrzVoNKdeKcZT5968EAJYNJJEA4GglLJcrni9Xim1d945/tprr9dqNZfLrWmalJrT6bLZbPW6XqnUbDZ7JpOsVqupVHLHjh1f+tLvHTx40OVyXb58eWxsLJfL9fb2/st/+S/a2ztOnz799NNPf+1rX8vlMlLi+m1Op0tKzaixIJQSs7Nzs7Nzvb29Hg/ol2bJf70GBzxMLhZ/XiQfJLgk3LPmxg4/qWAe0gfkbjGoYwv6DisWjwHQB/QZPTPb29tBAqQpwJEgFGER6/XmYWrEchYXFwuFwp7de3Rdf+aZZzxejyY1p9PZ0tKyY8eOVCp15cqVgYGBf/Wv/lVLS8vy8jJ4In/5l3/5+uuvd3R0wEhft26dpmlf/8bXo9Howw8/3NLSIoRAOQCEAwXDMUTj9jDyo4VeF3pdCaXZbHY82UAgiLBNsVicnZ0lPcRFLR/EIuGih7MT8/l8R0cH6rNUq1dDfXAKhRDgSgimLYiFBdzDJL/0xv70JjOcHDvFQEiT3r26ZO12uiPC5fL5/OLi4krn5FqQ+P3AbAE55nI5VLYkFhlOHgqFotHoc889d+rUqaWlJSoFwkOMygySaLgKKQmeUpAReJhCCMgR4zBBKYbSCJuXy+WJiYn5+flLly5t3759x44dvHoO+Q2VSgVxFGGE3LEXgFhQ0pswUuia6pimjtdK2kis4D+tchLT/yu9IOxdt7R/01gjaW5X8VXEF7kyEniUUghJFAoFUHxxMF/kptAaf032MXQPV3WU+qkYg5q+i3VLJUv46iWtRgzeSqWSy+XQIljTbLqu7Hab3W7TdXX27LkXX/xRtVoD48loVKTbbHZNsyGWVq/X165d8+u//usPPvhgIBBwOp2vvPLKf/gP/5+JiYnt27cPDg4ODm7q7OzcvXvX1q1bPvKRw3/wB39w8uTJSqVmtzuUEpp2VcOVy2WlRKVSnZ+PBoMhvz+glEB5HFw7mpy8/0M2oyUT3EgHmMBFgf5t9E2NtTtSDDuWjZS2D45iE0ay8+Li4unTpwmBxCb3eDzFYjEWi7lcrv7+/o6ODlR/QEkRWLKaUYhEWFIa5LU0ACUMPgKS5Obm5rZu3frYY4/BmkYmL5ZyIBAIBoP1ej2ZTLrd7mw2297evn379mPHjuVyOYQA169f/9GPfvTYsWNPf//ppaWlX/zFX8SlUljOZD+qxhRDvXEIQ0CgBWg0GkWxQYpC8fsil4jOaVJvwtCgqAbZ0dFRq9WQtCeEgPWK7tu4UzDmIUwp+RrhH7BvoEJkY0Ir93X4O4qhwaThuJ0ujdRvZbAKS6VSIpFIJpOIz5sMLy5NwDfTjdLYtVotFoslk0lN08D9gasKWebxeJaXl99888133nkHjxLdc4jcQZctDMTbZkPTvmvQPWdwmCwJfp1YPMooDEZ1A+r1+tTU1NLS0vz8/N69e/v6+oATwF1DOARfIX2PG4SHjZnn9A2Tdy5WVnI/1rczzYBYWZ+JlZUcf4fT1ji5lxYAt625qUR+GGINpoa9mCWqxI33TXE1xYqY0LLhB2isnTpOi7qLUkqcFvsCr3mpUute5mtSCIFewdgpDodDiKsFhsrlcjQafe211/L5PMIl8OmhvSgE7nQ6P/3pT3/pS7/7la985U/+5E9+/ud/vqOjY2BgoL+/f2Jiwuv1In0ZXIHf//3f37Nnz7e+9a0vf/nLX/3qf4vF4sSh0zQNokzX9YWFhc7Ozra2NuOCFVa1EMJmuw5BKM4GoC1DhppJGXFztuFZcuNCWKg+pqWgrZzh/34OKWUqlTp37lwqlarX66dOnUokEmAMkoZOpVITExPBYLC9vX1gYEDX9bm5OcLohBDwnAyr2W7a8CRVdV1fv379Y4899rWvf+0//+f/7PV6/X4/DGSv17u8vLxz587+/v4jLx9ZWFjYtWuXECIQCCil3njjjVKp1NPTgzAbQnef/OQnQ6HQn37lT5eWlm6++eZIJILGoUSE40+UZl40q22oaRrQklgsns1mlFIIEeXzefJCBNtmJh3D5Rf+BM9q586dSqkrV66Af4VNW61WU6lUIpGARA4Gg11dXW1tbW1tbSidQEoa6cMkXBQb/L7oTWtsyXS//CvSKI2WSCRQuwEOq2C2G0xsGpAgqCO8sLCQTCYRXQMdFH0JyuVyb29vqVR69tln33rrrUQigSKEaH+FRoBw8oyYvM3YTkoIJYQiPUfsA25s1ll3vbrROd3pdNTr1/p9I7pDS65er584cWJ8fPyuu+7asWMH1g93QUAbodgPgoUQf4o1OuFOuWimXfgaE8002XtXe1ZraXW3TzQzrDGoOCrZJZhDUmbWpcIRP8gBMMWoc4XWmHBNv2XdIHRtwrAbEAnjIWQ8AlAcTfVCKSbH1zCdH2lk2K0GibGuaTZAJu+8887S0hJa8WH7BAIBl8tF7YU7Ojp+/ud/7jOf+fRP//RP12q1UCg0PT2Nym19fX26rp86dWrHjh3t7e2FQmF4eHh0dPTYsWOpVOoLX/iC0+n6ylf+LB6PA8OwGb25wQbAFjYYKDabTWqauF7ujEn1KBbgEI0OHF9O9XrdLpqJTr5YdaPYhPX3PgjeGxjbMzMzS0tLCwsLkMKwqtCs2WazZbPZpaWlRCKRTqfHx8dfffVVkEdQDkoIQZVsatW6lBqPVQhj9SMGRo1yCoUCitMLIQBY22y2np6ePXv27N27980337x8+bKmadlsNp1Ot7S0fP7zn7/nnnsuXbqUyWSQwqKUOnTo0MaNG/+v/+v/+sZffsPj9tx7773QSavoNmlU0b3KkjB2KZKckskEFCfsQRwMmU7n4YwMPpOkYCAZ9+/fX6vVhoaG0CMDJElIbcApyJXBJKDkXUdHB3X1RXIhiXg+mVa4VTVmGQumdHmgDl/RdR3iA/04KMYGgJSGNGo2EvsfvEcUSl9eXsauQIje4/Hk83nUfzl+/PgPfvCDubk5paTL5VFK5nIFIYTb7RVClEoVr9fPqlAKm01zu10QT/gtSkuA8cR5rcCcOXRWq9VKpQL+pJp+tAdh6DgcjkQigcDt1q1bw+GwYDZo3egPzuuYkBOMSB4umPttTc0dqwYyqcOmu76plyaauWvckTUtcvLDqKov8guhuamIqLgW12yoSGdy2TmtEaUDKpUKCK6qEUWkk3ByOV9FNAnE2tcb6eaK4WCStcTiZa953Be6EHcHhwwhXrqRRCJx9uzZsbExoAtE5UVcGUSPtra2L37xiwcPHnrkkUeHh4c2btzodDqPHj3a0dHR19eH4uPEnSmVSj/60Y+OHDly4MCBo0ePdnd3P/zww5OTU3/1V3+Vy+XALoHQEEJg80KDqmtYHzyc6wNLcmOXUyVFs2Y11zBJk8fHxQ2+BjHKnx8N/f2qS0KeInF1SD5Go9ELFy6gqD+oiU6n88CBA2jQsLy8fPHixcuXL0ej0ZmZmZ07d3Z0dGzduvXb3/52NBrFSurt7fX7/evXr6/X6+VKWYprlXZ5qVyoSdxyIBAIhUK9vb20nTSjhkWtVtu2bduuXbsgVqg0vq7rhUKhp6fnX//rf41Fn8vlpJQDAwNf/vKXx8fHnU5nZ2cnzoaMAhMnkCrj4cav4h6G/gBeWiyW0PVNMOfGVFOO1gHlX+usZFylUgmFQgcOHMhkMqOjo/BRqByGbpTOwuXRpi2VSjMzM4lEAl3l/H4/ypvBkiU5S7tXGBJZNsZ6rfa+aOx8Jg3Gv67rKCKMKkEUhSK3yd44UHO5XC7Pzc0tLy8rpaBjoN6klIFAIJvN/uAHPzh16hQqqbtcbiGuZqbT7JGFixoQ8FxbWlocDkc+n0+lUoiCcFOAVghndgmj3orNZrPbNawcIuvzWSJ7Ip1OnzlzplAo7N27F14yaTWECZHJi5tC0Us4EKDGQHqKRt1mkgtNvSvZGLdvqttIaUkW0tctuYl8ZUpW3A63XzdKhhKuaJI53AfimSekdWhihVGttFQqBYNBhCQDgUChUCBbh/wqghCJtMW5ymIFta2MUIXpqdG3qFAO/RZ5eHA6qQe9MPwP7LWZmZmhoSE8eqg32GRAPrPZrMfjeeihh/bs2fPlL3/5woXzSumo3m6z2fbt29fd3b1t27abbrppZGTE7/f39fVFo9G//Mu/BKKeyWR++MMftrW1P/TQQ/Pz8y+//DLsLZ/Ph7LyWDxut9vr9SBPoF7XlVJ2+/VUbCYs2rQwOBpEzpjd6oFZzS4T1mnafu/PaOpcZrPZubm5+fl5QEzgHP7CL/yCx+N54403enp67rjjDo/HMz4+nkwmJyYmenp6Wlpatm3b9sADDzzzzDNLS0tCiEQiMTExAXy5WCy5XT5p1MYlbEEYiAR10tJZsgtnT+isH4QykihgjcLbIEEA0QYe+datW5ExTb+lGcX+BQuSIeEX+wSZcE6nUzNyoYrFosvloKrEBFKt1LST6xgQE8rlcltb2969e6PR6MmTJ5FnQ+YbH7AzOONZ0zSgGel0uq+vD4xNKvwDIaKMyl70LVOas+mJm6Khymgvrut6Op1GtAyZ11JK0OKxsvGYIDhA4seDxjpRRl1zYo5omjY9Pf3iiy9evHgRRSZRw1IpqUlNSM2kK6knlqZpxWJxbHQCySRCKF3VyWzH9SgjrYqEqTLqKpEFgytEXoGJ/oNsbjhw+Xx+amrK5XJt2bIF1RFpqeDxkTWjGwRuYTDUFcvuMuk20czHaipi+P88fUiwEIjOKq2YxBDdONUIJWXGXR/BOqpw9840hEEGIXXF1wziUoVCIRgMIgSOvoAEJhM7QzBExISU0GVLC4rOrTFliRZjdZFxDCcexBaqBqfrOs9K0nXdZrPH4/GhoaFEIkEiBaisYLl6Gzdu3LRp08jIiMPh+IM/+MPTp08ePXo0GAyOj48fPXoUcdk1a9asW7dux44diNSMjo5CUOzevbutrc3v9+/atXt2duadd95BTYBKpeLz+bLZrFIKFoChdHVMba2m2+3XJ32bLzyOavBHY4rAaZS7zRc0RzM5cqU3JvFZt8f7MAjtgbu9uLg4OjpKtdI3bNhw++23v/LKK0tLS1u2bNm+fTvI6yhpmM1mT548edddd3k8nv3794+NjSFLN5/PP/fcc88++2y9Xtc0W70upJROhxMZJE6n0+6wO+wOFGqjDpx49niNvUQ4Ow5D+pHGmndDZUIQk1MFtyabzeKcMJ0g/mysjxduHFxNIQQ0cTwej8djQgi73Z5MJoeGhmw2SaRwcphMhdNo+0kpUYVSSolI8oYNG/bv3//uu++ePn1a0zQEEamxL9xQWhskqUmsQH+jH2xrayti4Lg86lBDBasg2akkMQ1pAWBJrECIo8VULBZDrAJei5QSYoLUD5KsgVXOzs4uLCxAhgqjkYc0slwrlcrZs2ffeuut+fl5RLOuXrbNYbNdS5JBUBNkUbfbnc/no9EopQEZUTRdiWvsc9gftH24G03RIE3T6vUqRBsWFUWCaV1BGmI11mq16elpLDw4atTjBi/I/8afJg6LFZAknObvhD2So28FLQUrgESce2J5cNo9eWAgHAoW/ZIsDsK7dpgGaSmNJSyS446MsUgk0tHRQSAKrWHNKNJNlpCNdTZfCaXkykww7FQakQuUOyD6SS6Xi8fjqVQKtw81BpwATzafz9NTQM3bxcVFLDYYf3hB1SGcTufNN998++23T0xMHDp0yOv1jowMP/PMM9/+9rf/4i/+AsVxurq6tm/fvri4WKvVnn322T/7sz+DJfTwww9v2rRp27Zt/f1r3G73mjVr1q9ff+7cOY6vlMvlSCRy8ODB3t5eTZNKCdCjNO36sCu4JuOqx+pxmawou+kUkvFMVGOyNvfw8D4FUd63wdHVSqWytLSEmhGLi4uBQOC+++7bsWNHNpvt6OgYHR29cuXKhg0bOjs7+/r6hoaG0IgvHo+j3uMdd9wxPT2NHj0kmut13eV0CSmVrgqFQi6XVUJoxp4SQum6Xtf1q6xuIaTUpMZqXggpNSmFFELputKVrklNV7pNswVDQa/Ho4SQQrrd6D6j+Xy+YDDo9XrgJHo9Xq/X43A47Xa7y+V0u6/2qbHZNCk1JVS5VA6FQkqphYWoZrOFQ+H29nZN00ZGRozJ0SXrNC0M+hl/xPxPYtwEg8G9e/fedNNN77777tTUFNA26H44ZJQOaE0G4nKHe2YINYEcgfic3+9vaWnBE+np6QHzkK5nJVOJo5EulwvQH2jTiuWGc48KMQn0/qYa1jaj0iYv9p/L5c6dO4f8d+QAUDtjoa7NEpJe0fUUHYuuGuOVcr2GkpIOpZSudE27FnERFpMfjhq3F6WUNpvk7dYoaIfrhPiGWERRNxjXdrt969atIBfQ08H5iQhAuof7x6bHZzVVrbqtqVfHz0N3B+2FS6IKcyRYSKPA4OMXQEYM10/cOuRQM6H0hPnDRIN1Rd8F9R/9putGW0EYoNQUUDJKyLU810bnTFrSokj5ESZBb1YqlUQisbi4ODQ0tLS0lE6nKV0Vj8ludDeEr09353A4YrH45OQk3CZKB8IVwgwVQqxdu3bnzp27d+/atm1rJpMVQhw4sO/555//+te/LoSApY45HxwcLBQKTz/9dLlc/r3f+73PfvazyJPp7e31eNxKiZaW1u7u7rNnz3Knube394tf/OK+ffsCgYCxwfGkFDJY3uehs6ougmFOVqzSJDTs1iUuLDW7+NfwPhmh78/t0cUQZUhKmUwmATElEgld1wcHBzds2IAY2OnTpycnJ+12e3d3N4oRY61Uq9WTJ08eOnRICLFhw4b777//hRdemJyc9Hq9xk5w1mpVKaSQmmZTms0GMExXVaVLKaUSSkplPGYlpFJKQOGySZNC6EpJIaTd7tR1JNtl8vmMlEgZIZCzrusCxkO9Xr96zoZbViiIA80lpWYJp+tSXi2fI6UUwkYMOqAZuHECTODfAEmjddPZ2XnffffdcsstExMTiUQiEAggkoz9T/g19/xo8MomhFUqg9pAkBHeTKVSeGpXrlzxer1bt27dvHlzV1dXNBpF9TJy5si1EkZkkRqKggkCdUteGnBFFI6p1Wrz8/Pok06sbmUkO+O0xWKxs7MzmUwePXr0zJkzwP2EEIjJSSm9Xq+uS01qwB7hWORy2Ur1ap6A2+2ej8729HQp5ahUKoVirlQqSSm8Xm9ra+vOnTs3b97c1tYGnxgN3y9cuJBMJqFWfT6fzWZLJpPhcFjXRb2uhNA8HjdgNJfL1dISWF5ertVq1Wpd0zToTgNaVLFYfHh4OBgMrlu3Dgoe7jWcAySfIA2AKy0qfENSgwMzhPUpo/QGTBNgWdRvgZQQ0Y4IV6TDiC+jGQVB6FFyAjMx5kl1OYzB80k4fkiajFQdoBQCS6Aq8DqXyy0sLACQWFpa8vl86OqOmqtkFfHYNr1DMDKtRsFCpPAIUeANODzsLRQQQB0Am80WCoVQ/hHpcSj7pxk1P8E9hrEVCARKpdLU1GQstmizyXq96nA4EF6sVstCCK/XXSwWK5XS4ODGwcGNtVpVCFUqFWZmZrLZ7O7du//0T/9UCIGVNjIysmHDhltvvXXHjh2PPPKIw+EYGxt744037rnnHpfLBYWXz+fb29u3bNl85MiPKpWSxxMql4sOh+0//af/uHfvXr/fi81tY200ELZ8n4cJKVTUetTQRIIlaXCFZzfx+03IONkj9Cb/1fcNkzThpRjAviC/wuHw4OBgOByemJjo7e29+eabu7q6RkZGSqUSSB/Dw8Ng7o2PjwcCgYMHD87Pz2/bti2RSOTz+aWlJewQpIUppYTgJEkhBJGGG8J+3KPFBmHfArukwS9RCpoMloHm9XqklIDgnU4H1royUqYImeHgTM1ohmlywNGQVwjh9/thyyMTXDIiA9YoNi2Fjm+//fYHHnjA5XKdOXNG13UEyUy2uXW1katE5i3Z7MIoLkU8N/AsqtXqgQMHbr311o6ODqQJjo6OQny3tbXRF+tGMxqy4nHNqDa0vLw8PT2dSqUgKXAYkjHsdnsulxsdHYVWQ1IEketwPRTpbG9vX15ePnLkyPnz56EMYHELIXw+HybK5/Vpmk1KCcBQCFGrXa1kAZJ0d3dnMpksFArd3d2f/OTnHn/88ZtvvrlQKMzMzORyubm5OTyvSqWye/fuX/mVX+no6ED+yQsvvPDXf/3XR48eRUaBw+FCUyE4OvAOETxGWT+dlWLBhBcKhcXFxcnJSbRDgvkChgKEu93opIqPTHqLiwnBIq/czYKbC5+PVjtPI+NlKslrIe6xCS00UXtM6J/NMmCvgH1K5guVSbQZSfSUEkoBPBQJ0ozkgXw+n0gksOAhAch5wjHkumH5IdEb/4PkjIGc0Ww2iydCe0E3aj7QfcEggJ2Bcv4wj+xGg0DBbFNkEMF6SCQSKCMgjbQ5Cg/BMgM5KBwOz8zMTE5OBgKBDRs23HLLLTBAl5eXJycnd+zY8eijj1L9lEKhcPHixRdffPFXf/VXe3t7f/u3f/s73/mOx+Pp6en5/Oc/D0BSCOF0OhOJxH333feNb3wDHEseI8f6uS6KTRiEBtEYLOPqzYofXF2BWmPjAD5IcnFnjtvvJozrf+ngFwnSF3gESEtcu3bt1q1bX3/99d///d//+Mc//ku/9EuZTAbeQFtbm8/ni0QiQohcLheJRC5cuOD3+7ds2ZJKpW655ZZUKvXWW28hE5NYwiZKumgk/pLxy80EPhtcN7AUKJ0LFEg9iCEYhtQFTTTyBunMvIqd6VNQ/yGICayjygjYcrADcEytVmttbf3oRz+6efPmdDqdTCZxMDIo6ItWa8aaI0VOIaQhhbWIC5NKpdavX//444+3tbW98847b7/9NsTT3XffvX///pmZGV3Xc7kc2dEUMlSMSOl2u1GtHAX+ySMEgzmdTk9OToIvjliFEILIioi6IXe7Xq+7XK7FxcW33357ZGQElilBheRJ2Gy2ul7XNBsZHJVKpVqr1us14IGFQqFclj/zMz/z8MMPb9u2raWlRdd1OIJ/8id/sri46PP5IOba29tvv/32devWgcTb19f3xBNPPPHEE/Pz80899dQf//EfFwqF9vb2XC6nlIKZD/e6WCwi0QI3wncyoozRaDQajSLqJowmpdzOJVNGsgoAwlIEQDEePAHLMAVQkY7XiKHVDoOA6ycOCcKRMgW38P+1SLbR7wKvUdQKng3fWdSAAhcAow17AY4pwYk841BKCYsH0xKJRDKZDCYThmA2m81kMnC2wPIA0A3tKAz7UjPSCXCDUFSS5d3jf2TdYHrxRRRitRst7ymUjs1u2L5V4sGiGipWl2YwSEmUYxLQoHhoaOipp56Kx+Ner7ejoyOfz7vd7ocffhh2PMzHVCp16dKlI0eOTE5OgvSfyWSmpqbcbvfAwACkIp4OHnRra+tjjz2GfFwTF5G2ufY+kge5zNEaU9xwYSbWsVUkNs/DNwlortJMQvz9GdKoukYkwLm5OYg5rKrh4eFjx47df//9f/Inf/Luu+9++ctfXrNmDSDKjo6Onp4eWEbEhD5//nwwGEQb61tvvbVSqZw8eTKfz1MYgBwva6SBpo8jpYKVSdVYZigtCFIAeB9yWRgCCGaRyTChI2mFmUxv8soJBiR1gulC2ANQD8kmFN1Yv349Kjujihh2F4xxv98P9qZVt1Hggb+vGd18hGE+Q63CxldK3XvvvU888URvb++pU6ccDkdfXx+66M3MzADuQwodMcrqjcXRIQFLpVIsFkNCId7xer1CCFi7qK8mGmsTC4MIjsmHwwHH4vz585cuXcpms1S/mKx43J3D4RDqajtQKsKplK6rOrDQ3/zN3/zkJz8RjUa7urq8Xi9+sb29fePGja2trcgicjqdu3fvbm9vD4fD8IFgdszNzT377LOhUOjXfu3XPve5z/2//+9//qu/+isQ+Shru1AoAF/leoWWAQRfOp1eWFjo7+9He0LYB9IoEyWNfq2aUbwDTjAn61NkgWgO5JPxwyhIphnFFfG4iSLEmYcIT5Kqg8YCWshjXeQTkGeJy8jn86ZVZ4rjmta5YFlluVwOBfaQpFWpVNLpNAo1uFwutAeps8FvkH4LEI5J9ysjx47raVLVqLqHyaGALhH9CTih6zSJFEQoUarbxqqv0WtKBUEBZQTCu7q6urq6wuHw+Pg4OgM8//zz999//9q1a8fHx4vFYiAQ2LRp09jYWCaT+a3f+q3p6em//Mu/LBQKUIG9vb1IipVSYpmFw2GYyDYjnY7mXFpSnN/PwW1cfiUmncfltiDdZj1R0z/5eZuiVf9LB4/Dx2IxxFTsdntXV1epVDp37tz09HRra2tbW1tnZ2cgEAiHw+l0empqanh4GNZ6sVhEC+NsNnvu3LkDBw4EAoGenp59+/bpuv7OO+/oRt10o3TbVTgL69uAK69NJeGHgpnJpPa0RloqtrFkccpgMIgyH7que71eCGtuPdBruncIAgD3wKay2SzUFWSHEAKuGyVm4UlhK9ZqNZ/Pd++99x44cCCbzc7OzlKlhrpRmR4urGnRiEbLyLoM6NoISykWiz6f76GHHtqxY0e5XH711VdPnjyZy+Ug+Hp7e6vVaiaT2bhx48LCgt1ux8a2sZxCnBMklMXFxVgsVq/X/X4/yISLi4tLS0tI68FsUJqBaMz+lqw5uJTyzJkzZ86cQcc70mQk4EiyCCWhU6RB0SyVS1KKj33sY7//+/+uVCo/+eSTx4+/s23bts9//vPbt2/HYwqFQrt27XrqqaeWlpbsdnsikWhvb4eNbPAFYm+88caTTz7Z2dk5Pz9/6NChf/tv/+0jjzzyu7/7u0NDQ7gSIQRUPjQBwjMmZEZKUS6XUZFr/fr1uGZSZtCjpISAH5JvitlAyoGJ8YH1jC9ydUVlpeCQQWORp0UeGDletAWEJUYLoU/+IoV1cXn4UxjABtELcalobwZ/q2gMtFQk8JY2Iz19ivNxSICFEnRizxG8AeMJx9uN8nXcojWVmIEdSY4vDquz/qgUk6YNohvNicDbQhYTXT+pT/LUdVYDoVwuozyQ3W5fu3bt7t27H3zwwUcffXR0dDQajW7YsAH2ejKZfOKJJ+6//3673T43N3fo0CG4p5qmbdiwIRaLjY6OKqX8fkTNcVcAAEorSURBVD9KC8EXJ6COJNv7jNKZBg++SAuvRDDFxpFJ4iA0KchUN0q4NlWb8n3Mb8NWxLbH8gWqgLAKtd3TdT2RSIBP73K5pqenNU0rlUqo8q7rut/vp9JtqVTq9ddfv+222yKRyKZNm0AiOH36NCwXIQQv6ECLXjTSAq1TL5iLBkuZLHHFsgvJ7kZ4nwp/kDNneiLkhuMdNHQm25Oyd6kKhjQSxokeBjeur6/vc5/7XDAYnJmZweWZSjODnWViwK5kxHBVR4IJsaJMJhMMBn/7t3+7XC4/+eSTsHmhxZVSwWAQsTeElCYmJlCQBQYjLkwaHb3dbvfy8vLi4qLNZmtvb8/n8zMzM+D0owcNZDSS0vil0mxLg+5fr9evXLny7rvvplIpyYZoBJaxluyGoY3FUCqXbtq8+dd+/VcfffSRp59+5jvf+U40Oh8MBsbGxoaGhrq6uiKRiJQyFArdfPPNHR0dsVisVCpdvnx548aNKAOIWRofH3/++efHx8cdDseZM2dGR0dHRsY+/vFHvvzl//yHf/hHr7zyCsW3iCxHuorDkrhOgPMQzVi3hUJBa+yNLoxcNGpgROuE6BgUxCJsEIpKM/Iu0C4c+Q8w7YncwVc17hH0V42l6pM6AW+WDDUUl0HIGWIXI5vNolkdap3TBTPVLk08SQrN6kbOItY8NjIikdg7OAAVBqBHoc6RLARtiv1O3FTym/m6IuyOv8mXn2b0xxFCYGLpi4TxwByEu6k31rnXGaW2Vqt5vV4UK9i2bdvhw4eFEHffffeWLVvAKhgYGHA6nTt37szn83/913+dSCQ+9rGPZbPZ//gf/+P/8X/8Hz/90z/9yCOPDA4OEj2kUCi89dZbY2NjEHEtLS3r1q2TLP7Kb+Q6KjaaVS5vaaIUYzyQgMWLa7UT+WMjS4FOzfUfR/Pfn3sjdAUqAdAiljtQbGpsjeNhkwqjdTicNmkkLYBRVigUlpeXz58/v2fPnkAgsGbNmvvvv18IcebMGdwmsZgo+CyYNCc6IheRBFPwpUD2qTLSfaRBWKdnQ3nfBAbiuyaDg8e6TDE/CjOYjsf1QETefffdDzzwALgYhPjTDylWk0k002fcRaNf4W9CKECdr1mz5n/73/63jRs3fvWrX0XST61Wi0QifX19QPD8fn8kEoExCwMFhradtZ0jNj86iefzeVBFSJQTVQSsDTwUq9OpG4nM9Xr99OnTyB/ieWb8cdBuqdVqyOxxuVzlSnn//v2/+3/+ztqBNb/yK7/25JNPlkolp9N+zz332O32d955Z+3atfv27VNKhcPhgYGB9vb2xcVFh8MBgUXNaDKZzIkTJ9566y1oaFzkSy+9lEgk/tk/+9wf/dEf/tt/+++++93vwkSgYAzVqYGUlFLa7Tan0wFnHY4LilaTBKf1htkDmJbP5+HB+P1+IsFjIMkhEAgg1R3ZgShEJxuDc+SpkPokMghHyMvlMoDBYrEIdZXP5/GC3K9isUitqylSSBqLJBquUDBwlT6CzoZLB3oRkhrRsAKGkSmlknxBDChO3egKQhqaRxaERb5zb082Er74loTFiTUGw4KcSHq+2C/YICZPg5/W7XZj6vL5/N69e3/u535OSplOp4eHh3t6ejo7O7/1rW95vd4777wzHo+fPHlybm5u7dq1mzZtikQiAwMDFy9e/P3f//3+/v7Pfe5zH/3oRzds2ADpB7/N7XavX79+zZo11yWitvpQjYlrTZURRx3oRUM9Sf4gRWMFGtGo9nDY+5YDQIAeIBFYXvl8Pp/PI5gMCQLJCHsTwo5MYI0V18GeRFRgcXHx+PHjKFWcz+cPHjxYr9fPnDlTq9UCgQCWIyAX8oeEpTa/YKiLYJFzYWgXiBvaUURMh0kOeQR+o4mlLRq1jmBSAA2fYM1BSUCQEe8AB+P9devWfeQjH9m+ffuVK1eWl5eRBEYyoumEi0a3rCkWzbVg3eiiUigUNmzY8Au/8Atbt24tl8uf+9znXn311XK53N3d3d3d3dnZGQwG8/l8LBabnZ1FwAAFuij0ddVtMhqEImF5eHgYBEjRWLWPjF+wuk12NE0aMnmHh4enpqbg8BHDzcbSzzn2YrPZHA5buVyOxWIHDx383f/zd4KhwG/+5r/53ve+Z4Qn1auvvrp+/Xpd18+dO9fR0dHb25vNZtva2v7oj/7oxIkTTz755OXLlz0eDwSuUurChQsvvPBCOp2GFT87O1sqldrbO86dO+fz+T72sY/94i/+YiaTeemll1BKAwYct5nI46lWBaiAoD/AaaOwEAJ78MkQbbLb7YgJQXnAFQuHw+g1CNoF+YjkAHEyhTDCciCYLC0t8eBWLpcDVAhuAoEKfJI50cNut0ciEehjVAUTRpsk3p4J8CBwY7/fj4KlPPJHpAyKb8FXA1TD45SET9IaVo3lRWAoXwOlm1UpJHmCC4CQMUlV2h1UoUYY5VpIPSMgjZlBwVuQieyN1YhIFKAZhaZpc3Nz8Xi8Xq+jFOTu3bvPnDnz67/+6y+99NL+/fu7u7sPHjz4S7/0S+giuWPHjt/5nd95+eWX/+W//JdKqVwu9z/+x/947rnn7rnnnpaWlgsXLiDA0dXVdfvtt+N6TEr9ug8eVRHMcefCx/R08Owaetxw4cXtEZOYWMmu/199hySzHA7H4ODgyZMnES5CmEozChuC8keGG5YgXTM+0jQNzW0R8pmYmHA4HAMDA3a7/eMf/3hHR8ebb76ZzWZxTp5fzAFJq59EE1g36t/TTib0HMdg8wNywfqGwiZb2GRSSIPKD3OPyJDYIbFYTLCNShsYrtIdd9yxd+/eUql05swZIQTkLLcomz7opn6bYH1ATMeQwb5nz54nnngiFAq99NJLd9xxRyAQOHDgwEsvvfTGG29QFQ9wTNatW7d169ZbbrnF7XZnMhlIVWwwSGqbzebxeODrzM/PI/GOjGsyU+Cjo/IevyOOFSOj9sSJE+VyGTMAAovGCqrBkMN812q6plUdmiiVi/v23fLzP/ez7e3t3/yrb8Zisb179xaLxUwmMz8/W6vVRkZGUJi7s7MTvJJ4PD42Nvatb31rZmZmx44dW7duRXWudDr9xhtvvPbaa0KIWq0Wj8cjkcjWrVs3bRq02eyZTGZ8fPyWW2751Kc+NTMzMzo6ihw4wZxLeLfC6PqG8pVI+SCqJMwCcEfh+/b29gYCAZhrwOKQOQBWMGpBwYuCvQgfC++AEE/sQcoH5wuAgxbCaIyHgeuBgUWNFW2sEj/CWsFgELsA7HnC7oThq6FZIB5TOp2us+Jh5DtyXSJZtWidlccTDIChKKPGat+IRtoXrSXBiOLchLWiHaQOU6lUIBAA2A5XuFarLSwsoL2t2+2GuwntmEwmARRR3o5pP4ZCIUT1Lly48Prrr2/fvn1hYeG73/3uSy+9tLCw0NLS0tHREY/Hp6amdu3aNT8//8wzz7hcrg0bNiCrD0/h0KFDH//4x++44w74eVNTU4VCAWjKXXfdBSDkg+a6kVYzoYZWX8uET17rTWqyWIXF0aPvmwTH+3+Huq6vWbPmoYceyuVyR48eRZ5TMBjEakOrdUKZgAAQ1RgGLIlpUoFCCLfbvW7dusnJyXvvvXfz5s2XLl2anJxMJpPY2BDHysgc5LPM8UACrGWzsnikdYQQZJlqRucwatEiLKqFZpsrSNygyU2Bo4kqBrfccsv+/ftDodDS0hL6fgmDtUxYJSdc6KwuFMcBuDonnNNk4sFXaGlpufvuuzdv3lypVDZt2vTyyy9fuXLF5XLt3r378OHDNpstFotNT09Ho1GbzdbR0aFp2pUrV/C76ACnGdnfKHCVz+fPnz+/tLSEJDmOjPEatcoocEV+Btd/NputWCwODQ2BfAT7wOPxCSGUkna7w6bZlBK1Wk2/+jQ1KXRN05aX4729PV/8mZ++acvgd7/31IkTx4NBf2trRErZ09MzMzMzMzMTiUSy2ezp06ehRfbs2eP3+9GHFiBwKBQCgWJqasrn8913332vvvoqquS4XK5IJFKtVnt6egcHBzdt2hgMBg4dOjQ2Nvaf/tN/glFFZg1ED+/SgrVExfLhpmMmsfYQfo5EIn6/H93DIUwRSYLXRQaHSRPw587zt7Bu6TIEc1Ak6yuEC6AQnWYUXsfzxbMjPIaUH2HyJvyTG+ZWCIH+x2GEN/LAFe0RwnXpU8oZBd8EgXyi4dDKxwnpp/FMiU5Criod9vjjjz/88MMDAwO80MyPfvSjf//v//27775rN0p+c5GC5YyLFUIqJet1lEHQhNCq1YrH48tm82fOnHv++ReGhoaOHDkSDAYrlcrk5KSU8p577tmyZYvf769Wq9lsdnR09O23337iiScOHTq0c+fO/fv3f+lLXwqHw3a7/fjx49/+9rdHR0eBct155539/f1wjt9Pqf5ehsbSgWgNYI+bgGKtMVHbbloWtG6sZstKhvz7doeER2NL79y5E4y7l156CXmvOAY1rcmE55gkVTfAVscNwlxKp9Mw5DEGBwcHBgaWl5cXFhZQNQe6ByFuQB+QC4oVzcMmIS9NCIFS31pj+QNhBJaBsMFW1RoTDWnvicY0MjhqQOcBK+m6DkFJmUPFYrGjo+POO+/cuHFjqVSanZ0VRj41oujEdEd8wsTnthmFjjAztDw0liRLdSiIwIZPwdDJZrObNm1yuVyDg4P79+9H/89MJgNfs7e3t7W1FfgP0rkg0aiXpmTF/sfHx6empnAw5WJznJZjEZC8gnEdyQpeWloaHR2lhUR8wquqrlaTQrPZ7MYuEg6nA+kiDz744IED+ycnJ1944YWzZ8+2tbXt2rWrs7MTdJ5f/dVf3bBhw1e+8pXnn3/+7Nmzx44dCwQCfr9/x44dv/zLv3zs2LGZmZmBgYH169cfO3bsP/yH/xCPx/fs2bNv376TJ08ODg7+9E//9ObNm51O9/bt27xeH5DRgYG1hw4dfO65586dOwdaNiaH+HV8A2IAJyDwkPIohBCoPRaNRvmm5rYLETHobFyv4Ft4QNgsLpcLVFU4iGREchuLO2qYKL47iEYhGnFvYYHB6bHS9XBxZhV5BDDyA+iFiQ4qDOWNgtpgQra0tITDYUQxY7EYoHJi4VJsEr15QVf2+XwtLS2o5AdCCtYAoqGKtQmTUq5Zs2b//v3Hjx+n3FwkpVBFStR/MM2nNAjDuP5z585t3br1l3/5lx9//PEvf/nLV65cjkQinZ2du3btCofDSANdXl5OJpPj4+Plcrm/v/9LX/pSS0sLFkk0Gv2Lv/iLkydP4o527tz50Y9+lGhcHJj5IAz+lOnJrkL1IFvBTpqDe2PK0iZHWLgonMPz/twhha8JcNu4ceOv/Mqv9Pb2fv3rX9c0LRKJQAjCb+PhQIJN8H8sFqMYBlHCsC7BB4PEb2trC4VC4BlnMplsNtva2qoMPj05PZSEVDeqT1GfDo7n0MbDFxFHoeA2BzesbCu6fmIeE6CqWPuYarUaCoXuu+++AwcOAE2NRCKbN292OBzYeDabLRAIoMaHUazSxmMScL/gCgCPooHIP26TylJwWUPlSN59992zZ88izlSpVFA0GbMEZiOMEvIw8GQp0gZ54XK5xsfHz58/n0qlvF4v1VDHb5mApqY2Gc1bqVSam5tLJpMgBGID1+vXGjcrXVGNY8ODUblcbsuWzYcPH+7t7e3v77/11lsnJyeHhoZmZmYmJiYuXbr0xS9+0ePx/NZv/dapU6fQOR1p6Tt37nzxxRej0ejatWvfeeedBx988PXXX//qV7964cIFh8Nx7ty5/fv3/7t/9++2bNmCgqgbN250Ol1CqGq1rmnSbrd3dnZu27bt/Pnz5F7zlaDrupTXEBisc8xMzeg7TyYgZlgIQSFGvElGmI01NaXKVVT+g0+yblQ9JoSQq0NSJCY4XRhIKSVp6QahV2f1VkQzPSeM2KpV83FaJm0ZiqlDIRHCicJ74XDY7/eHQiHUccVArNHr9cKqox8tFovRaBR9/rBlsJ4p/UsweIbHJmmuMNUEemO2165de+//v71vD66rOu9da++t89DRkY4kbMuyZMsCjC2gvIxjHsHBNJlOoA3B4XIvJQPNuIEWkj6Stv9c6MB0WoYmmTSFJrnQdgaS0iYhSUkgDI/UQwgUimMIAfzC4Ae2sfWwHkfSsc7Z6/7xaX/67W+tfSxDjGWyvz80R/vss/ba6/H91vdeu/aRRx6hMGry6iLIjFAwlueeppKtFWEY5vP58fHxxx9/fOnSpRdccMGWLVsmJydXr169ZMmSxYsXt7S0jI2NvfXWW4ODg+Qxt2PHjiVLlhQKhZaWlvnz5w8MDNx1112PPfYYtd/e3v6xj33stNNOI/P2XFNIKktxqOISFyodkSfMyG0Kzjh4qKlB0iYDZjpmCu/bG9LRlaVRdiYulUrr16+//PLLb731VgqYJYcxZqa84OgKLSDyuadlOjY2xliI2Wm11gQJdP7K5XILFy7kUBVac4QElPmbvYdFt1k5xnl0WHRDtOPECgR1fHZmjm+ihD0cWUk2cx1FzJx00knLly9ft27dsmXLlFKkC+JTPHFAcmgmyz8l+CHMIIZF2fbI24VNUH6U5Y/YBJ0t6HDH9xBSEk+keaHTKNXOYFMKDR0BOZ8JyJONjHA0rcVikTR4r7766vDwMMkN5GLAxa6cJ3T6uRf5grP6cXBwcPfu3Tz4UTSVCQIdRUGR/mc67UsYhpMTE1rrSy65ZNmyZVSSO5PJUGU+MnEppfbs2fPQQw9NTk5ms9mzzjqrr69Pa/3666/v2LHjhRdeGB4e3rp161VXXUWi3sc//vFyuUzxeWEYvv32288//3xfX98FF1xw+HCVRmZkZGTbtu20PinhAKUmYRsBwQ8qY2l2RBw0vwinu6VTBaU39KFOKW12qirOUEERk1FN8AyzXdRVorrPJBhC2CFFgXWKZ595CO0dLpchHqTixWJ4V9LyppNoqVQilGppaWlvb6eKelSBmpVs3BOM+0YUob6RPEruXT09PYsXLzZRclT6CR6eFBgFWcOB/edIWf5JsVg855xzLr/88nvuuWd0dJT1N8SmjIkpXXU8npjK0NAbvfnmm3fffffQ0NCPf/yj//zPh5988slSqW3hwkW5XOMrr7zy0ku/bGxsWr58+fj45Guvbd63752zzjprwYJ5L7/8ym233fbLX/6SvGebmpooKo72O8Hn3IQ3E6mmTdwXRMUTZsXcRCimwTatoUJAxdWPOKlvvvnm+/mSxqUFJTW953lPP/30P/7jP77xxhsdHR1CFSv0e2TqMFB/ldVZ+I4KtjHbJOg6MWt0pCb84xQMQVRUnhc3J31gCY+NDWwFYSU+G9412LdZuOEXIQ0J5czt7u5etGgRh8GS4EV8kMRH1AjxjsU8ERy0i943YTwPtxBVQ8gAQp2vRVn/ORCKsgJSNmS6h6VYxu8gCGjfUnrPXbt27d27t1wukyWST8fM/vC5KpIMSI3JhwbP8yg95ubNm6kcnQKRzvMCPoCb0IThjKNQEARDhwbb29tuvfX/Xn31p9ra2mpR/bOBgYF9+/YRQpP/C/GvFStWFIvFRx999PHHHz/nnHO6urreeuut5cuXX3LJJc3NzaSVbWxsHBkZ2bt3r9Z6wYIFpANoaGjYsOHpH/zgB//1X/8VhuHChQuvvPLKK664YuPGjTfffPPIyEhbWxsZ3ii8nYRXY0Lf98hxf/HixYS4XN+ARgPtSeigxHJSGE8ByotcRQCAC965NUzczxA3KWMttmDijhjoxMFbib2uCMjJUs6x4WQgp6XFu4wkM1a0ctAbp10m7KG1zdKqDzWk8NG4zhHFhYZAjIZ9EQPyBL96+eWXP/e5z73wwgvkYMKjQbAoJGDqAMeBoKSYy+X6+vp++MMfZjKZTZs2+b5fKBR+9rOf/exnP2tra+vu7h4cHKQsXE1NTT/5yU/uvffeKGB/cmJi4vd+7/fuuOOOZcuW0SNYuHw/FXJHpN7eXjwMobiGSMQLiSdoJgEEzhwCQxiPJ1CRuH1c3t9+KOFBoVCoVCoXXnjhmjVrXn755f/4j/+gmnuY70eDkTkIgnK5TDuHQ6yUUlQeSRzr+LMHwYMEGBMTE8SedDzSixclhyjx0GOELC1oSorI3hlsxBatefFiH6wVodaIQ+3evZtjcnWUe4lDiFijRQKfUCshh+JTqjiqkwqXW2MewRpsxnJK3Mxt8v08I6wsIkPmyMgIJ/cbHh7GHMF+vDapshwKFJyX2ZJPHZ6amqIqppRXDLNRUzM0hsrTCsodEFPu7e1dsmTJnj17du7c2draSkZ4ckgzxpBvJD1xZGRkz549ExMTV1111cUXXzw8PNzX14cVGJqamrZt23bfffcdOnTohhtuOPvss1988cVHH330u9/97vj4+NjYeEtLS29vb09PDylsDVRhNRBtwhvT9/3GxjxVlPY8b3R0VEdVmxn7UbRSUSBECPFhuKrRPU9FFWtrruLXQlYT0IWfa1A3jtkQKzbEXuZgLw/SX3FqLnx9JD+qIYDZ8hjMMLoDNw6uW8Q2HdVREglZGPn4Il8h3MX4Iny0B0EpPD5BEJx66qk333zz3r17KaE2KbSnpqZ8PxB1ZPjd6fjOAKyi5GGbNm3q7T1l7aVrP/3p67q6uo3Rn7xy3bX/59og8HK5fP/AwM+fee7ee//52Z//XCk9dbg6OlJW2lQqlU9+8pN//Md/3NvbS0JbpVJhe96cIsQmBqMw8gq2FyffPHM8N3G7mriowN7GTTilqPeZaOlPTEyQR1a1Wl25cuW555574MCBLVu2bN26dfv27du2bTtw4ABnu6D7aZ9T0hC6wq5oKr6RlCvgT0e5i5RLuDFRYLsHyXV4VGuQQokviulBC4SG9MHOicQTN90ZQjAAOhox79BRkUYGMx9yOvPJF9+XiEspInPhe6hjLFeJkF6W0jjjA0f8oMsZHlq5/yFECjrHTUHiQRM5mlerVQJLFZVIZTwjTjU9MlYFjDCsnXnmmW1trd/85jcffPDByclJssU2Nze3tLQsWLBAKbV69erTTjutr68vn88//fTTGzdu/MhHPnL11VcvXrx4cnLywIEDQ0NDvb29b7755ve+9719+/b19PQUi8W/+Zu/6e/vz+fzJ5100sTExODgIMF9c3NzoVBggxCpARTAD/fQ8zxjwkqlMjY2FgRBsVgkLxtMAWXA/M7/8vCKtWogekRFxggDbpMso6PEjDKZsTxQ+FgTWo6XKn7+4wWs4qdqBeomBYczLx7FKA6duMLFFtYgtiLZgIQPEqCFyhgh+flQ7sC30pVhpHxDQ8PixYtvvPHGu+++u7+/n47UxphaLZb6hFd4DbJ5cYJ1jnAP/OD5559/4oknSqVSV1cXeQl4nse16Tnty/QWHi9fdtlln/3sjatXrw6iIlbk9jIHFZLKQiIdabN1PGqe3o4tne7YbQXuJMpSSPKWmCOiq44qYfLEZDKZzs7OhQsXrl27VmtNSVQHBgYOHjzY398/OjpKH3bv3j0+Pk65kbjGmNNNSIyDYKkC84S0p+K6hRCiYVRcwyPYK25OlEgUCDGIWyzMoW8I8zW20omjtOgGEYdIiz0m7hRrTlnskogghFkhNqujPHsqMlogaqq4o4HtVaHgKID8kRWe5AxNYo2GTLUcDjG9jE3s1aifjY2NDQ0ZYwxlgyShjc5Pra2te/fuvf322ymbg1Jq6dKlp59+uu/7/f39U1NTr732WmNjIxWZJG/sTZs2vfjii52dnatXr25paXnttdfIVaGpqSkIMrxXm5qa2tvbM5kMSbHsfBFGLuYhRH1NTExQhhEKpuahRlkNcQuT6ZgoLRxb7wgdafbZV0joGxVghq3Dx/O1fZ1IIKK9lxGQ+CCStFY9SJKgrBSIKg6idmd0nISTiAcR/SYqrMFwiMdNlNuYFGCt+CoIAopD/9jHPvbTn/50aGgoikxw6MPQxQyXOqfDNqEZHBxsaWmZmpp666239u/fT9NKeEmQRuuHMiN/6lOf+vznbznnnHOCYMaI6Ps+F0hSc4mM5Ryr4sd6ZE0sdGnOuYVTyP+GEM8fxh1w54LEhm+ez+eNMazW0JHJkX0HSqVSqVQi1W0YRft7njc2Nnbvvfd+4xvf2L17Nx2vDKTb8aCyIh7W+GimIx9iBWGkClSCZAQS7AaPojqubhJ8X1wh276ONOM6Sk9sohg7Vkbx7uIr6E7mgfcd2qtUhCWc7xyxykZEXG3MLhHp6Ss6aeJvhcw6Y/eKH/NVJPn5kNlBHMAN6EI5dNePkiZXKpWRkRES031IjeF5HrkaRs9ynNgoPiGTyVDFkJGRES5xQHUMKFbkT/7kT/r7+++///7du3d/5jOfmTdvHqV+pmi///7v/w6C4K/+6q/efvttqj5x9tlnt7e3j42NVavV66+/fteuXQcO9NNTyKecIt4ocyCxJ2W5C9ZqNc/TxWKxvb2dgtaJ2ZFljiGBNBMc/UbVYQi3bKlLmGN1XB7SoJCgWRYowneq2TlRi1MgLwx8Fr+I+CH+ywtYxaM/xYOca4+3Nj4dv2I+gFYogZoCCPk6/kTAG53F6VyyevXqjRs3DgwMkC6HZE6llDhD+j5pWUJjVBgaqrXkRUEsLaWmw5WKH3gmVBOT5SBo0FpPjJQpF8HkRCWXzwyPjHZ2dtxw/Weu+d//q6dnSdTs9AnSGIPmmLlDAnGI6SFrwmHCH8647QnoMlEWds9y53WusONFuP0IY6ZfLHCU79GRrYK2KDm8ffrTnx4cHLznnnvIJMNuDnw+4sQHNqPnMSHPFN/3TzrppGKxSJ6THR0dF1988bZt23bt2kVKJ5Yb4kx2xszDAjWXQPMif1QNfgFh5MypIu7PNa5UlNoxjOLhyBHLRIHMrAM04GTsRXUIa1FpUAP5QsO4c61YTPgVt6kiE464U0jASfp9hPMwSlZkn7KRfYSRnzSNG/m8mSjFsAKbcyQEe0EwLb1ppXS0kKgRrTTVJSiXyxRd3tzcTLmRKpUKVXK/9NJL169fv3Tp0jPPPJMKAW7evPkrX/kKXaH8WytXrty4ceMdd9zR3t6+bt06CspkbLj44osnJyeN0UopSl3h+342m9mxY8dLL700NTXV2trKyMTxxQ0NDdXqlDFhS0tLW1sbZ9mmUzxBHQl55XJ5aGioXC4jBxezwHPhQSC2PSP2r44YY2TPZtIsJ92DywmPR7iu0IDn5E6zQVn7X2cL9gcW6bRFfJutSuUDKO3ijo6OfD5PgfacEZvq4iqlSJFcq1WjLRaydlZrrRRJ5FN+oJUKQ1NTKjSm2tCQyWTy4+PjlcrhWlit1bzzzz933bp1H/rQh0ZGDr3yyjDFe5ArKRG5ws010Q1PYKhtTpprPsHH5DYFfMqeaWToc0ch+e6IfNsaGxspIOz3f//3JyYm7rnnnrGxMUhrNP2C7PuOpUSFOEVQVK1Wd+3a1dDQ0NbW1tDQsH379ldffdX3fTovmyi5u2elJmJfL3bGbWpqYtMuwTaFBxhj6HTPnpakjOV0jhj5QMdDFmfJ8Re1KDqupVTx3evUN9q+ALxdbWne1mmLb2fzlRBt+TM6C5i4TzmrJigSy0QJF4TydiY7rZl56PRzte7v789mM4sXL25ra5ucnJw3b15XV9dZZ521evXqVatWTU5ODgwMtLa2Njc3U9CCUqqvr2/t2rXZbPa111778Ic/fN555915553XXXfdtddee/fdd9900039/f0XXXTR+vXrL7roIpLPGhoaxscnM5lMEEwfniqVw2+9tXPr1q35fJ6qb09OTh46dKi1tfXss89ua2sbGxubnJwIw9rExARBF2We45yKXOxCQyw8HzX4IFV//JOu1NEo4lKxhTn7X+Q24pRjH6GUBW/OdUuEApxT86lcQCUWLTaO3gZI6NQgFKH42RYyVHSMoJnyPI8OTBMTE1xIj39uH6yRiRcKBVp+FKGrtebgVKpp1dfX95GPfOT0008PgmDXrl1tbW3Nzc10FqfUsuwvMwftbfbQeZDmApGIzxnTCuGlS5equNCmYM3VoBqZWKz0744dO473u79LoowhrFfZsWPH17/+9a997WvGGJpsTqOgQdeHLfA6C6DIFg09xf+3tLRQrktSi9Wi8mYYPaYjvaKO7MMEpRz3TX69QVRVNYzSHZHXn1KqUqmsWLHiuuuuy+VyWutyuTw8PMwFrig9IDn+cngfMUH20UftCh0k2exsn2DEHhP7WblkOzzgO/mIk2xdBH1gLoP2OTp4elG2LY6F6u/vf/3116nMlQJQ9DxPqZlqbcYorTzWIddqtdGx4VWrVt11153d3d2UIWzhwoXt7e1a6z179hw6dCibzS5ZsiSTyQwPD//qV7/yff+UU06ZN2+eUmrr1q033XRTX1/fqaeeumPHji984QtUl/Wuu+56/vnnV6xYUSgUnn322fb29g9/+MMrV6689NK1S5b0UFJjY8yePXsefPDBb37zm+Pj46VSieJD0LDa0NDg+161OlWr1ShTJefHIbUSSe3ox0RuNc4TjKqLZElU/4YkYEsCOZUAYEmtOVeaeK/6ACaW9xE7mSS6OZWovK8FR+UZJL2CUooMFhTJjl5XnNgFa+6gDglNCSwd0sLO5/NtbW0nnXTS4sWLf+u3fmv58uVUJrdYLJJjLclqQh9rv/gcod7eXhWXj8VqsU8M9Ff39PQkTSRzLi/u+45A+MYbbxzvd383xKBFhiXi+P39/Q888MCXvvQlimVG5NNxx0WxD03kdxNGxQ85dQh51lKCWt/3OcjMRMY5kskIpajaPZv3SUmloxIeZCEzUSk7EhaLxeLq1atvu+22VatW0Q1sE2JIpjs5GpesMtVqtVwukw/hyMjI8PDw4OBgf3//O++8Q6IAesqJsyeeJQWkCZZh628Fpzji2V+oPRWEBAgZjm2lrNcNw/DAgQNvvPHGxMQECTHMBbTWQdAQ2TCMMUqZ6eEiz/uR0eFCofH22//62muvpXT1pOIbHR01xrS1tRUKhf379z/22GPf+ta3fvGLX5RKpRtvvPFP//RPs9ns6Ojoc889d/vtt4+Ojv7Zn/3ZVVddVSwWn3nmmeeee66rq2tqaupv//Zvd+/eTaJkEASlUlupVFq0aNH555+/du2l+/fvv//+B5599tlSqeR53sjICOUZoKyMPMC12rRqmjgjFXZgv1MvCkJnswKH5dZnYU5OgXOH/zqbYhYhbrbn13nFhhyc/SRss8GJ/9puk0krFn9i28/0LIg6wFoT0abojIoU6YQ06AxpIlsai1Nk16djN/leNjY2UkYVSqJE/7KmkRSM7NJCHXOGlCA3m4PwdvLJJytQC3mQ7UX41oqlK0P0VTy+Ull1u+fgy78L4vgtNNF1dXX90R/90YoVK+64445NmzZxHSxmlM7Too5HyLMbNF0nZSZlgFRx5xQNzks4SZzIkTCS3QhZ78E/7+zsvOaaaz772c+eeuqpbKsTtbbpoXSR7e08lbZGmjKEUdktygRPaj0qZcLJt0ZHR0l5QkhJHzjDJJ80DXjuGPApV3G2hSRgz15vONoeFGQxkbOfipJGDg8PUzUQDgnCv2EYhuEUC39hbdoJiNrP5bKHDx/etOmlNWvWlEolyueilGpvb5+amnruuee+973vPfPMM5dccsnpp5/e398/MDDQ398/NDREtpPzzz//D/7gD77zne+USiViXmvWrOns7PzWt771L//yLwcPHmxsbKROUrJ20nOuWLE8DMMf//iRV155hZL0k8cKSmDR9jQ0EugnouB4q8DZFeddJSgVPYgqw9EO4+nfVLIkhE0lfaWteAb8ykavpDZxxXpWSIANSArQRYEBjNcDai8wKg6jAjyIAeDPpM3jBtkNki5y6JuO3J043pw+8/2Y58yHTEDcPldC9yHAnDfCLPme8845ztLF2VqBrOZBWBSzixnhWPxvIDNbCOGffBtePKLi4oSjlpaWyy+/fOXKlV/84hefeOIJUgnqqOqm85QnWLCOF0mwJ4Yd0gg7OewUA1cJIUiVJ+6vVCqUnvHcc8+95ZZbPvGJT+go3Zzzjfi5JLGxzyR65HtQW5J2VKFQMOCyyOIXe9lx8hSumEUXCQXpCl0k8OYkhHSFPdpJkGUIxyeyYyeCIvaK2brWmsqYHTp0yItSwFAfyKhAGmYNsS/RjEz7lXjaI17H6z8IGiYnJ5966sk1ay6h3D3lcnnLli2PPPLIww8/PDg4uGzZslwu99RTT/X19RHgUdIsyqK7d+/ev/iLvxgfH29sbDz11FNPO+20TCZD6XQrlQp9pnLJ69evX7Pm0lKp1NOzpKGh4d/+7cEnn3xydHSUasTzKV4BzDC2JU03bswjan1VsgCk4jUaBfbYhw+7EfsgKJ4lPov9xcKNrSRABw0P4uS0K4hNXNRgb/bilR0ZbPAD3ybC1Pwo4RnGdGMjDFF4D36FOCqcPMVEOAVoPTeCjI8p4SEGlxy79YrVzmsmVr8NTwFC84ZOKc5l/YGhIAg6OzsffPDBTZs2/d3f/d2GDRuGh4cpMJzL3MyodC2YF5uZM2BxKBWvYPazN1GkEQeEsTmUZA5ywiRVZDabXbhw4Z//+Z9//OMfb2tro6lpaGggeUXFfZfZ0E2u8ENDQ5zvg7vEgKEgEwRDVzUqeUoSG7vMUGaTWpzCKM5XxGNxaxh1R2YkXnVhnEw8mRP+W4PaXSbKHEZdospefDij0wABMAd9w8kjSpRsTKiMp2MiuB94+Xz+wIEDjz/++CmnnHLo0KH77rtv9+7dZPBvbW0dHBwcHx8fGhp68803tdaXXXYZSWYUcN3e3v7Vr371gQceePLJJ88777wbbrihu7t7wYIFv/3bv/3666+/8MIL7e3ttVrt5ptvvvrqqw8dGikWi9ls5oknnrz//vt37txJpclzuRzK9DxNpEIlBzledcoFbGI14nXx2ZaWRGtJQpvAIWUBm8AqITyhBCaEKv5KhFRr8LD3EkhglReF7ujIqu0EKg8ifEQUthPzWMBi4sexsgS7jZzWnpf6QIUj7BS4P8DETECcdeyjAO9fTfFtOMrYhD+Tnchh2p1NCMsJR7S8KNvkueee++///u87d+782te+9p3vfIfqf+IeU1bOfrsp5LM6HmRGkjFHyHLj5LlOfJ9MaHR+p/Jy69evX7duXUdHh4HUJ/39/RRTzJDD/nIEIQRvlI2QvuLKAyRvcZYQxgZbu2giPxRGIHbMY1MBZsLk1SLkP/65ih+k0HNPAJuKqyJRbR5GCVloiEg0pEdzHAW5lXI7kclThSErJMNaPKVLGJrGxsZq9fBDDz3U29t7yy23dHV1/eu//uvmzZvb29v37NlDgdUtLS0jIyPLly9fu3Ztd3c35U3ev3//nXfe+U//9E/GmGw2+9Of/vSjH/1od3e3UuqMM8645pprxsfHC4XC9ddff+GFFx46dGjevPlBEPzoRz/+8pe//Ktf/aqlpYVi9cbGxngtKSn0zMhtYhsmwY+4QWBS/ZuVCwJRWhLd418JwxU3peMqQR13P/bjCat8V94QvIg6QKEMRC0fJ5/EX/mQUoQELIFh7OGF2UYYKUMr7ROTWMDKkrdwbStwj1IuaVtIFx883luHvLiTKmoOdNywgueDaT9JJrwPwzOFrMZ2lBPUTxIVjOIrW58ThuH4+Pgzzzzzgx/8YMOGDdu3b/c8jzz42b2eV56JPNnoWwNOTcidbYUDc3M/ykNBm4diPFeuXPnRj36UshSS3o/VgIQ9lNlSeFhhniT+KowXouQ78SIqABHbsJ94p4rHAAhAYmnD1h6In9RXsAhGIJ5F08qwzV3iCRLTjWdqY4xS2vO0Up4xIQXPEncbHh7O5XJ/+Ifr//Iv/3LXrl1f/eo/fPvb325qampuLlYqhwcHB08++eSVK1f+7u9esXr1BaVSSxD4+/btu+666zZu3Dh//vyurq7W1tZ169ZdccUV8+fPr1QqO3bsePXVVzs6OlasWOF5XrHYXKupRx999I7b7zh48CBpg7mUjFKqoSEIGmbSoalp7qYI22woqiNambh1igdBxZXnyClwjhhX8FnYGp+mhVcq2zsZqFAm41xohHC2YtCPkkAyqgnE4iTInOCKH40SGAp2qDBkXSJ5GuNDxUjWIafUhbKvU+qyb7Ov/4YTJdxQcUcBtOInKREDbQlkaFVGjmDzhRNX1atdwTE23tAH3/eLxeLv/M7vXHrppQMDA9u3b9+4ceOGDRv+53/+p7+/HzGJPFNIfiIXABbLUPfiPLIxm6Cf0O4qFArz58/v6OgoFAo///nPn3rqqTCeWx11gAgnYspNnJyvqSLbHjau4ihi/7XbdN6mrK0ruscXZ7+o7Icy56J2mJ8aV4gLj56a9iYghqtM5DDp+97Y2BiFl9133z+Xy+Nf/OIX/vqvbzvzzDPvuuuu/fvfqdVqnZ2dnZ2d3d3dnZ2LSDOcyTTs37//0KFDlPI4m82Wy+Vdu3ZR9bhqtdrU1LRkyRKqB5bL5SYmKt/4+v/79rf/bXh4RCl9+PB0FVytVeT56QMAM6IoXq1JgpdzVdvYxv+KrxRIXQqELT+emEqD/tCHpIsaTFlC3gog2T8KUrYoxjYqvI5CGMtbImcQP4K1hQEUrvIsp0d7TYqVOUt4m831Wd6WEpO2wi3EAUsw82l5WshtSMalFMaLWusTNAaA3wU/2/iPi54lM3aaOHjw4EsvvfT6669v2bJl586d/f39FENGcZck7rDfHXpCIs7xg1DbSZtTRWoKMtpR0kvB47jbfrwyhc3X8GXxSI6tqQR04XvqAA9KrvYTk4Y9aT/XeVCdr8jwxrW5eUvgs/CVBeO2OLs/NVUltTAZOy+88MJbb7111arz+/sHvv/97z/22GMjIyOtra1XXHHFZZddlsvlDh+uhGHt4Ycf/vznP09ptHp7e7PZLMV0n3zyyTShVGOsVqv94he/+NKXvvLyS68EQcPY2BglHKFnGWMqlUqhqZFwF8afj0FuZaA4jIq/nityAx0uUAhzemF4ULYJ1YMeZKlH2Qs1hMIjQ8CYF0+6yLdpSOGB0OVHhR0YuriTKB3aM5t0FHM6ZCWJBSm9P8Rym+BvaBRzTq7u6enRcU9IXvTizCK4P7X+Ptdv+3URSxvI00lrR/YksiSRQ/xERKOjo4ODg5QJcHJyknLksCsgmbLIV57SIJGpjJV+YhqcYIOQQ0zBGMMVU1WC4kKDs08dRBETysooAW9i9u0TwHvZ5+9d1g+tXDs4pF4U3k6aSTxDCBFWxx0W+B52UpicrDQ1FWkl0KmiXC4XCoVrrrnmc5/7XGdnZz6f27x5y+bNm5uamjo6Oig2dvv2bX//93c9++xz3d3dZ5111hlnnLF169Zyubx27drTTz+d4u6LxaatW7f96Ec/2rBhw9RUNQgy4+WJMKxVqzXq0dTUlO97pVJJ6ZlVymCm1IyiW1skkFvH3TcESiGwITYgYqFQpUHRJ8xgjD38mSBHx+s6CYcLD6K4+AahSMS/drfrrC6nBHZUWJVC2nGn3t5eG4zCeBo23NR8m6aobyK2UvAVNOJpiCrg+4+7vc2pNHBKHkjkc0ECFkd0kRGLLlJcF99A9zNKkdaR4qw9qDvKvoLEnsbHxz3Pq0GRaBMFYzHaiW6byNOBnBUpnxbl0eG4b8Gj62j88LOQ2RUAFaIaersI4U/XDfwQXzkhPKlvguozlCQ1kdaaUqnpKCSA9Y0abP5CYZsk0Cil8vkCVwYhIyjx06GhoSAIbrjhhptuuon8R6iOue/7jY2NQ0NDe/bsqVQqra2tnueRxnLjxhcHBgZ7enoaGho2bNjw3e9+95133mltbd21a1cmk6lOzfiU1mpVrb18Y65QaCRezy6RQtyy5RKUpZzylhCzhIOG0B/acpUGV3hy2XX6dLAyEPFP/Mse89QOax0RsXii7UAa59p23mDfWf+2lOYaUXYR+wxqrFSRSFprvXTpUrTLCbmPPtiQyG0dd2xDYmwOo9rQHIPFSEbSFUlm7BxIx3wOPeYfciwXhmQxMiURO26YKMVtCNXL0FMD8cBEbhoizAvvYeHviJBWB+qYwKG83m24HozlF+r8ySyFs/rWtSMyoDqP1lGSa/YrUcl6V6Gg489cKJKPiqy5ymazlUqlXC43NTV96EMfuvLKK1etWlUoFLLZ7IIF8z3PC8PpJDVhGB48eHDfvn2PPPLIQw89tHv37nnz5jU3N7/99tuUUmtycrJSmfL0tBzm+wRshXw+HwR+rVYVIhpxfjRmoRYRLV5oBhNikIAiuo2jr/gzi1Bs36LWSBNIugSMKQ6icmUUmY4yGXfVqUdKKaUkIrmNPiMSGYh4U2BxnznEcD5JZXn1iAOyQEj6dy7Y2wy4/BFicVQWO6kTYDD20BX2emfEEtnbENLYIR7bIQDjxhG9alHlYhGwJXwLEeeES4gCwBMXbVzEr5QlqykX7IXx7Mb1QQ5/lXTPERs52mk92tt0PIkMCc0UOU68WMUDNJW1quOCThBGtRRYOUzRDo2NjaRtJgsNLTOtdTaTzeUa8/m87/sk7iulCBiUUiTojI2NUZIa6mc2m/V8RQuSCty0tbXl8zlaZdls1vc9rWMxXp7n+X7g+4GQwFgHKAQyLh6tIudPlqKcwV7otcEQJXAuCAIqOc2wh7OAn5OWhC12p2iXkk3oEeKUr5RL7ex5XmIhGFV3jeo5Fg/vQbIJPIPznvc8D0u3ZDIZPgsLxT0xRAQ8btOPEvSJ2GQhmZnIdZ5Dp1EtiZ+d2MaeimE8EwceWPA6T6eyQM7+Fv/6EL/IJEDR/hft7fjz0KoDMJsVUkfDmcTp6iifOaizBmXtmpqaKHkmSb1BVDYIU9ligwyBtdph3w9o5ZDJjSozHD58eGxsjEeYfMcLhQIhgqen011SZj+eUErNztF43MlqtVoeGS0UCosWLVqwYEFzc7PneUqZIPA5c43vzzims5cGC2Ns7uLM16w2FECFoV3CZRGlLhTFCMBsq55z7o7IOpx8JqWU6pC9TsSKQqaHFrgZ94Skc1MYZbHDBW3mTGJJfkn2m2psbGQUmQIiKKIPQkRDuS1J0yi+EtiGgCc+JIl0yopQdiot0QAmcCuMlykxFikLz+qDH046XrflQvtXtoJxNtgWJkS+z+YnuAjpWZRbixcDjaTneVQ8qFwukyDFyOdBfRzsdpSJ0Q/DKR05WdCC8SIneHJeJaMsqR9pWn0vMMZ4nh8EfhiaanUqDI3ve8YoY0JD/TcmCIJcLhuGpjw+tnDhwt7e3u7u7mw2G4Y1z9OEUkqZTGYmpdM0kgV+4AeU6JkFMgQw+1++jY50wgLnQ4IPBkVh33KegWyOYWsLZrNzmeYIS0lpTpFTISmMC9oV5zMTYom/9yC5rVjf3FY4N/KS2JoN/kybmUcBYYk99VHNyHmhMMxZQBpmohLo5YQ9DKBWkQyH6bVQ1BP/CkSxxTgb5BACk5BPucQyYXuzf8sfkqx0YgmpONolIaK2HDKdD8UpZsHReQPXQFfxYE8CBkoeRnkmxevzW7AQX6tNRY8LWedWq9WqVSqYN+V5XiYT8ALzfV2rhdVaJQgCpfXhqcNKeX6gfeXVajXtqVq1Wq3WgiDIZBsOH54qD4/Mn7/gvJUXdXV15fN5ytpOi5YCilkaI2wm7KF/UYWIikf2iefPwin/17LLVAIOId9JKaVfI/FhlP5FEUt85uUXoOcYcwTGQFsBxeYK70SI3UYlCVtNlLX9wqgQDOMTZgQWFjhGJiGuCcmPb2M4NJDmw3Ytccp5jFgsatQ30YXxtFXiWzHROPVCLkSnFbGYnOKgfU/SV8o6JCWBmS0EOMUCnGJOUOlUx7NkT9ZTArkQfPAA1WokirESmw14aNILrTRIfpRcTWsdhoGJspTRAsjlctlsZnJyslqd6uzsPOOMM7q6ukhOyufz+Xyes2zkcjkqXEJaQSqTxHk0KGc8QyBm3NDxLFC8JFK8SemEJs+VNtODOgAooZG2Zlpu462r4kzQcxWkCONFZucsCYnTPlRy//nk67Qj0puiYpMjAcjlktzNUfYSsMfRxHiDEP6c1juh4VRx613oIgGHSUIezmYYOpI3qjhK8b8Ee/WFM/HD0Mq55QQ/52f7ZjypiQ8YAiheJwQvR6qD1dzcTMBDekUK80AMC+O+J2QhUyAUikAxFdNnalZ40szSt6VSadmyZcuWLWtubqYMzosWLWpoaGhqampubi4UClSOi1KWZLNZKvtHFq9ZrnYfEhKK42lKKZ1wFMbjWfEsy7pDE88KSbAVKAgfwRM9/jVWDKyBcp0nCgnRpL6bls1bKRBHtGkitS3zfQY/NuzxXxPlJmYvf6HJZAUmSnhJMqJtwEPYq0HeSFvIQ5AzVmZIfGtbWFSWCFgHEZ0gFCZEOJi6UiBeF8oGG+SMS6nLywDXeS6XKxaL3DGCOnKttDW93EgQBCyaY7e9eEXQfD7f2dm5bNmypUuXLl26tKOjo6WlhUCrWCwWi0VCMh3lUfTihSsNKGGUJbCmlNJvAgkHJWbdtMWMFaGrop0i6wA4TesayhsyU5j7Wg7mBUdlBtDx5Cx2a2LE8VzM52t8tBMSQihqIyDQabSjOzEHP9/J7SfJfLYZj7GQ+4Pem07wEyhyRMxTcSRLugGHV1xMAjBl2faweyoBXFEzIWRfYzmg8jviQcEYw6asxsZGDu0ib/impqZCoVAqlebPn9/W1tbR0dHe3t7Y2Mi6RIzuQtHTs0qG4iJ04lmdlWzfn+TTmFJKJwTZYFSr1ci+IBgCHn89zwvEcRg3OXJ5D2okGstqNzfpXXevjp18lo8Qx4XZMCMUJpQlNtG/aLSzGbSx6gAI6x3eZqNdkgJTqDpZiBGPNpbfpkpAO0SdMNkhk0fPeapwepPX+YBnMkzPoa3qlJzeKZ/Po1mLDF3k1kGKzVwuJ/L8hnH3yyP2uY5P/LtbvbNZkCmldAIRMgQ2nBuXjodpWifpxYuZmrjnCUMaI5+J60lSenfEQ4oXdTxVGqmqZsOtbIDED05rnK3ARO9NgaxO+Uw0qyxNoIrEO9FV7G3oigTHYxajkXJxf21VpxTQxcRBzSJ5BwlVnovCuFOGeLQ4iyjA6RD8U3S8Wv3xXncppXTikYlH+4RhSPBmIxHylmmdpOBBYhMasHAIf5Pj/dYnNjmP9mgUxa/E/WE8MszJ/YVeTsVzgaoEWUHAjHI5eghZzf6KOxkm5+iqY7LFrxAVNNS01HESb2G/UdLgGCt2k/DeDjZAkVrFfbdQw4EX0Tnl17hyUkrpN4TsQzyl1/Ag13EY94WkXwWoG0EMU3FjgDjDptLbeyTEMOdXzl8hk8XbTJRhWbSj4rAkQKJO+8qlNFMRVuHT+YPw0bAz3ipL+nF2w+72EcfHFlXF+DhlXLETVPzEJtypknrC0C7QC8fBlvBSSimlWVJo1f0Io/RDKtrs7BuMEBawXsiL17JS0anTi5KLU7uCgxzvFz+x6WgHsI6Uk+TqfVSPOOLNLDMdVd/eRWeOSoN3tL5Cdbo3m0bwnlm+dbpTUkrp3ZEHpbi0VXHbuHz4DfuSiOMt/yCEbFt48MRcy8f7xVNKKaWUUvrAkjCIkCGcMAhBTllGnBkjjYlnHlJxNYvtDhAefSbAlFJKKaWUUjoqEmZ1BjZh8meLCclj9eoAKJeLNhpajvcrp5RSSiml9EEmoU1Ucf8RFTeccxyOMeYIsdi2Qd72Mk8ppZRSSimlY0cCoUQ2Y0YxEsamK3UIhz1j1Q1xelTrEy3hVkoppZRSSico2YE6LK4J2xlLddN1GrkJDQko6QNmm1RWUq+UUkoppZRSOkaEmkIVCXAiB7LQW87Y2+zUJCiZ4bf8FUb2pJRSSimllNKxIAPZfTE4ldWP7NgoQn5jPpSYHAjLB2CLqSoypZRSSiml943s/EoU0WvncMCItYDyWdh5njCITQRuYwBdSimllFJKKR0jEgDG+faq1SonfUXXEg4DCDhnuciQxIDHYQTCUyXVSaaUUkoppXRMycQrjrEqEtNuIcLxzQHa0qgtkbbLzoaOst3xfvGUUkoppZQ+sIS5sZwymAJLGwJZoOLp+Gx7nXAhwRZTuS2llFJKKaVjSphwnLMf87civ7+K7GgefsG36iMV7VYpsKWUUkoppXSMiX3y2W9fRGDbSDR9J4EWpi3hn/m+X6vVbKEtRbWUUkoppZTeB2I9JIGRileqUa7yliTbBcpVeVKBclIU8MbguOP91imllFJKKf1GkPCHFCEBCpxNSLabiQHACpOsq6SqYMK6hjEEKaWUUkoppXSMSKTmJ+jBnFkqXsuN6715mLlExaOzbUmQn5fWuEkppZRSSul9I8w/wlFuXOOGLmqtCbA8zwuEIY0RLilwW0Ho2/F+2ZRSSimllD7gZFcfFd4lzrKjAaMUO4zY6blE0yLUIKWUUkoppZSOBTEYiX9F0JrIK+J5XsD/YwwBu02i24gt3qWUUkoppZTSsSMMZXOmx3L+qlarxfKS2DlKMHuyiIE73q+cUkoppZTSB5yEDz+HXNvimoqDn8ceJioS9ASSkaskCobOUO6UUkoppZRSOkbkeZ7v+5zHWGTbwjz+0/FtGLVtF7VRSlGQAEcFKEvjmVJKKaWUUkrHgjCHJMeuqQizOAwAy3DTxUBBEBy3gnIfyW0KII0tc6nVLaWUUkoppWNHKEERGCHIsTVNCHNhGAaiCYyMs9OR2M/r6enBIAHlkufwt8Jox6h7RN9LZ50dfCLJqvzy2E+EYbt9/AqdRfGi3ZozbTQeMbhCkLIMnnbcBT9U/JxbsMdNuXTNWOVBWQ6udgx/0lDju9vT5wwCSRphu46EeCOx0pwdE5ZgcY89R2J8bHdfp9+vc4Lqz1EdazSlY7XfAufI3lxJc/QuNpEwnGtX0nN8O+oYcw3xlPqbSMyRvYns+cXxEaOB7Tg74JwjbEfMkXMTOccqaWtjxUrbva7OHDkfZA+Rc7Elvd0RGV2dCRIDiA6Ds2R0zqHGfeeco9kzOtyeYiPzHHG2LDFNsUcvXbrUeYe92sSyEP22x5FuwNqnQv+JGw8HImm+6y/oJIZuryd8hP1oMdbiBU3cmJm0je1hcYJBEtAmjW2dOWIGh88Sxw7nHIkP9grDFuwG8bdJc2RPkHPukvY84wcuenuOsCSTmHc+YTgxI2mOktiEc4s6J0jFmSY2Mps54huSoNrusHMT4Z0236w/R050EVDBg8wMDgfchm2eKVEb0snW6w9vUpFkbJMH0NlIEqPDxXZERicmqz6jqz/js2R0s9lEOPW4idQsGJ0Yh/eT0SVdqTNHziH1W1paxJ7BdcbBcSq+tfgzshIxIuJmPKOJn4jnOt+KEqbYW9deBKJCXZ0u2TPEL07nAtzPYl7tQ43NvJzXZ4Y+ymcm7hRdsvtzVHPkPHw5R8YelqSZ5YQ34t25YKAYK2c7/JVzw4jOiHc3IGc45yJpddk8TqAUEufosRe8PUeiHX41vF+8FP+btInsLZO0dMWQ8qLlgWWeO8tN5JwI5yso2KQ6jvc208SmENjwjWzmZV9n8n1frFUbIE2UukKIiUe1iWbJ6Jzj47wZdWP4lReReGXMf69cjC5pEzkhFlHB3kRJTEb9mhhd0iYS/bFfAedIoKNYS0opv62tzangwlZqtZqyigsYSDspNolzM4g34SusA7GPYNwa94TWqJMTiYG2+4O/sgcXb7P9a2z+KPaJigcF2s1iZxixbBFesLPZsz/uFc6RAn7BK0ZsEpXA31HbpjFLW3yOmFfig3A/JEk/zmERHUa7sX2b84Rrc0wFLFLobOvMEY2nzdRwNeLaTlqW+Ao4kvYg12FkysUocZBxE+FaxQ4jU3Ce7gXGqAQur2DnKguAefTsicO34zxJzte0x9z5L3WAuJOYIBwEu1fvYhPNktGJNSDW6iw3kc3onOKUOkpGJ+aizg5FSwr2Cr+dJaPjTWTPkT1BPDhJ76ug7nYdRkfXA+XiO2ILJfF6A8W8nTMqZpcnWPxrHzPtRS/eGcdOWTtWxY+N4kSJnRTrQ5wZxeCydII3OH+iLSEDJ0YwODxP2Ycs+197glRcTYRzhMmvsYfOOcLVrOPHK16gdQ77eOAS3cCVh3PEZgN7C7Gzr4ozUNE+Tq52nZBs2HBODX8gO5BzSfPf+jMino7dU3GmQK+PrsjiiThfuGtssMFNJNgQ34BqQHuO8Dab0+HZyF7/Nme31xsicRAEOIBiMFF+svcpvwiNHu9Hfn3nJpoN1Wd0KPLac+RkdDh32Lc6m0gwOqdx2snoTFxnIBatSthE9hqzGZ09R2LB2JvI6UtvMzpBs2d0IiZNuc4lure3N4mN8m90XIDF/rFNT8PRVSxKe5eauA5HW2d2+61srbqYYBxHsckFExTv4tx+og/OO/Hd7V7ZfRPvaB8pxG43IBnjMrLny4DNHG8Q3RNzJG6zlyYPkdg8zgmyjyNiNJS168QcCRZgs0sVF3ScfbDXGL+aBm2qPQs2h6ozQTzgfA5ImiOby4hjKYIxvr5t0xIrjZ8u5t05R07UV8BlPM9j544jzhHih1g5dTaRc45EAWUcW7Se2ozlqObITrRkc2pmdPbuMJZSbvaMDn3T7RGwO/8eGZ2TG79HRmevTzE+NsqqWTA6XEv1GZ1gC2EYClcaJ6PzS6USPlsMnM2VmOxTTNJIORciTobNKezbxMyJHaXA5C4mWywOFRccee7FfAhtmJgb1CHYfJYv2pol0Wdx0QYAbMdGIO5qErTUMbPb8+Xc2GJ8nBZpe1U556g+xxQ9EQOiIjFO7PCkOdKW0sPZvr3exFs7L2pLxhI/sbmPsriS6ImYoDoc0L6Oalg0gopJEZtIjAM2he3b+5TvtLktqQftObKXBLEn3ET2FFBnjnYT8aN51+AGsd9dWYxONOvswGwYnXMTJTE6fIX6mwhn2WZ0YjZ1XBnjZHRONT62kMTouKvvkdGJdpyMDltI2rBiRnRPT4+zNwjXTs9Oxlsn1At8snc4QrRyGcCwSzw9ouWk05zzwCKeKNoRv7J5kPgVn/LwZrwNLR/i7cQjkLMjwIivxBzxcdu+jX9u2y1wQp1Lh74lkVRgv32otA8HdRaSeEf+rfCutseH96cw8NjDIqbbearV1qmQH2HbULFXiCVCW5uEgnWmUtxjT64Acrs/zJJ4eJ2bCMfZOUH2HNXZRMo6D4le1Z8jexNhJ8Wd2gpvUHEuX2cTqSNxMPHuOlLG1plH8dv6m8jJ6N7LJnp3jM6eaJvRCThxbiIxRzZLV3HRfzZzlLQ77F8d1Sbizv9/hST7w1p+1e4AAAAASUVORK5CYII=','2024-06-24',2),(174,'CAG-4589',2,1,1,1,20,2,5,'4',2,500,22000,22000,NULL,NULL,NULL,2,'L.K. Sarath','0714565323','3','2025-06-19','2024-12-30',NULL,27000,NULL,9,NULL,'2024-06-28',2);
/*!40000 ALTER TABLE `vehicle` ENABLE KEYS */;
UNLOCK TABLES;

--
-- Table structure for table `vehicle_status`
--

DROP TABLE IF EXISTS `vehicle_status`;
/*!40101 SET @saved_cs_client     = @@character_set_client */;
/*!50503 SET character_set_client = utf8mb4 */;
CREATE TABLE `vehicle_status` (
  `id` int NOT NULL AUTO_INCREMENT,
  `name` varchar(50) NOT NULL,
  PRIMARY KEY (`id`),
  UNIQUE KEY `name_UNIQUE` (`name`)
) ENGINE=InnoDB AUTO_INCREMENT=12 DEFAULT CHARSET=utf8mb3;
/*!40101 SET character_set_client = @saved_cs_client */;

--
-- Dumping data for table `vehicle_status`
--

LOCK TABLES `vehicle_status` WRITE;
/*!40000 ALTER TABLE `vehicle_status` DISABLE KEYS */;
INSERT INTO `vehicle_status` VALUES (1,'Available'),(6,'Damaged'),(9,'Deleted'),(4,'Dirty'),(11,'Insurance Expired'),(8,'Not Available'),(5,'On Maintenance'),(3,'On Rent'),(7,'On Repair'),(2,'Reserved'),(10,'Revenue License Expired');
/*!40000 ALTER TABLE `vehicle_status` ENABLE KEYS */;
UNLOCK TABLES;

--
-- Table structure for table `vehicle_type`
--

DROP TABLE IF EXISTS `vehicle_type`;
/*!40101 SET @saved_cs_client     = @@character_set_client */;
/*!50503 SET character_set_client = utf8mb4 */;
CREATE TABLE `vehicle_type` (
  `id` int NOT NULL AUTO_INCREMENT,
  `name` varchar(50) NOT NULL,
  PRIMARY KEY (`id`),
  UNIQUE KEY `name_UNIQUE` (`name`)
) ENGINE=InnoDB AUTO_INCREMENT=7 DEFAULT CHARSET=utf8mb3;
/*!40101 SET character_set_client = @saved_cs_client */;

--
-- Dumping data for table `vehicle_type`
--

LOCK TABLES `vehicle_type` WRITE;
/*!40000 ALTER TABLE `vehicle_type` DISABLE KEYS */;
INSERT INTO `vehicle_type` VALUES (3,'Cab/ SUV /4W'),(1,'Hatchback'),(4,'Luxury'),(2,'Sedan'),(5,'Van/ Mini Van/Bus');
/*!40000 ALTER TABLE `vehicle_type` ENABLE KEYS */;
UNLOCK TABLES;
/*!40103 SET TIME_ZONE=@OLD_TIME_ZONE */;

/*!40101 SET SQL_MODE=@OLD_SQL_MODE */;
/*!40014 SET FOREIGN_KEY_CHECKS=@OLD_FOREIGN_KEY_CHECKS */;
/*!40014 SET UNIQUE_CHECKS=@OLD_UNIQUE_CHECKS */;
/*!40101 SET CHARACTER_SET_CLIENT=@OLD_CHARACTER_SET_CLIENT */;
/*!40101 SET CHARACTER_SET_RESULTS=@OLD_CHARACTER_SET_RESULTS */;
/*!40101 SET COLLATION_CONNECTION=@OLD_COLLATION_CONNECTION */;
/*!40111 SET SQL_NOTES=@OLD_SQL_NOTES */;

-- Dump completed on 2025-08-29 22:40:32
